Nodo,Variable,Original,Residual_ajustado,Clase_estable
1,Altura,Coldspot,Sin_clasificar,FALSE
2,Altura,Coldspot,Sin_clasificar,FALSE
3,Altura,Sin_clasificar,Sin_clasificar,TRUE
4,Altura,Sin_clasificar,Sin_clasificar,TRUE
5,Altura,Sin_clasificar,Sin_clasificar,TRUE
6,Altura,Sin_clasificar,Sin_clasificar,TRUE
7,Altura,Sin_clasificar,Sin_clasificar,TRUE
8,Altura,Sin_clasificar,Sin_clasificar,TRUE
9,Altura,Sin_clasificar,Sin_clasificar,TRUE
10,Altura,Sin_clasificar,Sin_clasificar,TRUE
11,Altura,Sin_clasificar,Sin_clasificar,TRUE
12,Altura,Sin_clasificar,Sin_clasificar,TRUE
13,Altura,Sin_clasificar,Sin_clasificar,TRUE
14,Altura,Hotspot,Sin_clasificar,FALSE
15,Altura,Hotspot,Sin_clasificar,FALSE
16,Altura,Sin_clasificar,Sin_clasificar,TRUE
17,Altura,Sin_clasificar,Sin_clasificar,TRUE
18,Altura,Sin_clasificar,Sin_clasificar,TRUE
19,Altura,Sin_clasificar,Sin_clasificar,TRUE
20,Altura,Sin_clasificar,Sin_clasificar,TRUE
21,Altura,Sin_clasificar,Sin_clasificar,TRUE
22,Altura,Sin_clasificar,Sin_clasificar,TRUE
23,Altura,Sin_clasificar,Sin_clasificar,TRUE
24,Altura,Sin_clasificar,Sin_clasificar,TRUE
25,Altura,Sin_clasificar,Sin_clasificar,TRUE
26,Altura,Sin_clasificar,Sin_clasificar,TRUE
27,Altura,Sin_clasificar,Sin_clasificar,TRUE
28,Altura,Sin_clasificar,Sin_clasificar,TRUE
29,Altura,Sin_clasificar,Sin_clasificar,TRUE
30,Altura,Sin_clasificar,Sin_clasificar,TRUE
31,Altura,Sin_clasificar,Sin_clasificar,TRUE
32,Altura,Sin_clasificar,Sin_clasificar,TRUE
33,Altura,Sin_clasificar,Sin_clasificar,TRUE
34,Altura,Sin_clasificar,Sin_clasificar,TRUE
35,Altura,Sin_clasificar,Sin_clasificar,TRUE
36,Altura,Sin_clasificar,Sin_clasificar,TRUE
37,Altura,Sin_clasificar,Sin_clasificar,TRUE
38,Altura,Sin_clasificar,Sin_clasificar,TRUE
39,Altura,Sin_clasificar,Sin_clasificar,TRUE
40,Altura,Sin_clasificar,Sin_clasificar,TRUE
41,Altura,Sin_clasificar,Sin_clasificar,TRUE
42,Altura,Hotspot,Sin_clasificar,FALSE
43,Altura,Hotspot,Sin_clasificar,FALSE
44,Altura,Hotspot,Sin_clasificar,FALSE
45,Altura,Sin_clasificar,Sin_clasificar,TRUE
46,Altura,Sin_clasificar,Sin_clasificar,TRUE
47,Altura,Sin_clasificar,Sin_clasificar,TRUE
48,Altura,Sin_clasificar,Sin_clasificar,TRUE
49,Altura,Sin_clasificar,Sin_clasificar,TRUE
50,Altura,Sin_clasificar,Sin_clasificar,TRUE
51,Altura,Sin_clasificar,Coldspot,FALSE
52,Altura,Sin_clasificar,Sin_clasificar,TRUE
53,Altura,Sin_clasificar,Sin_clasificar,TRUE
54,Altura,Sin_clasificar,Sin_clasificar,TRUE
55,Altura,Sin_clasificar,Sin_clasificar,TRUE
56,Altura,Sin_clasificar,Sin_clasificar,TRUE
1,Calcio_savia,Coldspot,Sin_clasificar,FALSE
2,Calcio_savia,Coldspot,Sin_clasificar,FALSE
3,Calcio_savia,Coldspot,Sin_clasificar,FALSE
4,Calcio_savia,Sin_clasificar,Sin_clasificar,TRUE
5,Calcio_savia,Sin_clasificar,Sin_clasificar,TRUE
6,Calcio_savia,Sin_clasificar,Sin_clasificar,TRUE
7,Calcio_savia,Sin_clasificar,Sin_clasificar,TRUE
8,Calcio_savia,Sin_clasificar,Sin_clasificar,TRUE
9,Calcio_savia,Sin_clasificar,Sin_clasificar,TRUE
10,Calcio_savia,Sin_clasificar,Sin_clasificar,TRUE
11,Calcio_savia,Hotspot,Sin_clasificar,FALSE
12,Calcio_savia,Hotspot,Sin_clasificar,FALSE
13,Calcio_savia,Hotspot,Sin_clasificar,FALSE
14,Calcio_savia,Sin_clasificar,Sin_clasificar,TRUE
15,Calcio_savia,Sin_clasificar,Sin_clasificar,TRUE
16,Calcio_savia,Sin_clasificar,Sin_clasificar,TRUE
17,Calcio_savia,Hotspot,Sin_clasificar,FALSE
18,Calcio_savia,Hotspot,Sin_clasificar,FALSE
19,Calcio_savia,Hotspot,Sin_clasificar,FALSE
20,Calcio_savia,Sin_clasificar,Sin_clasificar,TRUE
21,Calcio_savia,Sin_clasificar,Sin_clasificar,TRUE
22,Calcio_savia,Sin_clasificar,Sin_clasificar,TRUE
23,Calcio_savia,Sin_clasificar,Sin_clasificar,TRUE
24,Calcio_savia,Sin_clasificar,Sin_clasificar,TRUE
25,Calcio_savia,Sin_clasificar,Sin_clasificar,TRUE
26,Calcio_savia,Coldspot,Sin_clasificar,FALSE
27,Calcio_savia,Coldspot,Sin_clasificar,FALSE
28,Calcio_savia,Coldspot,Sin_clasificar,FALSE
29,Calcio_savia,Coldspot,Sin_clasificar,FALSE
30,Calcio_savia,Coldspot,Sin_clasificar,FALSE
31,Calcio_savia,Coldspot,Sin_clasificar,FALSE
32,Calcio_savia,Sin_clasificar,Sin_clasificar,TRUE
33,Calcio_savia,Sin_clasificar,Sin_clasificar,TRUE
34,Calcio_savia,Sin_clasificar,Sin_clasificar,TRUE
35,Calcio_savia,Sin_clasificar,Sin_clasificar,TRUE
36,Calcio_savia,Sin_clasificar,Sin_clasificar,TRUE
37,Calcio_savia,Sin_clasificar,Sin_clasificar,TRUE
38,Calcio_savia,Hotspot,Sin_clasificar,FALSE
39,Calcio_savia,Hotspot,Sin_clasificar,FALSE
40,Calcio_savia,Hotspot,Sin_clasificar,FALSE
41,Calcio_savia,Sin_clasificar,Sin_clasificar,TRUE
42,Calcio_savia,Sin_clasificar,Sin_clasificar,TRUE
43,Calcio_savia,Sin_clasificar,Sin_clasificar,TRUE
44,Calcio_savia,Sin_clasificar,Sin_clasificar,TRUE
45,Calcio_savia,Sin_clasificar,Sin_clasificar,TRUE
46,Calcio_savia,Hotspot,Sin_clasificar,FALSE
47,Calcio_savia,Hotspot,Sin_clasificar,FALSE
48,Calcio_savia,Sin_clasificar,Sin_clasificar,TRUE
49,Calcio_savia,Sin_clasificar,Sin_clasificar,TRUE
50,Calcio_savia,Sin_clasificar,Sin_clasificar,TRUE
51,Calcio_savia,Sin_clasificar,Sin_clasificar,TRUE
52,Calcio_savia,Sin_clasificar,Sin_clasificar,TRUE
53,Calcio_savia,Coldspot,Sin_clasificar,FALSE
54,Calcio_savia,Coldspot,Sin_clasificar,FALSE
55,Calcio_savia,Coldspot,Sin_clasificar,FALSE
56,Calcio_savia,Coldspot,Sin_clasificar,FALSE
1,Diametro,Sin_clasificar,Sin_clasificar,TRUE
2,Diametro,Sin_clasificar,Sin_clasificar,TRUE
3,Diametro,Sin_clasificar,Sin_clasificar,TRUE
4,Diametro,Sin_clasificar,Sin_clasificar,TRUE
5,Diametro,Sin_clasificar,Sin_clasificar,TRUE
6,Diametro,Sin_clasificar,Sin_clasificar,TRUE
7,Diametro,Sin_clasificar,Sin_clasificar,TRUE
8,Diametro,Sin_clasificar,Sin_clasificar,TRUE
9,Diametro,Sin_clasificar,Sin_clasificar,TRUE
10,Diametro,Sin_clasificar,Sin_clasificar,TRUE
11,Diametro,Sin_clasificar,Sin_clasificar,TRUE
12,Diametro,Sin_clasificar,Sin_clasificar,TRUE
13,Diametro,Sin_clasificar,Sin_clasificar,TRUE
14,Diametro,Sin_clasificar,Sin_clasificar,TRUE
15,Diametro,Sin_clasificar,Sin_clasificar,TRUE
16,Diametro,Sin_clasificar,Sin_clasificar,TRUE
17,Diametro,Sin_clasificar,Sin_clasificar,TRUE
18,Diametro,Sin_clasificar,Sin_clasificar,TRUE
19,Diametro,Sin_clasificar,Sin_clasificar,TRUE
20,Diametro,Sin_clasificar,Sin_clasificar,TRUE
21,Diametro,Sin_clasificar,Sin_clasificar,TRUE
22,Diametro,Sin_clasificar,Sin_clasificar,TRUE
23,Diametro,Sin_clasificar,Sin_clasificar,TRUE
24,Diametro,Coldspot,Sin_clasificar,FALSE
25,Diametro,Sin_clasificar,Sin_clasificar,TRUE
26,Diametro,Sin_clasificar,Sin_clasificar,TRUE
27,Diametro,Sin_clasificar,Sin_clasificar,TRUE
28,Diametro,Sin_clasificar,Sin_clasificar,TRUE
29,Diametro,Sin_clasificar,Sin_clasificar,TRUE
30,Diametro,Sin_clasificar,Sin_clasificar,TRUE
31,Diametro,Sin_clasificar,Sin_clasificar,TRUE
32,Diametro,Sin_clasificar,Sin_clasificar,TRUE
33,Diametro,Coldspot,Sin_clasificar,FALSE
34,Diametro,Sin_clasificar,Sin_clasificar,TRUE
35,Diametro,Sin_clasificar,Sin_clasificar,TRUE
36,Diametro,Sin_clasificar,Coldspot,FALSE
37,Diametro,Sin_clasificar,Sin_clasificar,TRUE
38,Diametro,Sin_clasificar,Sin_clasificar,TRUE
39,Diametro,Sin_clasificar,Sin_clasificar,TRUE
40,Diametro,Sin_clasificar,Sin_clasificar,TRUE
41,Diametro,Sin_clasificar,Sin_clasificar,TRUE
42,Diametro,Sin_clasificar,Sin_clasificar,TRUE
43,Diametro,Sin_clasificar,Sin_clasificar,TRUE
44,Diametro,Sin_clasificar,Sin_clasificar,TRUE
45,Diametro,Sin_clasificar,Sin_clasificar,TRUE
46,Diametro,Sin_clasificar,Sin_clasificar,TRUE
47,Diametro,Sin_clasificar,Sin_clasificar,TRUE
48,Diametro,Coldspot,Coldspot,TRUE
49,Diametro,Sin_clasificar,Sin_clasificar,TRUE
50,Diametro,Sin_clasificar,Sin_clasificar,TRUE
51,Diametro,Sin_clasificar,Sin_clasificar,TRUE
52,Diametro,Sin_clasificar,Sin_clasificar,TRUE
53,Diametro,Sin_clasificar,Sin_clasificar,TRUE
54,Diametro,Sin_clasificar,Sin_clasificar,TRUE
55,Diametro,Sin_clasificar,Sin_clasificar,TRUE
56,Diametro,Sin_clasificar,Sin_clasificar,TRUE
1,Macollas,Sin_clasificar,Sin_clasificar,TRUE
2,Macollas,Sin_clasificar,Sin_clasificar,TRUE
3,Macollas,Sin_clasificar,Sin_clasificar,TRUE
4,Macollas,Sin_clasificar,Sin_clasificar,TRUE
5,Macollas,Sin_clasificar,Sin_clasificar,TRUE
6,Macollas,Sin_clasificar,Sin_clasificar,TRUE
7,Macollas,Sin_clasificar,Sin_clasificar,TRUE
8,Macollas,Sin_clasificar,Sin_clasificar,TRUE
9,Macollas,Sin_clasificar,Sin_clasificar,TRUE
10,Macollas,Coldspot,Sin_clasificar,FALSE
11,Macollas,Sin_clasificar,Sin_clasificar,TRUE
12,Macollas,Sin_clasificar,Sin_clasificar,TRUE
13,Macollas,Sin_clasificar,Sin_clasificar,TRUE
14,Macollas,Sin_clasificar,Sin_clasificar,TRUE
15,Macollas,Sin_clasificar,Sin_clasificar,TRUE
16,Macollas,Sin_clasificar,Sin_clasificar,TRUE
17,Macollas,Sin_clasificar,Sin_clasificar,TRUE
18,Macollas,Sin_clasificar,Sin_clasificar,TRUE
19,Macollas,Sin_clasificar,Sin_clasificar,TRUE
20,Macollas,Coldspot,Sin_clasificar,FALSE
21,Macollas,Sin_clasificar,Sin_clasificar,TRUE
22,Macollas,Sin_clasificar,Sin_clasificar,TRUE
23,Macollas,Sin_clasificar,Sin_clasificar,TRUE
24,Macollas,Sin_clasificar,Sin_clasificar,TRUE
25,Macollas,Sin_clasificar,Sin_clasificar,TRUE
26,Macollas,Sin_clasificar,Sin_clasificar,TRUE
27,Macollas,Hotspot,Sin_clasificar,FALSE
28,Macollas,Hotspot,Sin_clasificar,FALSE
29,Macollas,Hotspot,Hotspot,TRUE
30,Macollas,Hotspot,Sin_clasificar,FALSE
31,Macollas,Hotspot,Sin_clasificar,FALSE
32,Macollas,Sin_clasificar,Sin_clasificar,TRUE
33,Macollas,Sin_clasificar,Sin_clasificar,TRUE
34,Macollas,Sin_clasificar,Sin_clasificar,TRUE
35,Macollas,Sin_clasificar,Sin_clasificar,TRUE
36,Macollas,Sin_clasificar,Sin_clasificar,TRUE
37,Macollas,Sin_clasificar,Sin_clasificar,TRUE
38,Macollas,Coldspot,Sin_clasificar,FALSE
39,Macollas,Coldspot,Sin_clasificar,FALSE
40,Macollas,Sin_clasificar,Sin_clasificar,TRUE
41,Macollas,Sin_clasificar,Sin_clasificar,TRUE
42,Macollas,Sin_clasificar,Sin_clasificar,TRUE
43,Macollas,Sin_clasificar,Sin_clasificar,TRUE
44,Macollas,Sin_clasificar,Sin_clasificar,TRUE
45,Macollas,Sin_clasificar,Sin_clasificar,TRUE
46,Macollas,Coldspot,Sin_clasificar,FALSE
47,Macollas,Coldspot,Sin_clasificar,FALSE
48,Macollas,Coldspot,Sin_clasificar,FALSE
49,Macollas,Sin_clasificar,Sin_clasificar,TRUE
50,Macollas,Sin_clasificar,Sin_clasificar,TRUE
51,Macollas,Sin_clasificar,Sin_clasificar,TRUE
52,Macollas,Sin_clasificar,Sin_clasificar,TRUE
53,Macollas,Hotspot,Sin_clasificar,FALSE
54,Macollas,Hotspot,Hotspot,TRUE
55,Macollas,Hotspot,Hotspot,TRUE
56,Macollas,Hotspot,Hotspot,TRUE
1,NDVI,Sin_clasificar,Sin_clasificar,TRUE
2,NDVI,Sin_clasificar,Sin_clasificar,TRUE
3,NDVI,Sin_clasificar,Sin_clasificar,TRUE
4,NDVI,Sin_clasificar,Sin_clasificar,TRUE
5,NDVI,Coldspot,Sin_clasificar,FALSE
6,NDVI,Sin_clasificar,Sin_clasificar,TRUE
7,NDVI,Sin_clasificar,Sin_clasificar,TRUE
8,NDVI,Sin_clasificar,Sin_clasificar,TRUE
9,NDVI,Sin_clasificar,Sin_clasificar,TRUE
10,NDVI,Sin_clasificar,Sin_clasificar,TRUE
11,NDVI,Sin_clasificar,Sin_clasificar,TRUE
12,NDVI,Sin_clasificar,Sin_clasificar,TRUE
13,NDVI,Sin_clasificar,Sin_clasificar,TRUE
14,NDVI,Sin_clasificar,Sin_clasificar,TRUE
15,NDVI,Sin_clasificar,Sin_clasificar,TRUE
16,NDVI,Sin_clasificar,Sin_clasificar,TRUE
17,NDVI,Sin_clasificar,Sin_clasificar,TRUE
18,NDVI,Sin_clasificar,Sin_clasificar,TRUE
19,NDVI,Sin_clasificar,Sin_clasificar,TRUE
20,NDVI,Sin_clasificar,Sin_clasificar,TRUE
21,NDVI,Sin_clasificar,Sin_clasificar,TRUE
22,NDVI,Sin_clasificar,Sin_clasificar,TRUE
23,NDVI,Sin_clasificar,Sin_clasificar,TRUE
24,NDVI,Sin_clasificar,Sin_clasificar,TRUE
25,NDVI,Coldspot,Sin_clasificar,FALSE
26,NDVI,Sin_clasificar,Sin_clasificar,TRUE
27,NDVI,Sin_clasificar,Sin_clasificar,TRUE
28,NDVI,Sin_clasificar,Hotspot,FALSE
29,NDVI,Sin_clasificar,Hotspot,FALSE
30,NDVI,Sin_clasificar,Hotspot,FALSE
31,NDVI,Sin_clasificar,Sin_clasificar,TRUE
32,NDVI,Sin_clasificar,Sin_clasificar,TRUE
33,NDVI,Coldspot,Coldspot,TRUE
34,NDVI,Sin_clasificar,Sin_clasificar,TRUE
35,NDVI,Sin_clasificar,Coldspot,FALSE
36,NDVI,Sin_clasificar,Sin_clasificar,TRUE
37,NDVI,Sin_clasificar,Sin_clasificar,TRUE
38,NDVI,Sin_clasificar,Sin_clasificar,TRUE
39,NDVI,Sin_clasificar,Hotspot,FALSE
40,NDVI,Sin_clasificar,Sin_clasificar,TRUE
41,NDVI,Sin_clasificar,Sin_clasificar,TRUE
42,NDVI,Sin_clasificar,Sin_clasificar,TRUE
43,NDVI,Sin_clasificar,Sin_clasificar,TRUE
44,NDVI,Sin_clasificar,Sin_clasificar,TRUE
45,NDVI,Sin_clasificar,Sin_clasificar,TRUE
46,NDVI,Sin_clasificar,Sin_clasificar,TRUE
47,NDVI,Sin_clasificar,Sin_clasificar,TRUE
48,NDVI,Sin_clasificar,Sin_clasificar,TRUE
49,NDVI,Sin_clasificar,Sin_clasificar,TRUE
50,NDVI,Sin_clasificar,Sin_clasificar,TRUE
51,NDVI,Sin_clasificar,Coldspot,FALSE
52,NDVI,Coldspot,Coldspot,TRUE
53,NDVI,Sin_clasificar,Sin_clasificar,TRUE
54,NDVI,Sin_clasificar,Sin_clasificar,TRUE
55,NDVI,Sin_clasificar,Hotspot,FALSE
56,NDVI,Sin_clasificar,Hotspot,FALSE
1,Nitratos,Sin_clasificar,Sin_clasificar,TRUE
2,Nitratos,Sin_clasificar,Sin_clasificar,TRUE
3,Nitratos,Sin_clasificar,Sin_clasificar,TRUE
4,Nitratos,Sin_clasificar,Sin_clasificar,TRUE
5,Nitratos,Sin_clasificar,Sin_clasificar,TRUE
6,Nitratos,Sin_clasificar,Sin_clasificar,TRUE
7,Nitratos,Sin_clasificar,Sin_clasificar,TRUE
8,Nitratos,Sin_clasificar,Sin_clasificar,TRUE
9,Nitratos,Sin_clasificar,Sin_clasificar,TRUE
10,Nitratos,Sin_clasificar,Sin_clasificar,TRUE
11,Nitratos,Sin_clasificar,Sin_clasificar,TRUE
12,Nitratos,Sin_clasificar,Sin_clasificar,TRUE
13,Nitratos,Sin_clasificar,Sin_clasificar,TRUE
14,Nitratos,Sin_clasificar,Sin_clasificar,TRUE
15,Nitratos,Sin_clasificar,Sin_clasificar,TRUE
16,Nitratos,Sin_clasificar,Sin_clasificar,TRUE
17,Nitratos,Hotspot,Sin_clasificar,FALSE
18,Nitratos,Sin_clasificar,Sin_clasificar,TRUE
19,Nitratos,Sin_clasificar,Sin_clasificar,TRUE
20,Nitratos,Sin_clasificar,Sin_clasificar,TRUE
21,Nitratos,Sin_clasificar,Sin_clasificar,TRUE
22,Nitratos,Sin_clasificar,Sin_clasificar,TRUE
23,Nitratos,Sin_clasificar,Sin_clasificar,TRUE
24,Nitratos,Sin_clasificar,Sin_clasificar,TRUE
25,Nitratos,Sin_clasificar,Sin_clasificar,TRUE
26,Nitratos,Sin_clasificar,Sin_clasificar,TRUE
27,Nitratos,Sin_clasificar,Sin_clasificar,TRUE
28,Nitratos,Coldspot,Sin_clasificar,FALSE
29,Nitratos,Coldspot,Sin_clasificar,FALSE
30,Nitratos,Sin_clasificar,Sin_clasificar,TRUE
31,Nitratos,Sin_clasificar,Sin_clasificar,TRUE
32,Nitratos,Sin_clasificar,Sin_clasificar,TRUE
33,Nitratos,Hotspot,Sin_clasificar,FALSE
34,Nitratos,Sin_clasificar,Sin_clasificar,TRUE
35,Nitratos,Sin_clasificar,Sin_clasificar,TRUE
36,Nitratos,Sin_clasificar,Sin_clasificar,TRUE
37,Nitratos,Sin_clasificar,Sin_clasificar,TRUE
38,Nitratos,Sin_clasificar,Sin_clasificar,TRUE
39,Nitratos,Sin_clasificar,Sin_clasificar,TRUE
40,Nitratos,Sin_clasificar,Sin_clasificar,TRUE
41,Nitratos,Sin_clasificar,Sin_clasificar,TRUE
42,Nitratos,Sin_clasificar,Sin_clasificar,TRUE
43,Nitratos,Sin_clasificar,Sin_clasificar,TRUE
44,Nitratos,Sin_clasificar,Sin_clasificar,TRUE
45,Nitratos,Sin_clasificar,Sin_clasificar,TRUE
46,Nitratos,Sin_clasificar,Sin_clasificar,TRUE
47,Nitratos,Sin_clasificar,Sin_clasificar,TRUE
48,Nitratos,Sin_clasificar,Sin_clasificar,TRUE
49,Nitratos,Sin_clasificar,Sin_clasificar,TRUE
50,Nitratos,Sin_clasificar,Sin_clasificar,TRUE
51,Nitratos,Sin_clasificar,Sin_clasificar,TRUE
52,Nitratos,Sin_clasificar,Sin_clasificar,TRUE
53,Nitratos,Hotspot,Sin_clasificar,FALSE
54,Nitratos,Sin_clasificar,Sin_clasificar,TRUE
55,Nitratos,Sin_clasificar,Sin_clasificar,TRUE
56,Nitratos,Coldspot,Sin_clasificar,FALSE
1,Potasio_savia,Coldspot,Sin_clasificar,FALSE
2,Potasio_savia,Coldspot,Sin_clasificar,FALSE
3,Potasio_savia,Sin_clasificar,Sin_clasificar,TRUE
4,Potasio_savia,Sin_clasificar,Sin_clasificar,TRUE
5,Potasio_savia,Sin_clasificar,Sin_clasificar,TRUE
6,Potasio_savia,Sin_clasificar,Sin_clasificar,TRUE
7,Potasio_savia,Sin_clasificar,Sin_clasificar,TRUE
8,Potasio_savia,Sin_clasificar,Sin_clasificar,TRUE
9,Potasio_savia,Sin_clasificar,Sin_clasificar,TRUE
10,Potasio_savia,Sin_clasificar,Sin_clasificar,TRUE
11,Potasio_savia,Sin_clasificar,Sin_clasificar,TRUE
12,Potasio_savia,Sin_clasificar,Sin_clasificar,TRUE
13,Potasio_savia,Sin_clasificar,Sin_clasificar,TRUE
14,Potasio_savia,Sin_clasificar,Sin_clasificar,TRUE
15,Potasio_savia,Hotspot,Sin_clasificar,FALSE
16,Potasio_savia,Sin_clasificar,Sin_clasificar,TRUE
17,Potasio_savia,Hotspot,Sin_clasificar,FALSE
18,Potasio_savia,Sin_clasificar,Sin_clasificar,TRUE
19,Potasio_savia,Sin_clasificar,Sin_clasificar,TRUE
20,Potasio_savia,Sin_clasificar,Hotspot,FALSE
21,Potasio_savia,Sin_clasificar,Sin_clasificar,TRUE
22,Potasio_savia,Sin_clasificar,Sin_clasificar,TRUE
23,Potasio_savia,Sin_clasificar,Sin_clasificar,TRUE
24,Potasio_savia,Sin_clasificar,Sin_clasificar,TRUE
25,Potasio_savia,Sin_clasificar,Sin_clasificar,TRUE
26,Potasio_savia,Sin_clasificar,Sin_clasificar,TRUE
27,Potasio_savia,Coldspot,Sin_clasificar,FALSE
28,Potasio_savia,Coldspot,Sin_clasificar,FALSE
29,Potasio_savia,Coldspot,Sin_clasificar,FALSE
30,Potasio_savia,Sin_clasificar,Sin_clasificar,TRUE
31,Potasio_savia,Sin_clasificar,Sin_clasificar,TRUE
32,Potasio_savia,Sin_clasificar,Hotspot,FALSE
33,Potasio_savia,Sin_clasificar,Sin_clasificar,TRUE
34,Potasio_savia,Sin_clasificar,Sin_clasificar,TRUE
35,Potasio_savia,Sin_clasificar,Sin_clasificar,TRUE
36,Potasio_savia,Sin_clasificar,Sin_clasificar,TRUE
37,Potasio_savia,Hotspot,Hotspot,TRUE
38,Potasio_savia,Sin_clasificar,Sin_clasificar,TRUE
39,Potasio_savia,Sin_clasificar,Sin_clasificar,TRUE
40,Potasio_savia,Sin_clasificar,Sin_clasificar,TRUE
41,Potasio_savia,Hotspot,Sin_clasificar,FALSE
42,Potasio_savia,Hotspot,Sin_clasificar,FALSE
43,Potasio_savia,Hotspot,Sin_clasificar,FALSE
44,Potasio_savia,Sin_clasificar,Sin_clasificar,TRUE
45,Potasio_savia,Sin_clasificar,Sin_clasificar,TRUE
46,Potasio_savia,Sin_clasificar,Sin_clasificar,TRUE
47,Potasio_savia,Sin_clasificar,Coldspot,FALSE
48,Potasio_savia,Sin_clasificar,Sin_clasificar,TRUE
49,Potasio_savia,Sin_clasificar,Sin_clasificar,TRUE
50,Potasio_savia,Sin_clasificar,Sin_clasificar,TRUE
51,Potasio_savia,Sin_clasificar,Coldspot,FALSE
52,Potasio_savia,Sin_clasificar,Sin_clasificar,TRUE
53,Potasio_savia,Sin_clasificar,Sin_clasificar,TRUE
54,Potasio_savia,Sin_clasificar,Sin_clasificar,TRUE
55,Potasio_savia,Sin_clasificar,Sin_clasificar,TRUE
56,Potasio_savia,Coldspot,Sin_clasificar,FALSE
1,Suelo_CE,Hotspot,Hotspot,TRUE
2,Suelo_CE,Hotspot,Hotspot,TRUE
3,Suelo_CE,Hotspot,Sin_clasificar,FALSE
4,Suelo_CE,Hotspot,Sin_clasificar,FALSE
5,Suelo_CE,Sin_clasificar,Sin_clasificar,TRUE
6,Suelo_CE,Sin_clasificar,Sin_clasificar,TRUE
7,Suelo_CE,Sin_clasificar,Coldspot,FALSE
8,Suelo_CE,Coldspot,Coldspot,TRUE
9,Suelo_CE,Coldspot,Coldspot,TRUE
10,Suelo_CE,Coldspot,Coldspot,TRUE
11,Suelo_CE,Coldspot,Coldspot,TRUE
12,Suelo_CE,Coldspot,Coldspot,TRUE
13,Suelo_CE,Coldspot,Sin_clasificar,FALSE
14,Suelo_CE,Sin_clasificar,Sin_clasificar,TRUE
15,Suelo_CE,Sin_clasificar,Sin_clasificar,TRUE
16,Suelo_CE,Sin_clasificar,Sin_clasificar,TRUE
17,Suelo_CE,Coldspot,Sin_clasificar,FALSE
18,Suelo_CE,Coldspot,Sin_clasificar,FALSE
19,Suelo_CE,Sin_clasificar,Sin_clasificar,TRUE
20,Suelo_CE,Coldspot,Coldspot,TRUE
21,Suelo_CE,Sin_clasificar,Sin_clasificar,TRUE
22,Suelo_CE,Sin_clasificar,Sin_clasificar,TRUE
23,Suelo_CE,Sin_clasificar,Sin_clasificar,TRUE
24,Suelo_CE,Sin_clasificar,Sin_clasificar,TRUE
25,Suelo_CE,Sin_clasificar,Sin_clasificar,TRUE
26,Suelo_CE,Hotspot,Sin_clasificar,FALSE
27,Suelo_CE,Hotspot,Sin_clasificar,FALSE
28,Suelo_CE,Hotspot,Sin_clasificar,FALSE
29,Suelo_CE,Hotspot,Sin_clasificar,FALSE
30,Suelo_CE,Hotspot,Sin_clasificar,FALSE
31,Suelo_CE,Sin_clasificar,Sin_clasificar,TRUE
32,Suelo_CE,Sin_clasificar,Sin_clasificar,TRUE
33,Suelo_CE,Sin_clasificar,Sin_clasificar,TRUE
34,Suelo_CE,Sin_clasificar,Sin_clasificar,TRUE
35,Suelo_CE,Sin_clasificar,Sin_clasificar,TRUE
36,Suelo_CE,Sin_clasificar,Sin_clasificar,TRUE
37,Suelo_CE,Coldspot,Sin_clasificar,FALSE
38,Suelo_CE,Sin_clasificar,Hotspot,FALSE
39,Suelo_CE,Sin_clasificar,Hotspot,FALSE
40,Suelo_CE,Sin_clasificar,Sin_clasificar,TRUE
41,Suelo_CE,Sin_clasificar,Sin_clasificar,TRUE
42,Suelo_CE,Sin_clasificar,Sin_clasificar,TRUE
43,Suelo_CE,Sin_clasificar,Sin_clasificar,TRUE
44,Suelo_CE,Sin_clasificar,Sin_clasificar,TRUE
45,Suelo_CE,Sin_clasificar,Hotspot,FALSE
46,Suelo_CE,Sin_clasificar,Hotspot,FALSE
47,Suelo_CE,Sin_clasificar,Hotspot,FALSE
48,Suelo_CE,Sin_clasificar,Sin_clasificar,TRUE
49,Suelo_CE,Sin_clasificar,Sin_clasificar,TRUE
50,Suelo_CE,Sin_clasificar,Sin_clasificar,TRUE
51,Suelo_CE,Sin_clasificar,Sin_clasificar,TRUE
52,Suelo_CE,Sin_clasificar,Sin_clasificar,TRUE
53,Suelo_CE,Sin_clasificar,Coldspot,FALSE
54,Suelo_CE,Sin_clasificar,Coldspot,FALSE
55,Suelo_CE,Hotspot,Sin_clasificar,FALSE
56,Suelo_CE,Hotspot,Sin_clasificar,FALSE
1,Suelo_CE_corregida_OLS,Hotspot,Hotspot,TRUE
2,Suelo_CE_corregida_OLS,Hotspot,Hotspot,TRUE
3,Suelo_CE_corregida_OLS,Hotspot,Sin_clasificar,FALSE
4,Suelo_CE_corregida_OLS,Hotspot,Sin_clasificar,FALSE
5,Suelo_CE_corregida_OLS,Sin_clasificar,Sin_clasificar,TRUE
6,Suelo_CE_corregida_OLS,Sin_clasificar,Sin_clasificar,TRUE
7,Suelo_CE_corregida_OLS,Sin_clasificar,Coldspot,FALSE
8,Suelo_CE_corregida_OLS,Coldspot,Coldspot,TRUE
9,Suelo_CE_corregida_OLS,Coldspot,Coldspot,TRUE
10,Suelo_CE_corregida_OLS,Coldspot,Coldspot,TRUE
11,Suelo_CE_corregida_OLS,Coldspot,Sin_clasificar,FALSE
12,Suelo_CE_corregida_OLS,Coldspot,Coldspot,TRUE
13,Suelo_CE_corregida_OLS,Coldspot,Sin_clasificar,FALSE
14,Suelo_CE_corregida_OLS,Sin_clasificar,Sin_clasificar,TRUE
15,Suelo_CE_corregida_OLS,Sin_clasificar,Sin_clasificar,TRUE
16,Suelo_CE_corregida_OLS,Sin_clasificar,Sin_clasificar,TRUE
17,Suelo_CE_corregida_OLS,Coldspot,Sin_clasificar,FALSE
18,Suelo_CE_corregida_OLS,Coldspot,Sin_clasificar,FALSE
19,Suelo_CE_corregida_OLS,Sin_clasificar,Sin_clasificar,TRUE
20,Suelo_CE_corregida_OLS,Coldspot,Coldspot,TRUE
21,Suelo_CE_corregida_OLS,Sin_clasificar,Sin_clasificar,TRUE
22,Suelo_CE_corregida_OLS,Sin_clasificar,Sin_clasificar,TRUE
23,Suelo_CE_corregida_OLS,Sin_clasificar,Sin_clasificar,TRUE
24,Suelo_CE_corregida_OLS,Sin_clasificar,Sin_clasificar,TRUE
25,Suelo_CE_corregida_OLS,Sin_clasificar,Sin_clasificar,TRUE
26,Suelo_CE_corregida_OLS,Hotspot,Sin_clasificar,FALSE
27,Suelo_CE_corregida_OLS,Hotspot,Sin_clasificar,FALSE
28,Suelo_CE_corregida_OLS,Hotspot,Sin_clasificar,FALSE
29,Suelo_CE_corregida_OLS,Hotspot,Sin_clasificar,FALSE
30,Suelo_CE_corregida_OLS,Hotspot,Sin_clasificar,FALSE
31,Suelo_CE_corregida_OLS,Sin_clasificar,Sin_clasificar,TRUE
32,Suelo_CE_corregida_OLS,Sin_clasificar,Sin_clasificar,TRUE
33,Suelo_CE_corregida_OLS,Sin_clasificar,Sin_clasificar,TRUE
34,Suelo_CE_corregida_OLS,Sin_clasificar,Sin_clasificar,TRUE
35,Suelo_CE_corregida_OLS,Sin_clasificar,Sin_clasificar,TRUE
36,Suelo_CE_corregida_OLS,Sin_clasificar,Sin_clasificar,TRUE
37,Suelo_CE_corregida_OLS,Coldspot,Coldspot,TRUE
38,Suelo_CE_corregida_OLS,Sin_clasificar,Hotspot,FALSE
39,Suelo_CE_corregida_OLS,Sin_clasificar,Hotspot,FALSE
40,Suelo_CE_corregida_OLS,Sin_clasificar,Sin_clasificar,TRUE
41,Suelo_CE_corregida_OLS,Sin_clasificar,Sin_clasificar,TRUE
42,Suelo_CE_corregida_OLS,Sin_clasificar,Sin_clasificar,TRUE
43,Suelo_CE_corregida_OLS,Sin_clasificar,Sin_clasificar,TRUE
44,Suelo_CE_corregida_OLS,Sin_clasificar,Sin_clasificar,TRUE
45,Suelo_CE_corregida_OLS,Sin_clasificar,Hotspot,FALSE
46,Suelo_CE_corregida_OLS,Sin_clasificar,Hotspot,FALSE
47,Suelo_CE_corregida_OLS,Sin_clasificar,Hotspot,FALSE
48,Suelo_CE_corregida_OLS,Sin_clasificar,Sin_clasificar,TRUE
49,Suelo_CE_corregida_OLS,Sin_clasificar,Sin_clasificar,TRUE
50,Suelo_CE_corregida_OLS,Sin_clasificar,Sin_clasificar,TRUE
51,Suelo_CE_corregida_OLS,Sin_clasificar,Sin_clasificar,TRUE
52,Suelo_CE_corregida_OLS,Sin_clasificar,Sin_clasificar,TRUE
53,Suelo_CE_corregida_OLS,Sin_clasificar,Sin_clasificar,TRUE
54,Suelo_CE_corregida_OLS,Sin_clasificar,Coldspot,FALSE
55,Suelo_CE_corregida_OLS,Hotspot,Sin_clasificar,FALSE
56,Suelo_CE_corregida_OLS,Hotspot,Sin_clasificar,FALSE
1,Suelo_Hv,Sin_clasificar,Sin_clasificar,TRUE
2,Suelo_Hv,Sin_clasificar,Sin_clasificar,TRUE
3,Suelo_Hv,Sin_clasificar,Sin_clasificar,TRUE
4,Suelo_Hv,Sin_clasificar,Sin_clasificar,TRUE
5,Suelo_Hv,Sin_clasificar,Sin_clasificar,TRUE
6,Suelo_Hv,Sin_clasificar,Sin_clasificar,TRUE
7,Suelo_Hv,Sin_clasificar,Sin_clasificar,TRUE
8,Suelo_Hv,Sin_clasificar,Sin_clasificar,TRUE
9,Suelo_Hv,Sin_clasificar,Sin_clasificar,TRUE
10,Suelo_Hv,Sin_clasificar,Sin_clasificar,TRUE
11,Suelo_Hv,Sin_clasificar,Sin_clasificar,TRUE
12,Suelo_Hv,Sin_clasificar,Sin_clasificar,TRUE
13,Suelo_Hv,Sin_clasificar,Sin_clasificar,TRUE
14,Suelo_Hv,Sin_clasificar,Sin_clasificar,TRUE
15,Suelo_Hv,Sin_clasificar,Sin_clasificar,TRUE
16,Suelo_Hv,Hotspot,Sin_clasificar,FALSE
17,Suelo_Hv,Sin_clasificar,Sin_clasificar,TRUE
18,Suelo_Hv,Sin_clasificar,Sin_clasificar,TRUE
19,Suelo_Hv,Sin_clasificar,Sin_clasificar,TRUE
20,Suelo_Hv,Sin_clasificar,Sin_clasificar,TRUE
21,Suelo_Hv,Sin_clasificar,Sin_clasificar,TRUE
22,Suelo_Hv,Sin_clasificar,Sin_clasificar,TRUE
23,Suelo_Hv,Sin_clasificar,Sin_clasificar,TRUE
24,Suelo_Hv,Sin_clasificar,Sin_clasificar,TRUE
25,Suelo_Hv,Sin_clasificar,Sin_clasificar,TRUE
26,Suelo_Hv,Sin_clasificar,Sin_clasificar,TRUE
27,Suelo_Hv,Sin_clasificar,Sin_clasificar,TRUE
28,Suelo_Hv,Sin_clasificar,Sin_clasificar,TRUE
29,Suelo_Hv,Sin_clasificar,Sin_clasificar,TRUE
30,Suelo_Hv,Sin_clasificar,Sin_clasificar,TRUE
31,Suelo_Hv,Sin_clasificar,Sin_clasificar,TRUE
32,Suelo_Hv,Sin_clasificar,Sin_clasificar,TRUE
33,Suelo_Hv,Sin_clasificar,Sin_clasificar,TRUE
34,Suelo_Hv,Sin_clasificar,Sin_clasificar,TRUE
35,Suelo_Hv,Sin_clasificar,Sin_clasificar,TRUE
36,Suelo_Hv,Sin_clasificar,Sin_clasificar,TRUE
37,Suelo_Hv,Sin_clasificar,Sin_clasificar,TRUE
38,Suelo_Hv,Sin_clasificar,Sin_clasificar,TRUE
39,Suelo_Hv,Sin_clasificar,Sin_clasificar,TRUE
40,Suelo_Hv,Hotspot,Hotspot,TRUE
41,Suelo_Hv,Hotspot,Sin_clasificar,FALSE
42,Suelo_Hv,Sin_clasificar,Sin_clasificar,TRUE
43,Suelo_Hv,Hotspot,Sin_clasificar,FALSE
44,Suelo_Hv,Hotspot,Sin_clasificar,FALSE
45,Suelo_Hv,Hotspot,Sin_clasificar,FALSE
46,Suelo_Hv,Sin_clasificar,Sin_clasificar,TRUE
47,Suelo_Hv,Sin_clasificar,Sin_clasificar,TRUE
48,Suelo_Hv,Sin_clasificar,Sin_clasificar,TRUE
49,Suelo_Hv,Sin_clasificar,Sin_clasificar,TRUE
50,Suelo_Hv,Sin_clasificar,Sin_clasificar,TRUE
51,Suelo_Hv,Sin_clasificar,Sin_clasificar,TRUE
52,Suelo_Hv,Sin_clasificar,Sin_clasificar,TRUE
53,Suelo_Hv,Sin_clasificar,Sin_clasificar,TRUE
54,Suelo_Hv,Sin_clasificar,Sin_clasificar,TRUE
55,Suelo_Hv,Sin_clasificar,Sin_clasificar,TRUE
56,Suelo_Hv,Sin_clasificar,Sin_clasificar,TRUE
1,Suelo_K,Hotspot,Hotspot,TRUE
2,Suelo_K,Hotspot,Hotspot,TRUE
3,Suelo_K,Hotspot,Sin_clasificar,FALSE
4,Suelo_K,Hotspot,Sin_clasificar,FALSE
5,Suelo_K,Sin_clasificar,Sin_clasificar,TRUE
6,Suelo_K,Sin_clasificar,Sin_clasificar,TRUE
7,Suelo_K,Sin_clasificar,Coldspot,FALSE
8,Suelo_K,Coldspot,Coldspot,TRUE
9,Suelo_K,Coldspot,Coldspot,TRUE
10,Suelo_K,Coldspot,Coldspot,TRUE
11,Suelo_K,Coldspot,Sin_clasificar,FALSE
12,Suelo_K,Coldspot,Coldspot,TRUE
13,Suelo_K,Coldspot,Sin_clasificar,FALSE
14,Suelo_K,Sin_clasificar,Sin_clasificar,TRUE
15,Suelo_K,Sin_clasificar,Sin_clasificar,TRUE
16,Suelo_K,Sin_clasificar,Sin_clasificar,TRUE
17,Suelo_K,Coldspot,Sin_clasificar,FALSE
18,Suelo_K,Coldspot,Sin_clasificar,FALSE
19,Suelo_K,Sin_clasificar,Sin_clasificar,TRUE
20,Suelo_K,Coldspot,Coldspot,TRUE
21,Suelo_K,Sin_clasificar,Sin_clasificar,TRUE
22,Suelo_K,Sin_clasificar,Sin_clasificar,TRUE
23,Suelo_K,Sin_clasificar,Sin_clasificar,TRUE
24,Suelo_K,Sin_clasificar,Sin_clasificar,TRUE
25,Suelo_K,Sin_clasificar,Sin_clasificar,TRUE
26,Suelo_K,Hotspot,Sin_clasificar,FALSE
27,Suelo_K,Hotspot,Sin_clasificar,FALSE
28,Suelo_K,Hotspot,Hotspot,TRUE
29,Suelo_K,Hotspot,Sin_clasificar,FALSE
30,Suelo_K,Hotspot,Sin_clasificar,FALSE
31,Suelo_K,Sin_clasificar,Sin_clasificar,TRUE
32,Suelo_K,Sin_clasificar,Sin_clasificar,TRUE
33,Suelo_K,Sin_clasificar,Sin_clasificar,TRUE
34,Suelo_K,Sin_clasificar,Sin_clasificar,TRUE
35,Suelo_K,Sin_clasificar,Sin_clasificar,TRUE
36,Suelo_K,Sin_clasificar,Sin_clasificar,TRUE
37,Suelo_K,Coldspot,Coldspot,TRUE
38,Suelo_K,Sin_clasificar,Hotspot,FALSE
39,Suelo_K,Sin_clasificar,Hotspot,FALSE
40,Suelo_K,Sin_clasificar,Sin_clasificar,TRUE
41,Suelo_K,Sin_clasificar,Sin_clasificar,TRUE
42,Suelo_K,Sin_clasificar,Sin_clasificar,TRUE
43,Suelo_K,Sin_clasificar,Sin_clasificar,TRUE
44,Suelo_K,Sin_clasificar,Sin_clasificar,TRUE
45,Suelo_K,Sin_clasificar,Hotspot,FALSE
46,Suelo_K,Sin_clasificar,Hotspot,FALSE
47,Suelo_K,Sin_clasificar,Hotspot,FALSE
48,Suelo_K,Sin_clasificar,Sin_clasificar,TRUE
49,Suelo_K,Sin_clasificar,Sin_clasificar,TRUE
50,Suelo_K,Sin_clasificar,Sin_clasificar,TRUE
51,Suelo_K,Sin_clasificar,Sin_clasificar,TRUE
52,Suelo_K,Sin_clasificar,Sin_clasificar,TRUE
53,Suelo_K,Sin_clasificar,Sin_clasificar,TRUE
54,Suelo_K,Sin_clasificar,Coldspot,FALSE
55,Suelo_K,Hotspot,Sin_clasificar,FALSE
56,Suelo_K,Hotspot,Sin_clasificar,FALSE
1,Suelo_N,Hotspot,Hotspot,TRUE
2,Suelo_N,Hotspot,Hotspot,TRUE
3,Suelo_N,Hotspot,Sin_clasificar,FALSE
4,Suelo_N,Hotspot,Sin_clasificar,FALSE
5,Suelo_N,Sin_clasificar,Sin_clasificar,TRUE
6,Suelo_N,Sin_clasificar,Sin_clasificar,TRUE
7,Suelo_N,Sin_clasificar,Sin_clasificar,TRUE
8,Suelo_N,Coldspot,Coldspot,TRUE
9,Suelo_N,Coldspot,Coldspot,TRUE
10,Suelo_N,Coldspot,Coldspot,TRUE
11,Suelo_N,Coldspot,Sin_clasificar,FALSE
12,Suelo_N,Coldspot,Sin_clasificar,FALSE
13,Suelo_N,Coldspot,Sin_clasificar,FALSE
14,Suelo_N,Sin_clasificar,Sin_clasificar,TRUE
15,Suelo_N,Sin_clasificar,Sin_clasificar,TRUE
16,Suelo_N,Sin_clasificar,Sin_clasificar,TRUE
17,Suelo_N,Sin_clasificar,Sin_clasificar,TRUE
18,Suelo_N,Coldspot,Sin_clasificar,FALSE
19,Suelo_N,Sin_clasificar,Sin_clasificar,TRUE
20,Suelo_N,Coldspot,Coldspot,TRUE
21,Suelo_N,Sin_clasificar,Sin_clasificar,TRUE
22,Suelo_N,Sin_clasificar,Sin_clasificar,TRUE
23,Suelo_N,Sin_clasificar,Sin_clasificar,TRUE
24,Suelo_N,Sin_clasificar,Sin_clasificar,TRUE
25,Suelo_N,Sin_clasificar,Sin_clasificar,TRUE
26,Suelo_N,Hotspot,Sin_clasificar,FALSE
27,Suelo_N,Hotspot,Sin_clasificar,FALSE
28,Suelo_N,Hotspot,Sin_clasificar,FALSE
29,Suelo_N,Hotspot,Sin_clasificar,FALSE
30,Suelo_N,Hotspot,Sin_clasificar,FALSE
31,Suelo_N,Sin_clasificar,Sin_clasificar,TRUE
32,Suelo_N,Sin_clasificar,Sin_clasificar,TRUE
33,Suelo_N,Sin_clasificar,Sin_clasificar,TRUE
34,Suelo_N,Sin_clasificar,Sin_clasificar,TRUE
35,Suelo_N,Sin_clasificar,Sin_clasificar,TRUE
36,Suelo_N,Sin_clasificar,Sin_clasificar,TRUE
37,Suelo_N,Coldspot,Coldspot,TRUE
38,Suelo_N,Sin_clasificar,Hotspot,FALSE
39,Suelo_N,Sin_clasificar,Hotspot,FALSE
40,Suelo_N,Sin_clasificar,Sin_clasificar,TRUE
41,Suelo_N,Sin_clasificar,Sin_clasificar,TRUE
42,Suelo_N,Sin_clasificar,Sin_clasificar,TRUE
43,Suelo_N,Sin_clasificar,Sin_clasificar,TRUE
44,Suelo_N,Sin_clasificar,Sin_clasificar,TRUE
45,Suelo_N,Sin_clasificar,Hotspot,FALSE
46,Suelo_N,Sin_clasificar,Hotspot,FALSE
47,Suelo_N,Sin_clasificar,Hotspot,FALSE
48,Suelo_N,Sin_clasificar,Sin_clasificar,TRUE
49,Suelo_N,Sin_clasificar,Sin_clasificar,TRUE
50,Suelo_N,Sin_clasificar,Sin_clasificar,TRUE
51,Suelo_N,Sin_clasificar,Sin_clasificar,TRUE
52,Suelo_N,Sin_clasificar,Sin_clasificar,TRUE
53,Suelo_N,Sin_clasificar,Sin_clasificar,TRUE
54,Suelo_N,Sin_clasificar,Sin_clasificar,TRUE
55,Suelo_N,Hotspot,Sin_clasificar,FALSE
56,Suelo_N,Hotspot,Sin_clasificar,FALSE
1,Suelo_P,Hotspot,Hotspot,TRUE
2,Suelo_P,Hotspot,Hotspot,TRUE
3,Suelo_P,Hotspot,Sin_clasificar,FALSE
4,Suelo_P,Hotspot,Sin_clasificar,FALSE
5,Suelo_P,Sin_clasificar,Sin_clasificar,TRUE
6,Suelo_P,Sin_clasificar,Sin_clasificar,TRUE
7,Suelo_P,Sin_clasificar,Sin_clasificar,TRUE
8,Suelo_P,Coldspot,Coldspot,TRUE
9,Suelo_P,Coldspot,Coldspot,TRUE
10,Suelo_P,Coldspot,Coldspot,TRUE
11,Suelo_P,Coldspot,Sin_clasificar,FALSE
12,Suelo_P,Coldspot,Sin_clasificar,FALSE
13,Suelo_P,Coldspot,Sin_clasificar,FALSE
14,Suelo_P,Sin_clasificar,Sin_clasificar,TRUE
15,Suelo_P,Sin_clasificar,Sin_clasificar,TRUE
16,Suelo_P,Sin_clasificar,Sin_clasificar,TRUE
17,Suelo_P,Coldspot,Sin_clasificar,FALSE
18,Suelo_P,Coldspot,Sin_clasificar,FALSE
19,Suelo_P,Sin_clasificar,Sin_clasificar,TRUE
20,Suelo_P,Coldspot,Coldspot,TRUE
21,Suelo_P,Sin_clasificar,Sin_clasificar,TRUE
22,Suelo_P,Sin_clasificar,Sin_clasificar,TRUE
23,Suelo_P,Sin_clasificar,Sin_clasificar,TRUE
24,Suelo_P,Sin_clasificar,Sin_clasificar,TRUE
25,Suelo_P,Sin_clasificar,Sin_clasificar,TRUE
26,Suelo_P,Hotspot,Sin_clasificar,FALSE
27,Suelo_P,Hotspot,Sin_clasificar,FALSE
28,Suelo_P,Hotspot,Sin_clasificar,FALSE
29,Suelo_P,Hotspot,Sin_clasificar,FALSE
30,Suelo_P,Hotspot,Sin_clasificar,FALSE
31,Suelo_P,Sin_clasificar,Sin_clasificar,TRUE
32,Suelo_P,Sin_clasificar,Sin_clasificar,TRUE
33,Suelo_P,Sin_clasificar,Sin_clasificar,TRUE
34,Suelo_P,Sin_clasificar,Sin_clasificar,TRUE
35,Suelo_P,Sin_clasificar,Sin_clasificar,TRUE
36,Suelo_P,Sin_clasificar,Sin_clasificar,TRUE
37,Suelo_P,Coldspot,Sin_clasificar,FALSE
38,Suelo_P,Sin_clasificar,Hotspot,FALSE
39,Suelo_P,Sin_clasificar,Hotspot,FALSE
40,Suelo_P,Sin_clasificar,Sin_clasificar,TRUE
41,Suelo_P,Sin_clasificar,Sin_clasificar,TRUE
42,Suelo_P,Sin_clasificar,Sin_clasificar,TRUE
43,Suelo_P,Sin_clasificar,Sin_clasificar,TRUE
44,Suelo_P,Sin_clasificar,Sin_clasificar,TRUE
45,Suelo_P,Sin_clasificar,Hotspot,FALSE
46,Suelo_P,Sin_clasificar,Hotspot,FALSE
47,Suelo_P,Sin_clasificar,Hotspot,FALSE
48,Suelo_P,Sin_clasificar,Sin_clasificar,TRUE
49,Suelo_P,Sin_clasificar,Sin_clasificar,TRUE
50,Suelo_P,Sin_clasificar,Sin_clasificar,TRUE
51,Suelo_P,Sin_clasificar,Sin_clasificar,TRUE
52,Suelo_P,Sin_clasificar,Sin_clasificar,TRUE
53,Suelo_P,Sin_clasificar,Sin_clasificar,TRUE
54,Suelo_P,Sin_clasificar,Coldspot,FALSE
55,Suelo_P,Hotspot,Sin_clasificar,FALSE
56,Suelo_P,Hotspot,Sin_clasificar,FALSE
1,Suelo_pH,Hotspot,Sin_clasificar,FALSE
2,Suelo_pH,Hotspot,Sin_clasificar,FALSE
3,Suelo_pH,Sin_clasificar,Sin_clasificar,TRUE
4,Suelo_pH,Sin_clasificar,Sin_clasificar,TRUE
5,Suelo_pH,Sin_clasificar,Sin_clasificar,TRUE
6,Suelo_pH,Sin_clasificar,Sin_clasificar,TRUE
7,Suelo_pH,Sin_clasificar,Sin_clasificar,TRUE
8,Suelo_pH,Sin_clasificar,Sin_clasificar,TRUE
9,Suelo_pH,Sin_clasificar,Sin_clasificar,TRUE
10,Suelo_pH,Sin_clasificar,Sin_clasificar,TRUE
11,Suelo_pH,Coldspot,Sin_clasificar,FALSE
12,Suelo_pH,Coldspot,Sin_clasificar,FALSE
13,Suelo_pH,Coldspot,Sin_clasificar,FALSE
14,Suelo_pH,Coldspot,Sin_clasificar,FALSE
15,Suelo_pH,Coldspot,Sin_clasificar,FALSE
16,Suelo_pH,Coldspot,Sin_clasificar,FALSE
17,Suelo_pH,Sin_clasificar,Sin_clasificar,TRUE
18,Suelo_pH,Coldspot,Sin_clasificar,FALSE
19,Suelo_pH,Sin_clasificar,Sin_clasificar,TRUE
20,Suelo_pH,Hotspot,Sin_clasificar,FALSE
21,Suelo_pH,Hotspot,Sin_clasificar,FALSE
22,Suelo_pH,Sin_clasificar,Sin_clasificar,TRUE
23,Suelo_pH,Sin_clasificar,Sin_clasificar,TRUE
24,Suelo_pH,Sin_clasificar,Sin_clasificar,TRUE
25,Suelo_pH,Sin_clasificar,Coldspot,FALSE
26,Suelo_pH,Sin_clasificar,Sin_clasificar,TRUE
27,Suelo_pH,Hotspot,Sin_clasificar,FALSE
28,Suelo_pH,Hotspot,Sin_clasificar,FALSE
29,Suelo_pH,Hotspot,Sin_clasificar,FALSE
30,Suelo_pH,Hotspot,Sin_clasificar,FALSE
31,Suelo_pH,Sin_clasificar,Sin_clasificar,TRUE
32,Suelo_pH,Sin_clasificar,Coldspot,FALSE
33,Suelo_pH,Sin_clasificar,Sin_clasificar,TRUE
34,Suelo_pH,Sin_clasificar,Sin_clasificar,TRUE
35,Suelo_pH,Sin_clasificar,Sin_clasificar,TRUE
36,Suelo_pH,Sin_clasificar,Sin_clasificar,TRUE
37,Suelo_pH,Hotspot,Sin_clasificar,FALSE
38,Suelo_pH,Sin_clasificar,Sin_clasificar,TRUE
39,Suelo_pH,Sin_clasificar,Sin_clasificar,TRUE
40,Suelo_pH,Sin_clasificar,Sin_clasificar,TRUE
41,Suelo_pH,Sin_clasificar,Sin_clasificar,TRUE
42,Suelo_pH,Coldspot,Sin_clasificar,FALSE
43,Suelo_pH,Coldspot,Sin_clasificar,FALSE
44,Suelo_pH,Sin_clasificar,Sin_clasificar,TRUE
45,Suelo_pH,Sin_clasificar,Sin_clasificar,TRUE
46,Suelo_pH,Sin_clasificar,Sin_clasificar,TRUE
47,Suelo_pH,Sin_clasificar,Sin_clasificar,TRUE
48,Suelo_pH,Sin_clasificar,Sin_clasificar,TRUE
49,Suelo_pH,Sin_clasificar,Sin_clasificar,TRUE
50,Suelo_pH,Sin_clasificar,Sin_clasificar,TRUE
51,Suelo_pH,Sin_clasificar,Sin_clasificar,TRUE
52,Suelo_pH,Sin_clasificar,Sin_clasificar,TRUE
53,Suelo_pH,Sin_clasificar,Sin_clasificar,TRUE
54,Suelo_pH,Sin_clasificar,Sin_clasificar,TRUE
55,Suelo_pH,Hotspot,Sin_clasificar,FALSE
56,Suelo_pH,Hotspot,Sin_clasificar,FALSE
1,Suelo_T,Sin_clasificar,Sin_clasificar,TRUE
2,Suelo_T,Sin_clasificar,Sin_clasificar,TRUE
3,Suelo_T,Sin_clasificar,Sin_clasificar,TRUE
4,Suelo_T,Sin_clasificar,Sin_clasificar,TRUE
5,Suelo_T,Sin_clasificar,Sin_clasificar,TRUE
6,Suelo_T,Coldspot,Sin_clasificar,FALSE
7,Suelo_T,Coldspot,Coldspot,TRUE
8,Suelo_T,Coldspot,Coldspot,TRUE
9,Suelo_T,Coldspot,Coldspot,TRUE
10,Suelo_T,Coldspot,Coldspot,TRUE
11,Suelo_T,Coldspot,Coldspot,TRUE
12,Suelo_T,Sin_clasificar,Sin_clasificar,TRUE
13,Suelo_T,Sin_clasificar,Sin_clasificar,TRUE
14,Suelo_T,Sin_clasificar,Sin_clasificar,TRUE
15,Suelo_T,Sin_clasificar,Sin_clasificar,TRUE
16,Suelo_T,Sin_clasificar,Sin_clasificar,TRUE
17,Suelo_T,Sin_clasificar,Sin_clasificar,TRUE
18,Suelo_T,Sin_clasificar,Sin_clasificar,TRUE
19,Suelo_T,Sin_clasificar,Sin_clasificar,TRUE
20,Suelo_T,Sin_clasificar,Sin_clasificar,TRUE
21,Suelo_T,Coldspot,Sin_clasificar,FALSE
22,Suelo_T,Sin_clasificar,Sin_clasificar,TRUE
23,Suelo_T,Sin_clasificar,Sin_clasificar,TRUE
24,Suelo_T,Sin_clasificar,Sin_clasificar,TRUE
25,Suelo_T,Sin_clasificar,Sin_clasificar,TRUE
26,Suelo_T,Sin_clasificar,Sin_clasificar,TRUE
27,Suelo_T,Sin_clasificar,Sin_clasificar,TRUE
28,Suelo_T,Sin_clasificar,Sin_clasificar,TRUE
29,Suelo_T,Sin_clasificar,Sin_clasificar,TRUE
30,Suelo_T,Sin_clasificar,Sin_clasificar,TRUE
31,Suelo_T,Sin_clasificar,Sin_clasificar,TRUE
32,Suelo_T,Hotspot,Hotspot,TRUE
33,Suelo_T,Hotspot,Hotspot,TRUE
34,Suelo_T,Hotspot,Hotspot,TRUE
35,Suelo_T,Hotspot,Hotspot,TRUE
36,Suelo_T,Sin_clasificar,Hotspot,FALSE
37,Suelo_T,Sin_clasificar,Sin_clasificar,TRUE
38,Suelo_T,Sin_clasificar,Sin_clasificar,TRUE
39,Suelo_T,Sin_clasificar,Sin_clasificar,TRUE
40,Suelo_T,Sin_clasificar,Sin_clasificar,TRUE
41,Suelo_T,Sin_clasificar,Sin_clasificar,TRUE
42,Suelo_T,Sin_clasificar,Sin_clasificar,TRUE
43,Suelo_T,Sin_clasificar,Sin_clasificar,TRUE
44,Suelo_T,Sin_clasificar,Sin_clasificar,TRUE
45,Suelo_T,Sin_clasificar,Sin_clasificar,TRUE
46,Suelo_T,Sin_clasificar,Sin_clasificar,TRUE
47,Suelo_T,Sin_clasificar,Sin_clasificar,TRUE
48,Suelo_T,Sin_clasificar,Sin_clasificar,TRUE
49,Suelo_T,Sin_clasificar,Hotspot,FALSE
50,Suelo_T,Sin_clasificar,Hotspot,FALSE
51,Suelo_T,Hotspot,Hotspot,TRUE
52,Suelo_T,Hotspot,Sin_clasificar,FALSE
53,Suelo_T,Hotspot,Sin_clasificar,FALSE
54,Suelo_T,Hotspot,Hotspot,TRUE
55,Suelo_T,Sin_clasificar,Sin_clasificar,TRUE
56,Suelo_T,Sin_clasificar,Sin_clasificar,TRUE
