Nodo,Variable_suelo,Prediccion,Varianza_kriging,Error_estandar_kriging
1,N,22.427024753216713,16.06541259472446,4.008168234334041
2,N,23.560660362417142,19.015215637472913,4.360643947569317
3,N,20.902369398335367,17.242967651587715,4.152465249895261
4,N,18.73628086611692,14.61062878970187,3.8223852225674313
5,N,21.150811636635034,13.180013426213907,3.6304288212570572
6,N,10.55382148641013,11.045738549875324,3.323512983256621
7,N,14.123732236809962,14.525122131230741,3.811183822807651
8,N,12.466164086525746,12.762559786531398,3.5724725032575684
9,N,8.709670951393623,16.77806425386685,4.096103545305813
10,N,10.5044462927879,16.552046138691562,4.068420595107094
11,N,9.041590553866788,10.616248720860348,3.2582585411321103
12,N,10.742533285444937,16.197529853461006,4.024615491380637
13,N,9.964649182665944,13.348751724445377,3.653594356855366
14,N,14.866279584705195,14.925444006346149,3.8633462188038687
15,N,15.339998739322306,19.23137133671544,4.385358746638118
16,N,12.275055004772081,16.657934217547073,4.08141326228392
17,N,11.948453872332482,15.347711046806277,3.917615479702708
18,N,12.633121782604167,17.670568329705905,4.203637511692214
19,N,11.259529776952602,15.52713766448867,3.9404489166196117
20,N,8.319925793702573,14.923232068637166,3.863059935936429
21,N,13.671251145031947,17.298873920227464,4.159191498383726
22,N,16.016362224247217,16.31055191956087,4.038632431846313
23,N,12.563214588997907,14.63960996672933,3.8261743251881937
24,N,18.452394886895814,17.18211917569119,4.145131985316172
25,N,17.726247836111167,16.25899942381355,4.032244960789653
26,N,20.31907248702906,14.575892255244804,3.8178386890025626
27,N,24.674324396962845,13.399121031429708,3.6604809836180965
28,N,23.115512683275966,16.055352761235667,4.006913121248783
29,N,23.051969831657853,10.119150006062243,3.181061144659474
30,N,20.266920604752585,13.072197494898184,3.6155494042950354
31,N,18.63539592107022,11.161682108430064,3.340910371205738
32,N,13.585240219156278,8.653102664309321,2.941615655436536
33,N,16.732262330262238,13.762113524655119,3.7097322712906275
34,N,14.341133983357802,11.074871399593766,3.3278929369187593
35,N,21.60809473204378,8.65235147802514,2.9414879700629646
36,N,18.17630048949416,13.468635462271099,3.669963959260513
37,N,8.792749658504807,10.614845773514263,3.2580432430393342
38,N,14.96107532768393,11.59279036713323,3.4048186981296418
39,N,17.125574705023062,12.321934215352659,3.510261274514001
40,N,14.896289638923177,9.863147762387609,3.140564879506171
41,N,17.160500587598666,6.9919388257801005,2.6442274534880883
42,N,15.755493495217394,13.870602080280635,3.7243257215609695
43,N,16.58198554388247,19.71236040642972,4.4398604039349845
44,N,17.193494884141167,23.074526315546606,4.803595144841685
45,N,16.957993920739654,21.35058839652908,4.6206696913466
46,N,18.098133134069215,19.76580183581544,4.445874698618422
47,N,16.370593814432546,21.385854856892514,4.624484280100054
48,N,13.134799884721755,20.890617380896295,4.570625491209742
49,N,18.67277101463703,18.508578551588332,4.3021597543081
50,N,19.612267168869977,22.541155152583986,4.747752642312359
51,N,16.167463196993857,20.587336838567428,4.537327058805374
52,N,15.664691750326035,18.18828477836863,4.2647725353608985
53,N,14.268376489088714,16.660973424696593,4.081785568191523
54,N,16.906989679135897,20.51534989130876,4.529387363795324
55,N,18.48154829250872,19.082378947522617,4.368338236391799
56,N,21.564362627899754,16.59267488824114,4.073410719316326
1,P,31.98278557698091,32.27846564143392,5.681414052983105
2,P,33.26813010971999,38.197022209991125,6.180373953895599
3,P,29.280772308596628,34.643666873332556,5.885887093151937
4,P,27.05917647910598,29.36262606270518,5.4187291925972065
5,P,30.062505935158978,26.492168406699385,5.147054342699267
6,P,14.678825809389854,22.20800405378704,4.7125369021140875
7,P,19.85889325347906,29.1910679017696,5.4028758917607576
8,P,17.940420264903995,25.653996668229322,5.064977459794794
9,P,12.961889519778692,33.711329793466845,5.806145863950271
10,P,15.16904986527205,33.25866549601053,5.767032642183546
11,P,12.667347528310373,21.342913991100694,4.619839173726797
12,P,15.39784089115294,32.54677341182856,5.704977950161469
13,P,13.920440598608678,26.82927151752165,5.179698014124149
14,P,20.866984207334028,29.987613410315223,5.476094722547741
15,P,21.65602791257174,38.64193237467847,6.216263538065167
16,P,17.16568873879705,33.48307393200196,5.786456077082238
17,P,16.984244434043607,30.851815551001355,5.554441065579988
18,P,17.738206878881982,35.5163656746216,5.9595608625654295
19,P,16.05217296569518,31.212549458015754,5.586819261262687
20,P,12.215007861599805,29.999323483159962,5.477163817447855
21,P,19.499108760555256,34.77019063452708,5.896625359858559
22,P,22.510711138719692,32.785558678924225,5.725867504485606
23,P,17.648656674545162,29.429653090502267,5.424910422348213
24,P,26.200105430127255,34.53578162453502,5.8767152070297755
25,P,25.326578967775372,32.68201459344217,5.716818572724009
26,P,28.36166907241274,29.301624069316574,5.413097456107415
27,P,34.762463810698314,26.938006764320654,5.190183692733876
28,P,32.88484736563646,32.27273303441165,5.680909525279526
29,P,32.599996026109245,20.34790263898086,4.5108649546379525
30,P,28.378436944740066,26.281107975550896,5.126510311659472
31,P,26.282479916542062,22.442339248037356,4.73733461432031
32,P,18.522970665932903,17.401053981332407,4.171457057352072
33,P,23.650899525702513,27.667026896447382,5.259945522193874
34,P,20.624922736594954,22.267931146232215,4.718890880941433
35,P,30.20570722286271,17.39960709530674,4.171283626811625
36,P,25.802104223548298,27.077478313291486,5.203602436129367
37,P,11.910044883022156,21.343470577959113,4.619899412104025
38,P,20.9846774760165,23.309788737871145,4.828021203129823
39,P,24.008035062235408,24.773871286942093,4.97733576192546
40,P,20.867765845073283,19.83274360108578,4.453396860946235
41,P,23.927717431718307,14.061613449161966,3.749881791358491
42,P,22.435996795891672,27.883149761596236,5.2804497688735035
43,P,23.610598726230702,39.58709232426199,6.29182742327394
44,P,24.189551566518677,46.32702284420402,6.806395730796441
45,P,23.76125323608293,42.87631867423824,6.548001120512904
46,P,25.34556469232888,39.70145277542792,6.300908884869541
47,P,22.87395482604952,42.94784983627366,6.553460905222039
48,P,18.120869755194413,41.955141661501514,6.477278877854613
49,P,26.334588472618876,37.18146575423381,6.0976606788369105
50,P,27.598567677766354,45.260693122718024,6.727606790138528
51,P,23.028856445181873,41.34760268075492,6.430210158366126
52,P,22.065631172485908,36.53930548573443,6.044775056669556
53,P,19.63696663157556,33.47681571501194,5.785915287576542
54,P,23.73661571011339,41.20321379781434,6.418972955061763
55,P,25.910174385632427,38.33121641292348,6.191220914563095
56,P,30.478867544831353,33.33342571148506,5.77351069207333
1,K,64.70673585216969,131.36614231222757,11.461506982601701
2,K,67.21999493961627,155.19529385775863,12.457740319085104
3,K,59.09602907016894,140.96512526379095,11.8728735049183
4,K,53.581284404288716,119.71793453005779,10.941569107310787
5,K,60.05966081203442,108.1589393823854,10.399949008643523
6,K,29.460809057147817,90.84963704217441,9.5315075954528
7,K,39.99255671661046,119.02725565708742,10.909961304105869
8,K,36.68296721220198,104.7659151653368,10.235522222404523
9,K,26.446414214170325,137.22504840545983,11.714309557351633
10,K,31.333473314183614,135.42796222498103,11.63735202805952
11,K,26.27119483133049,87.26173089487341,9.341398765435153
12,K,31.321462867702863,132.54368123158224,11.512761668321907
13,K,28.80742594513706,109.47140964028922,10.462858578815315
14,K,42.67746640007951,122.03190174564529,11.046805046964723
15,K,44.04155765452988,157.32730311965386,12.543018102500445
16,K,35.39507101505339,136.69990672395664,11.69187353352561
17,K,34.49482236840592,126.03163226381129,11.226381084918296
18,K,36.220590190047126,144.9324625887533,12.038789913805843
19,K,33.216993375202875,127.50661306312054,11.291882618196158
20,K,25.14689648991577,122.57420897584565,11.071323722836652
21,K,39.7143568280938,141.91606614743452,11.91285298102157
22,K,45.32212661886285,133.8751310712698,11.570442129463757
23,K,35.44873722959188,120.26186157192376,10.966396927520167
24,K,52.566904640460635,140.96773339407463,11.872983340090839
25,K,50.507535519646744,133.4549358379292,11.552269726678356
26,K,57.3018633136179,119.74076225877583,10.942612222809316
27,K,70.29822852883609,110.14644012378682,10.495067418734708
28,K,66.53310510692116,131.78532428495944,11.479778930143187
29,K,65.97664102156239,83.32896234140549,9.128469879525564
30,K,57.024401066147774,107.47193554382602,10.36686720006705
31,K,52.72037646258289,91.84539176885431,9.583600146544843
32,K,37.89851268036552,71.29715182690693,8.443764079301774
33,K,47.93557930942905,113.10315454530321,10.634996687601891
34,K,41.43281521066445,91.13597871606545,9.54651657496416
35,K,61.14814020345857,71.2932240412057,8.443531491100492
36,K,51.98373933827696,110.70750159598765,10.521763236073488
37,K,25.5489102087029,87.3684061448908,9.347106832859609
38,K,43.42859168005735,95.41521488528426,9.768071195752222
39,K,48.48168930321162,101.34431180045952,10.066991198985898
40,K,42.694481335514574,81.20758393785064,9.01152506171129
41,K,49.5427734555225,57.649661850715766,7.592737441181261
42,K,45.30510053468727,113.92431238179059,10.673533266064737
43,K,47.60023961859808,160.52916232742947,12.67001035230159
44,K,49.33806394464203,187.47902197326397,13.692297906971787
45,K,48.39161924588045,173.8365818018803,13.184710152365136
46,K,51.26088032070851,161.20357786906442,12.69659709800482
47,K,46.90070074451129,174.1480436434555,13.196516344984971
48,K,37.6826563287205,170.1801781650158,13.04531249779076
49,K,53.17385740973218,151.13521815187133,12.293706444838811
50,K,55.73599966372686,183.3012459553543,13.538879050916819
51,K,46.51699711271385,167.76385660792084,12.952368764358157
52,K,44.98154834421699,148.564612161429,12.18870838774269
53,K,40.1047884150544,136.29384782569568,11.674495613331468
54,K,47.82461431167745,167.18424381504087,12.929974625460055
55,K,52.057169240358554,155.71810875092112,12.47870621302229
56,K,61.612798291081795,135.52397961246416,11.641476693807542
1,pH,8.360371652669484,0.10753822799573975,0.32793021818023993
2,pH,8.217142527949312,0.1945827871281296,0.44111538981102166
3,pH,8.231251924454888,0.14252078878032265,0.37751925617155296
4,pH,7.42520932324566,0.0887557093911248,0.29791896447041566
5,pH,7.0918728539374545,0.06780519653490867,0.26039430972067856
6,pH,8.352391409188108,0.04285472030936893,0.20701381671127397
7,pH,7.1257731622419325,0.08729646668484242,0.29545975476338976
8,pH,8.676340309296256,0.0620957980755732,0.24919028487397576
9,pH,8.355867033529973,0.13200891125200243,0.3633303059916726
10,pH,7.019653100617845,0.1269132792905222,0.3562489007569318
11,pH,6.212117508429258,0.03792079378684103,0.19473262127039997
12,pH,6.534018154170608,0.12016837546369136,0.34665310537148136
13,pH,6.823911223043582,0.06965422760923175,0.26392087376566437
14,pH,7.041364067333705,0.09440831657535574,0.30725936369027995
15,pH,6.8348240819865955,0.16883950241926216,0.4109008425633393
16,pH,6.543405977416025,0.10511214988089555,0.32421003975956014
17,pH,7.150641894744437,0.08266762266156864,0.2875197778615736
18,pH,6.911888973434174,0.12552230299596245,0.3542912685855558
19,pH,6.619416589371271,0.09523958868991383,0.30860911958319354
20,pH,8.618405408688286,0.07685162960927845,0.27722126471336656
21,pH,9.06164002492853,0.12460827222474491,0.35299896915535733
22,pH,6.798711077414722,0.09953619464799149,0.31549357306923304
23,pH,8.670240740899265,0.07321870989120405,0.27058955983408534
24,pH,7.066919836938569,0.12317119349763457,0.35095753802651763
25,pH,7.020968261576204,0.09834079767673569,0.3135933635725343
26,pH,8.589729757483079,0.07235294126004778,0.26898502051238427
27,pH,8.532817089257899,0.0617461504124473,0.24848772688494555
28,pH,8.598419743679832,0.09754512060893153,0.3123221423609468
29,pH,8.54937924767802,0.03623366882918804,0.19035143505943958
30,pH,8.67311239861547,0.058172761496370955,0.24119030141440378
31,pH,8.693843336757977,0.037170982038316286,0.19279777498279457
32,pH,6.6933551093884605,0.021107515429940063,0.14528425733691885
33,pH,6.6013683990650165,0.06294697880625393,0.2508923649819857
34,pH,8.638052762327872,0.03648089119631348,0.19099971517338313
35,pH,6.680445520543301,0.021249064455265962,0.14577058844384885
36,pH,8.667666223947801,0.05977627055868743,0.24449186194777
37,pH,8.567286987597425,0.032899286708871635,0.18138160521086927
38,pH,6.631368433301368,0.046424653721249286,0.21546381069973047
39,pH,7.475420374491737,0.05009628070920871,0.22382198441888748
40,pH,8.317815276870693,0.027632369322055005,0.16622986892269093
41,pH,6.493447803874131,0.012980517846946267,0.11393207558429833
42,pH,6.616224100728196,0.059133812618968995,0.2431744489434879
43,pH,6.934701451703636,0.1815646284763332,0.42610401133565173
44,pH,6.841660356244952,0.3335715012621712,0.5775564918362283
45,pH,8.450982683866304,0.2624590857263135,0.5123076084993404
46,pH,8.133049562655302,0.2082314918700293,0.4563238892168909
47,pH,7.067695768867427,0.2779027655091292,0.5271648371326839
48,pH,8.168347282392022,0.24739198482440047,0.4973851473701245
49,pH,8.475496056864344,0.1730278694657708,0.41596618788763445
50,pH,6.998413441942849,0.3128098004409461,0.5592940196720738
51,pH,8.261402224406721,0.2377035460823272,0.48754850638918706
52,pH,7.002848472223735,0.16475719193973795,0.4059029341354137
53,pH,7.114376127756552,0.1283177452127844,0.35821466359263465
54,pH,8.349157243537224,0.23472552549991016,0.4844848041991721
55,pH,8.449226259820819,0.18712023905542935,0.43257396946121174
56,pH,8.299016280380203,0.10955763367409573,0.3309949148764913
1,T,16.390856305908574,0.2916228016058555,0.5400211121853066
2,T,16.36011865982005,0.3714954138435987,0.6095042361162051
3,T,16.304335526651716,0.33560886107075716,0.5793175822213211
4,T,16.333889117557277,0.2629129839030025,0.5127504109242649
5,T,16.457688607156356,0.20189739426715553,0.44932993920632036
6,T,16.006800261883832,0.10024345574315643,0.3166124693425015
7,T,15.935461193644215,0.2598911202069539,0.5097951747584062
8,T,15.629953510551685,0.1890472234964166,0.43479561117428106
9,T,16.219063677723863,0.32393608032200655,0.569153828346965
10,T,16.297675315344055,0.31224631857336954,0.558790048742253
11,T,15.845158233713603,0.13586942418157721,0.36860469907690707
12,T,16.24488757423928,0.3076751085255105,0.5546846928891318
13,T,16.587488417945256,0.22894966972006559,0.4784868542813539
14,T,16.34828161043097,0.20761250097463474,0.4556451480863532
15,T,16.45210968892871,0.39427599308596684,0.6279140013456993
16,T,16.404440793303923,0.3791207654467394,0.6157278339061337
17,T,16.108180467084274,0.32957083332743775,0.5740826014846973
18,T,16.411153349030926,0.4066462461606925,0.637688204501771
19,T,16.35445327649193,0.3260360895535114,0.5709957001182333
20,T,15.996168585176823,0.3145247538839137,0.5608250653135197
21,T,16.222399562334573,0.3929986437498957,0.6268960390287178
22,T,16.249920116280524,0.36339917808110833,0.6028259932029377
23,T,16.38293786938734,0.30375533200941657,0.5511400294021626
24,T,16.513726474009,0.3888531441850978,0.6235809042819527
25,T,16.337856589118964,0.3617182172488184,0.6014301432825082
26,T,16.306028690856877,0.3015658604015448,0.5491501255590723
27,T,16.29326404711778,0.24669413645593413,0.4966831348615877
28,T,16.553360689663215,0.3448943801165655,0.5872770897255958
29,T,16.555892325811563,0.11544574716158472,0.3397730818672732
30,T,16.59755296532245,0.23865699303576945,0.4885253248663466
31,T,17.13188575892372,0.17508722653330955,0.4184342559271523
32,T,17.217162578176637,0.08317764118357293,0.28840534180831834
33,T,16.88959875188627,0.2699827941681219,0.5195986856874466
34,T,17.266533371940447,0.17163745326578964,0.4142915075955451
35,T,16.929640308754806,0.08028526213823074,0.28334654072042376
36,T,16.95038721713169,0.2586435792593446,0.5085701320952152
37,T,17.095034890751798,0.1570453203017935,0.3962894400583915
38,T,16.26624602182283,0.14063385506241263,0.37501180656402355
39,T,16.569129671904555,0.20861289773347344,0.45674160937391445
40,T,16.84853679988465,0.134375029796308,0.36657199810720403
41,T,16.319340574133697,0.05251612000454854,0.2291639587818044
42,T,16.458807870927757,0.26624780505770534,0.5159920591033406
43,T,16.47939119316805,0.3683380110858515,0.6069085689672304
44,T,16.530103495043477,0.42498999825783984,0.6519125694890687
45,T,16.596337119273574,0.40947136789406824,0.6398994982761498
46,T,16.42002005507297,0.3878801681544182,0.622800263450826
47,T,16.520251381960204,0.40843927414843506,0.6390925395812683
48,T,16.717538904966478,0.40426000615067703,0.6358144431755833
49,T,16.660593379482005,0.3647878839417774,0.6039767246689043
50,T,16.62503709663575,0.4208243063028559,0.6487097242240599
51,T,16.71447169759264,0.40012835961248316,0.6325570010777551
52,T,16.739859540222213,0.3580822419418146,0.5983997342427674
53,T,16.968217113342373,0.31779497363569503,0.5637330694891821
54,T,16.61021252649387,0.39928512890627127,0.6318901240771779
55,T,16.515090257826976,0.3750375635395445,0.6124031054293769
56,T,16.57371549283729,0.298395658224879,0.5462560372434149
1,Hv,14.840328765734377,4.911072982346474,2.2160940824672752
2,Hv,14.772671519790729,4.923878533119785,2.2189814179302596
3,Hv,14.759608853712594,4.92084495442707,2.2182977605423195
4,Hv,14.826978230382531,4.8926843775187026,2.2119413142121793
5,Hv,14.726391360087236,4.850108721504354,2.202296238362213
6,Hv,15.03269131416882,4.680303742941502,2.1634009667515413
7,Hv,14.733609465511103,4.890723332207646,2.2114979837674835
8,Hv,14.541577600093,4.822479794972669,2.1960145252189633
9,Hv,14.745240864528704,4.919078058873531,2.2178994699655643
10,Hv,14.693171625422769,4.919160198122873,2.217917987240032
11,Hv,14.586305647917328,4.482232022893932,2.11712824904254
12,Hv,14.779971419273359,4.915806897491207,2.2171619015063393
13,Hv,15.030052093858945,4.841699640176698,2.200386247952095
14,Hv,14.691481955342187,4.873531048349022,2.207607539475489
15,Hv,14.771259660054069,4.924344718064759,2.219086460249974
16,Hv,14.774624934352808,4.923961695376342,2.2190001566868673
17,Hv,14.776197480845244,4.920051521939334,2.2181189151935325
18,Hv,14.771366557204301,4.924366977706293,2.2190914757409828
19,Hv,14.728083828448181,4.921691609364768,2.2184885867105035
20,Hv,14.736776045855486,4.917012318053172,2.217433723486042
21,Hv,14.770859378318859,4.92429992302247,2.219076367100166
22,Hv,14.769496169007805,4.923382993774058,2.2188697559284676
23,Hv,14.80213411241923,4.914100290501971,2.2167770051365046
24,Hv,14.771244702156883,4.924265245975198,2.219068553689858
25,Hv,14.774673330269287,4.923281328638326,2.2188468465935918
26,Hv,14.740244243031377,4.913310591719083,2.216598879301143
27,Hv,14.818866518158394,4.889926302665644,2.21131777514351
28,Hv,14.785946992859733,4.9222042036059674,2.218604111509299
29,Hv,14.278038013040021,4.474131933036278,2.1152143941067245
30,Hv,14.758842554034423,4.874752082934513,2.2078840737082444
31,Hv,15.473366317610523,4.675405169118314,2.1622685238236055
32,Hv,13.192515236975582,3.9304039578211953,1.9825246424247027
33,Hv,14.962808925389428,4.897917786349714,2.2131239880200373
34,Hv,14.756739558849672,4.660668257603023,2.1588580911220223
35,Hv,15.21210180877236,3.937339717952613,1.9842730956077121
36,Hv,14.767257461653461,4.888933140900643,2.2110932004102954
37,Hv,14.238334138657187,4.564686740555161,2.1365127522566207
38,Hv,14.76168545262504,4.7927104176869415,2.1892259859792778
39,Hv,14.830855972565306,4.828261033593813,2.1973304334109183
40,Hv,15.00214330744854,4.357099725223963,2.0873666963961948
41,Hv,16.300318901746977,3.0428791273372076,1.7443850284089255
42,Hv,14.838557267230524,4.887976654211556,2.2108768971183257
43,Hv,14.77447718229922,4.923447458294221,2.218884282312672
44,Hv,14.771440404066292,4.924396741078972,2.2190981819376474
45,Hv,14.771509758998496,4.924360398101703,2.219089993240856
46,Hv,14.77185603034208,4.924120635795845,2.2190359699193354
47,Hv,14.771425110311512,4.924382302322737,2.2190949286415704
48,Hv,14.77098792792661,4.924329251670643,2.219082975391106
49,Hv,14.77120636943765,4.923297972749512,2.2188505972123296
50,Hv,14.771442654143952,4.924393661558917,2.219097488070075
51,Hv,14.771407308141105,4.924297283588417,2.2190757723855254
52,Hv,14.78830495169316,4.922895174739713,2.218759828088591
53,Hv,14.723062330157436,4.919128710048872,2.2179108886627685
54,Hv,14.7725972264649,4.924285351685328,2.2190730838990698
55,Hv,14.77112535472331,4.923783496342872,2.2189600033220227
56,Hv,14.722571869669686,4.911544146579941,2.216200385023868
1,CE,324.6402235809403,3224.6514436142747,56.786014507220656
2,CE,337.15086656957567,3816.4695258415195,61.77758109412766
3,CE,298.9352269157599,3460.9868557554873,58.83015260693693
4,CE,271.87702244030226,2932.8796071537913,54.156067131520835
5,CE,305.8781793251412,2645.854574362039,51.43787101311678
6,CE,148.85795091202448,2217.5934501402503,47.091330944668044
7,CE,200.9358476625796,2915.724587024554,53.99744981964013
8,CE,185.1994995630996,2562.081926381443,50.617012222981344
9,CE,134.24655651633088,3367.728416067011,58.03213261691329
10,CE,157.04766448983474,3322.4094645277914,57.64034580506775
11,CE,131.81644067334886,2131.315369813151,46.16617127089002
12,CE,159.69332848488125,3251.263913820942,57.01985543493549
13,CE,145.5237110627009,2679.6607195748256,51.76543943187217
14,CE,213.67980437274474,2995.82223417287,54.7341048540384
15,CE,221.56053182485203,3860.2044591963586,62.13054368984999
16,CE,178.32928128728045,3344.0453430036096,57.827721233017726
17,CE,175.6150853678236,3081.0972562273705,55.5076324141768
18,CE,181.8089981297853,3547.259601933543,59.55887508955775
19,CE,166.27803468695151,3117.119401481105,55.831168727522666
20,CE,127.48522014555596,2995.9077466937547,54.734886011516956
21,CE,200.32890913760988,3472.673606742973,58.92939509907575
22,CE,228.71581992531452,3274.333175054612,57.22178933810627
23,CE,179.35144908473524,2938.984949587531,54.21240586422568
24,CE,266.9609037597214,3449.24423791381,58.730266795867784
25,CE,256.1258580393511,3263.9866768202814,57.131310827078714
26,CE,289.3965930392144,2926.1952437107225,54.094318035360445
27,CE,351.43520700006127,2690.017634564045,51.86537992306665
28,CE,333.52374826493326,3223.106899058474,56.77241318685048
29,CE,330.833363690577,2031.66057285597,45.0739456100303
30,CE,287.7751290165133,2624.395924365886,51.22885831604962
31,CE,264.7594785419162,2240.9109913525863,47.33826138920383
32,CE,193.102799608652,1737.3533596448,41.68157098340704
33,CE,242.41409310091885,2762.867756082046,52.562988462244476
34,CE,208.2163027681082,2223.486696066198,47.1538619422227
35,CE,310.7478583740179,1737.204622308876,41.6797867354054
36,CE,261.6401581224542,2703.9641956511555,51.9996557262753
37,CE,126.97960998163278,2131.1443169900294,46.16431865618759
38,CE,216.55137943988112,2327.4847058181685,48.24401212397419
39,CE,242.55184562597793,2473.8089822718357,49.73740023635972
40,CE,214.47950679586268,1980.249509483837,44.4999944885821
41,CE,247.49351752792455,1403.8638447048947,37.46817108833703
42,CE,229.1841886509458,2784.58305544803,52.7691487087676
43,CE,240.96117387771207,3956.0520364336953,62.897154438286755
44,CE,248.17605435765364,4630.405852165575,68.04708555232601
45,CE,243.04254133330625,4284.803206770333,65.45840822056654
46,CE,256.94972184499886,3967.0082207243595,62.98419024425383
47,CE,234.60588568763936,4291.90401645401,65.51262486310566
48,CE,188.17683841530146,4192.575768183733,64.75010245693618
49,CE,267.7705754186346,3714.855051582752,60.94961075825466
50,CE,282.38406347892305,4523.521789132264,67.25713188303723
51,CE,234.38527309722323,4131.760497041895,64.27877174496955
52,CE,226.6385519772481,3650.6105072785144,60.42028225090077
53,CE,202.91811991894707,3344.2502687686424,57.829493070306626
54,CE,240.6377270123093,4117.319311103653,64.16634095149615
55,CE,263.02659313464585,3829.9260127475427,61.88639602325816
56,CE,309.70448809759563,3330.339087742755,57.70909016561217
1,CE_corregida_OLS,568.7059999973585,2790.800679305529,52.828029296061466
2,CE_corregida_OLS,580.3446511696878,3302.9944263773236,57.47168369186102
3,CE_corregida_OLS,544.7926415997391,2995.3390736965835,54.72969097022734
4,CE_corregida_OLS,519.6203939762178,2538.284383006655,50.381389252447725
5,CE_corregida_OLS,551.2516702261818,2289.8762463445432,47.852651403496374
6,CE_corregida_OLS,405.1757517334531,1919.2341917543574,43.80906517781859
7,CE_corregida_OLS,453.62381908049406,2523.437432051693,50.23382756720508
8,CE_corregida_OLS,438.98429444354707,2217.3745304290296,47.08900647103344
9,CE_corregida_OLS,391.58277152713356,2914.6278026074233,53.987292973508346
10,CE_corregida_OLS,412.7946422748846,2875.4061493674853,53.622813702448376
11,CE_corregida_OLS,389.32203475841084,1844.5641291456295,42.94838913330312
12,CE_corregida_OLS,415.25590348947674,2813.8326569407463,53.04557151111435
13,CE_corregida_OLS,402.07390840162464,2319.1340482106752,48.157388303464664
14,CE_corregida_OLS,465.479522007962,2592.7585887662062,50.919137745706244
15,CE_corregida_OLS,472.8109627566596,3340.8451782648,57.80004479466084
16,CE_corregida_OLS,432.5929303815548,2894.131095428555,53.797129063069484
17,CE_corregida_OLS,430.0679139176843,2666.560546478078,51.638750434901866
18,CE_corregida_OLS,435.8301109601372,3070.004519822789,55.40762149580858
19,CE_corregida_OLS,421.3816556692683,2697.736203507069,51.93973626720749
20,CE_corregida_OLS,385.2927003014059,2592.8325962690938,50.91986445650748
21,CE_corregida_OLS,453.059184170717,3005.4534668844217,54.82201626066321
22,CE_corregida_OLS,479.46752727652085,2833.7981357056656,53.23343062123336
23,CE_corregida_OLS,433.543853083527,2543.5683010080925,50.43380117548242
24,CE_corregida_OLS,515.0469287676699,2985.176330087631,54.63676720018884
25,CE_corregida_OLS,504.9670857340086,2824.8436751055947,53.14925846242443
26,CE_corregida_OLS,535.9188505043825,2532.4993465882926,50.32394406828913
27,CE_corregida_OLS,593.6333730721611,2328.097524075479,48.2503629424223
28,CE_corregida_OLS,576.9703430108742,2789.463940724246,52.81537598772015
29,CE_corregida_OLS,574.4674782413472,1758.317078911726,41.93229160100514
30,CE_corregida_OLS,534.410402524065,2271.3046841048604,47.658206891414416
31,CE_corregida_OLS,512.9989428875452,1939.4145464354683,44.038784570370105
32,CE_corregida_OLS,446.33673447592827,1503.6065202928262,38.77636548585783
33,CE_corregida_OLS,492.2110308117851,2391.146251100703,48.89934816641939
34,CE_corregida_OLS,460.3968264651701,1924.3345491173202,43.867237764843594
35,CE_corregida_OLS,555.7819326453505,1503.4777943621677,38.774705599941925
36,CE_corregida_OLS,510.09703910132,2340.167688195998,48.375279722147326
37,CE_corregida_OLS,384.8223311659092,1844.41609009602,42.9466656458452
38,CE_corregida_OLS,468.1509482929206,2014.3404680010294,44.88140447892679
39,CE_corregida_OLS,492.339181985847,2140.977996821233,46.27070343987903
40,CE_corregida_OLS,466.2234851721901,1713.8229582008255,41.39834487272197
41,CE_corregida_OLS,496.936419356228,1214.9853216579884,34.85663956347468
42,CE_corregida_OLS,479.9032507019746,2409.939932613773,49.09113904375996
43,CE_corregida_OLS,490.85938005843815,3423.7972393918812,58.51322277393274
44,CE_corregida_OLS,497.5713833689292,4007.4222047393832,63.30420368932369
45,CE_corregida_OLS,492.79567620237873,3708.317599356647,60.89595716758746
46,CE_corregida_OLS,505.73352623240646,3433.279357721717,58.59419218422349
47,CE_corregida_OLS,484.9470554552132,3714.463052542928,60.94639491014155
48,CE_corregida_OLS,441.7541127777539,3628.4986165118917,60.237020315682045
49,CE_corregida_OLS,515.8001663119599,3215.0513575689824,56.701422888398334
50,CE_corregida_OLS,529.3950942544487,3914.918527695117,62.569309790784146
51,CE_corregida_OLS,484.74181956234855,3575.865548106643,59.79854135433943
52,CE_corregida_OLS,477.53504490443294,3159.4503969625184,56.208988578006974
53,CE_corregida_OLS,455.4679269605941,2894.308450089837,53.798777403300136
54,CE_corregida_OLS,490.55847743955104,3563.367306907197,59.69394698717113
55,CE_corregida_OLS,511.386839593164,3314.6404518331265,57.57291422043118
56,CE_corregida_OLS,554.8112852772005,2882.268905929574,53.68676658106329
