Variable_suelo,Variable_cultivo,n_original,Pearson_original,Spearman_original,n_residual,Pearson_residual,Spearman_residual,Cambio_abs_Spearman,Estabilidad_direccion,Magnitud_residual,Moran_bivariado_residual,Moran_Q025,Moran_Q975,Clasificacion_Moran,Coherencia_correlacion_espacial,Prioridad_interpretacion,Suelo_etiqueta,Cultivo_etiqueta,Magnitud_Spearman_residual,Magnitud_Moran_residual,Puntuacion_integrada,Rango
Suelo_N,Potasio_savia,56,-0.4388224165115457,-0.3917182647447385,56,-0.3645249224349495,-0.35946684894053316,-0.03225141580420532,Dirección estable,Limitada,-0.23858349271597154,-0.17080094678662658,0.17411983165359646,Asociación espacial negativa menor que la referencia,Dirección coherente,Media: asociación residual limitada o moderada,Soil N index,Sap potassium,0.35946684894053316,0.23858349271597154,0.3111135064507085,1
Suelo_P,Potasio_savia,56,-0.44050114593535195,-0.4060992296906813,56,-0.37206523834811056,-0.3572795625427204,-0.04881966714796088,Dirección estable,Limitada,-0.24009653112552307,-0.17432100978764165,0.18009903552585121,Asociación espacial negativa menor que la referencia,Dirección coherente,Media: asociación residual limitada o moderada,Soil P index,Sap potassium,0.3572795625427204,0.24009653112552307,0.3104063499758415,2
Suelo_K,Potasio_savia,56,-0.4362823517880042,-0.39851404292921744,56,-0.3674427983791712,-0.355228981544771,-0.04328506138444643,Dirección estable,Limitada,-0.24118505220013764,-0.16914208766727254,0.17193803586247774,Asociación espacial negativa menor que la referencia,Dirección coherente,Media: asociación residual limitada o moderada,Soil K index,Sap potassium,0.355228981544771,0.24118505220013764,0.30961140980691765,3
Suelo_CE_corregida_OLS,Potasio_savia,56,-0.43606364764112937,-0.3958712403019201,56,-0.3650934627205367,-0.3541353383458647,-0.04173590195605542,Dirección estable,Limitada,-0.2381612150156614,-0.17991614218692842,0.1774097114479007,Asociación espacial negativa menor que la referencia,Dirección coherente,Media: asociación residual limitada o moderada,OLS-corrected soil EC,Sap potassium,0.3541353383458647,0.2381612150156614,0.30774568901378335,4
Suelo_CE,Potasio_savia,56,-0.43606364764113115,-0.3958712403019201,56,-0.3650934627205432,-0.3541353383458647,-0.04173590195605542,Dirección estable,Limitada,-0.23816121501565912,-0.16496818355402765,0.17379512373672246,Asociación espacial negativa menor que la referencia,Dirección coherente,Media: asociación residual limitada o moderada,Soil EC,Sap potassium,0.3541353383458647,0.23816121501565912,0.30774568901378246,5
Suelo_K,NDVI,56,0.21786023339591123,0.15125938494636212,56,0.35359707780944594,0.350786056049214,0.19952667110285185,Dirección estable,Limitada,0.2260477296569394,-0.1676905873494151,0.17702471915744583,Asociación espacial positiva mayor que la referencia,Dirección coherente,Media: asociación residual limitada o moderada,Soil K index,NDVI,0.350786056049214,0.2260477296569394,0.30089072549230417,6
Suelo_N,NDVI,56,0.2119910637577225,0.15867338136837805,56,0.3505513124541012,0.34832535885167465,0.1896519774832966,Dirección estable,Limitada,0.22605842944438503,-0.1576953325173375,0.17769763497471647,Asociación espacial positiva mayor que la referencia,Dirección coherente,Media: asociación residual limitada o moderada,Soil N index,NDVI,0.34832535885167465,0.22605842944438503,0.2994185870887588,7
Suelo_P,NDVI,56,0.20731854083318985,0.15264517867010344,56,0.3458785204853255,0.3446343130553657,0.19198913438526224,Dirección estable,Limitada,0.22185902231547755,-0.1671650228527534,0.17933415998558486,Asociación espacial positiva mayor que la referencia,Dirección coherente,Media: asociación residual limitada o moderada,Soil P index,NDVI,0.3446343130553657,0.22185902231547755,0.29552419675941044,8
Suelo_CE_corregida_OLS,NDVI,56,0.21026158920464785,0.1512940297894557,56,0.3441208303935027,0.3349965823650034,0.1837025525755477,Dirección estable,Limitada,0.21990882516761334,-0.18127275319775427,0.16996894393519882,Asociación espacial positiva mayor que la referencia,Dirección coherente,Media: asociación residual limitada o moderada,OLS-corrected soil EC,NDVI,0.3349965823650034,0.21990882516761334,0.2889614794860474,9
Suelo_CE,NDVI,56,0.21026158920464783,0.1512940297894557,56,0.34412083039350866,0.3349965823650034,0.1837025525755477,Dirección estable,Limitada,0.21990882516760832,-0.17686430055889327,0.16326716861745824,Asociación espacial positiva mayor que la referencia,Dirección coherente,Media: asociación residual limitada o moderada,Soil EC,NDVI,0.3349965823650034,0.21990882516760832,0.28896147948604534,10
Suelo_pH,NDVI,56,0.13255808292987953,0.0995692790508119,56,0.296198215666234,0.29460013670539986,0.19503085765458794,Dirección estable,Limitada,0.06703806469234988,-0.12446190758985619,0.1232525140397667,Compatible con la referencia permutada,Dirección coherente,Media: asociación residual limitada o moderada,Soil pH,NDVI,0.29460013670539986,0.06703806469234988,0.20357530790017989,11
Suelo_pH,Macollas,56,0.1478961920452613,0.08893046122901394,56,-0.1419287111746156,-0.24032809295967192,0.15139763173065798,Dirección cambia tras ajuste,Limitada,0.063454114387136,-0.11393694226005854,0.10951007218420489,Compatible con la referencia permutada,Dirección no coincidente,Media: asociación residual limitada o moderada,Soil pH,Tillers,0.24032809295967192,0.063454114387136,0.16957850153065757,12
Suelo_T,Diametro,56,-0.1465180632188434,-0.16087239376248594,56,-0.2217340935462431,-0.1556390977443609,-0.005233296018125028,Dirección estable,Muy limitada,-0.1648567604095695,-0.15751372782228223,0.14810477603955063,Asociación espacial negativa menor que la referencia,Dirección coherente,Baja: evidencia débil,Soil temperature,Stem diameter,0.1556390977443609,0.1648567604095695,0.15932616281044434,13
Suelo_Hv,Altura,56,0.04183027385305863,-0.10728322915456226,56,-0.22875458461286613,-0.22720437457279563,0.11992114541823337,Dirección estable,Limitada,-0.048155393570319276,-0.11849840089063869,0.12426935479197972,Compatible con la referencia permutada,Dirección coherente,Media: asociación residual limitada o moderada,Soil moisture index,Plant height,0.22720437457279563,0.048155393570319276,0.15558478217180507,14
Suelo_pH,Altura,56,-0.23462425913742452,-0.18308896418636195,56,0.19260757774618287,0.22200956937799043,0.03892060519162849,Dirección cambia tras ajuste,Limitada,0.04069621260016707,-0.12056331557544948,0.1185781603906424,Compatible con la referencia permutada,Dirección coherente,Media: asociación residual limitada o moderada,Soil pH,Plant height,0.22200956937799043,0.04069621260016707,0.14948422666686106,15
Suelo_P,Calcio_savia,56,-0.45587680357003246,-0.4479955243759287,56,0.11830172228047175,0.2031818725838793,-0.24481365179204942,Dirección cambia tras ajuste,Limitada,0.028915046189600634,-0.17001766823208012,0.1807652899637197,Compatible con la referencia permutada,Dirección coherente,Media: asociación residual limitada o moderada,Soil P index,Sap calcium,0.2031818725838793,0.028915046189600634,0.13347514202616784,16
Suelo_CE_corregida_OLS,Calcio_savia,56,-0.4526301165164453,-0.43911176043646266,56,0.11433875627867955,0.19706420139926797,-0.2420475590371947,Dirección cambia tras ajuste,Muy limitada,0.028303193970375406,-0.17079180747589495,0.1708390912156732,Compatible con la referencia permutada,Dirección coherente,Baja: evidencia débil,OLS-corrected soil EC,Sap calcium,0.19706420139926797,0.028303193970375406,0.12955979842771095,17
Suelo_CE,Calcio_savia,56,-0.45263011651644786,-0.43911176043646266,56,0.11433875627867277,0.19706420139926797,-0.2420475590371947,Dirección cambia tras ajuste,Muy limitada,0.02830319397037317,-0.17654357449919425,0.16743537172685402,Compatible con la referencia permutada,Dirección coherente,Baja: evidencia débil,Soil EC,Sap calcium,0.19706420139926797,0.02830319397037317,0.12955979842771004,18
Suelo_N,Calcio_savia,56,-0.45759518915989383,-0.44288478759222044,56,0.10566117283098748,0.18510227450198322,-0.25778251309023725,Dirección cambia tras ajuste,Muy limitada,0.02945548409202688,-0.17524265531268157,0.17467535561584566,Compatible con la referencia permutada,Dirección coherente,Baja: evidencia débil,Soil N index,Sap calcium,0.18510227450198322,0.02945548409202688,0.12284355833800067,19
Suelo_K,Calcio_savia,56,-0.45154861365615745,-0.44559450709499193,56,0.1097797646132245,0.18212888124465818,-0.26346562585033373,Dirección cambia tras ajuste,Muy limitada,0.029101515916785024,-0.17991538886443262,0.16771573906603487,Compatible con la referencia permutada,Dirección coherente,Baja: evidencia débil,Soil K index,Sap calcium,0.18212888124465818,0.029101515916785024,0.1209179351135089,20
Suelo_T,Altura,56,-0.07525388797382128,-0.13626576445977692,56,-0.09125980355281903,-0.11161995898838004,-0.024645805471396887,Dirección estable,Muy limitada,-0.13418020989102192,-0.1537436621385989,0.14499117012924603,Compatible con la referencia permutada,Dirección coherente,Baja: evidencia débil,Soil temperature,Plant height,0.11161995898838004,0.13418020989102192,0.12064405934943678,21
Suelo_pH,Calcio_savia,56,-0.4426945003814878,-0.4152387886145772,56,0.1678407570545248,0.18848579096721518,-0.226752997647362,Dirección cambia tras ajuste,Muy limitada,0.011442876765914243,-0.11676173338571266,0.11273209877986266,Compatible con la referencia permutada,Dirección coherente,Baja: evidencia débil,Soil pH,Sap calcium,0.18848579096721518,0.011442876765914243,0.1176686252866948,22
Suelo_N,Nitratos,56,-0.10850122173878272,-0.1096547847044551,56,-0.1905084897159746,-0.16486671223513327,0.055211927530678176,Dirección estable,Muy limitada,-0.04581893917729063,-0.16277638263271013,0.16909614148639293,Compatible con la referencia permutada,Dirección coherente,Baja: evidencia débil,Soil N index,Sap nitrate,0.16486671223513327,0.04581893917729063,0.11724760301199622,23
Suelo_K,Nitratos,56,-0.11395836482604664,-0.11934027286655272,56,-0.18883815548183652,-0.1618591934381408,0.0425189205715881,Dirección estable,Muy limitada,-0.047571638549729574,-0.18036323329681472,0.17072099052622047,Compatible con la referencia permutada,Dirección coherente,Baja: evidencia débil,Soil K index,Sap nitrate,0.1618591934381408,0.047571638549729574,0.11614417148277632,24
Suelo_CE_corregida_OLS,Nitratos,56,-0.10871730009676757,-0.11756060719719202,56,-0.1868351423774892,-0.16001367053998633,0.042453063342794306,Dirección estable,Muy limitada,-0.04623874371097091,-0.17420895451552174,0.18078886769481292,Compatible con la referencia permutada,Dirección coherente,Baja: evidencia débil,OLS-corrected soil EC,Sap nitrate,0.16001367053998633,0.04623874371097091,0.11450369980838015,25
Suelo_CE,Nitratos,56,-0.10871730009677054,-0.11756060719719202,56,-0.1868351423774937,-0.16001367053998633,0.042453063342794306,Dirección estable,Muy limitada,-0.04623874371096957,-0.1771675281447379,0.17204972175128186,Compatible con la referencia permutada,Dirección coherente,Baja: evidencia débil,Soil EC,Sap nitrate,0.16001367053998633,0.04623874371096957,0.11450369980837963,26
Suelo_P,Nitratos,56,-0.10485990148378614,-0.11571249284824053,56,-0.1863521184615057,-0.15461380724538618,0.03890131439714564,Dirección estable,Muy limitada,-0.04770785065389532,-0.17153047180227404,0.17283877249860033,Compatible con la referencia permutada,Dirección coherente,Baja: evidencia débil,Soil P index,Sap nitrate,0.15461380724538618,0.04770785065389532,0.11185142460878984,27
Suelo_pH,Diametro,56,-0.022825223078282116,0.09216149034926946,56,-0.03947729019953645,0.11510594668489404,0.022944456335624586,Dirección estable,Muy limitada,0.08934948594693572,-0.10749606031056996,0.11861030985070226,Compatible con la referencia permutada,Dirección coherente,Baja: evidencia débil,Soil pH,Stem diameter,0.11510594668489404,0.08934948594693572,0.10480336238971072,28
Suelo_K,Diametro,56,0.09846014521137264,0.12785013868926848,56,0.11042740411633985,0.10095693779904306,-0.026893200890225413,Dirección estable,Muy limitada,0.0791137786964981,-0.17158841234100852,0.17386652542485212,Compatible con la referencia permutada,Dirección coherente,Baja: evidencia débil,Soil K index,Stem diameter,0.10095693779904306,0.0791137786964981,0.09221967415802508,29
Suelo_N,Diametro,56,0.0966592996009521,0.1306190855432339,56,0.1126481634048059,0.09384825700615175,-0.03677082853708215,Dirección estable,Muy limitada,0.07840975072477384,-0.1832104091776985,0.1657734975483153,Compatible con la referencia permutada,Dirección coherente,Baja: evidencia débil,Soil N index,Stem diameter,0.09384825700615175,0.07840975072477384,0.08767285449360057,30
Suelo_P,Diametro,56,0.0989239152763178,0.13178135953131817,56,0.11411784535448873,0.08653451811346549,-0.04524684141785268,Dirección estable,Muy limitada,0.0816847226542246,-0.16456186361018108,0.16763954496930011,Compatible con la referencia permutada,Dirección coherente,Baja: evidencia débil,Soil P index,Stem diameter,0.08653451811346549,0.0816847226542246,0.08459459992976914,31
Suelo_Hv,Nitratos,56,-0.07175158115969325,0.16609072102706635,56,0.13535136942266007,0.12597402597402596,-0.040116695053040385,Dirección estable,Muy limitada,0.018702862203930495,-0.12133030033243777,0.12162131977685901,Compatible con la referencia permutada,Dirección coherente,Baja: evidencia débil,Soil moisture index,Sap nitrate,0.12597402597402596,0.018702862203930495,0.08306556046598777,32
Suelo_CE,Diametro,56,0.09535291611560139,0.12583325147465166,56,0.10828402333784169,0.08537252221462749,-0.04046072926002417,Dirección estable,Muy limitada,0.07870305117455328,-0.16042919558281687,0.18307418223653837,Compatible con la referencia permutada,Dirección coherente,Baja: evidencia débil,Soil EC,Stem diameter,0.08537252221462749,0.07870305117455328,0.0827047337985978,33
Suelo_CE_corregida_OLS,Diametro,56,0.09535291611560345,0.12583325147465166,56,0.10828402333784491,0.08537252221462749,-0.04046072926002417,Dirección estable,Muy limitada,0.07870305117455206,-0.17847879912694117,0.17319955669017095,Compatible con la referencia permutada,Dirección coherente,Baja: evidencia débil,OLS-corrected soil EC,Stem diameter,0.08537252221462749,0.07870305117455206,0.08270473379859732,34
Suelo_N,Macollas,56,0.5014243387434186,0.5187038852717736,56,0.07678257527399761,0.10218728639781272,-0.41651659887396086,Dirección estable,Muy limitada,0.04047907281460204,-0.17973831691102807,0.18125154409219238,Compatible con la referencia permutada,Dirección coherente,Baja: evidencia débil,Soil N index,Tillers,0.10218728639781272,0.04047907281460204,0.07750400096452845,35
Suelo_T,Calcio_savia,56,-0.09882654362803968,-0.11075549714492564,56,0.08863681721095087,0.09593465371622359,-0.014820843428702046,Dirección cambia tras ajuste,Muy limitada,0.043305001797133286,-0.15851386009146573,0.1557316160414205,Compatible con la referencia permutada,Dirección coherente,Baja: evidencia débil,Soil temperature,Sap calcium,0.09593465371622359,0.043305001797133286,0.07488279294858746,36
Suelo_P,Macollas,56,0.4994698930395495,0.514212794130293,56,0.0697778723524262,0.0876965140123035,-0.4265162801179895,Dirección estable,Muy limitada,0.034532417539959975,-0.18312595385099806,0.1628791835171857,Compatible con la referencia permutada,Dirección coherente,Baja: evidencia débil,Soil P index,Tillers,0.0876965140123035,0.034532417539959975,0.06643087542336609,37
Suelo_K,Macollas,56,0.4961772379480553,0.5146927580690771,56,0.07326959344835782,0.08386876281613123,-0.4308239952529459,Dirección estable,Muy limitada,0.03906134688506756,-0.17005962020873042,0.16066376192421392,Compatible con la referencia permutada,Dirección coherente,Baja: evidencia débil,Soil K index,Tillers,0.08386876281613123,0.03906134688506756,0.06594579644370577,38
Suelo_Hv,Macollas,56,0.09425978885239603,0.07528577211214904,56,0.12073659702221749,-0.04395078605604921,-0.03133498605609983,Dirección cambia tras ajuste,Muy limitada,-0.09881597895805568,-0.11966134358916519,0.11289773693006562,Compatible con la referencia permutada,Dirección coherente,Baja: evidencia débil,Soil moisture index,Tillers,0.04395078605604921,0.09881597895805568,0.0658968632168518,39
Suelo_CE_corregida_OLS,Macollas,56,0.49697803099399984,0.5099616849582044,56,0.06999540869109666,0.08646616541353383,-0.4234955195446706,Dirección estable,Muy limitada,0.033138412119929926,-0.16943165797656978,0.1713554122682906,Compatible con la referencia permutada,Dirección coherente,Baja: evidencia débil,OLS-corrected soil EC,Tillers,0.08646616541353383,0.033138412119929926,0.06513506409609227,40
Suelo_CE,Macollas,56,0.4969780309940044,0.5099616849582044,56,0.06999540869110793,0.08646616541353383,-0.4234955195446706,Dirección estable,Muy limitada,0.033138412119928594,-0.18293661330119906,0.17158373860522178,Compatible con la referencia permutada,Dirección coherente,Baja: evidencia débil,Soil EC,Tillers,0.08646616541353383,0.033138412119928594,0.06513506409609174,41
Suelo_Hv,Potasio_savia,56,0.1293602945324166,-0.05845055680892751,56,0.007224660128567885,0.022898154477101845,-0.03555240233182566,Dirección cambia tras ajuste,Muy limitada,-0.11771239136280925,-0.12116069055656037,0.1149850538040042,Compatible con la referencia permutada,Dirección no coincidente,Baja: evidencia débil,Soil moisture index,Sap potassium,0.022898154477101845,0.11771239136280925,0.06082384923138481,42
Suelo_T,Potasio_savia,56,-0.061597916117680736,-0.07825441545763635,56,0.0047251526153966545,-0.09856459330143541,0.020310177843799057,Dirección estable,Muy limitada,3.9130780917606364e-5,-0.1430196105735744,0.15387786565841347,Compatible con la referencia permutada,Dirección no coincidente,Baja: evidencia débil,Soil temperature,Sap potassium,0.09856459330143541,3.9130780917606364e-5,0.05915440829322828,43
Suelo_Hv,Calcio_savia,56,-0.007254637388651958,0.0052822380180608695,56,-0.07559349559923606,-0.0796322562019241,0.07435001818386323,Dirección cambia tras ajuste,Muy limitada,0.024598475319835264,-0.11321219173815175,0.11341197427984458,Compatible con la referencia permutada,Dirección no coincidente,Baja: evidencia débil,Soil moisture index,Sap calcium,0.0796322562019241,0.024598475319835264,0.05761874384908856,44
Suelo_Hv,NDVI,56,0.059871207731670706,-0.10175190416570444,56,0.03987560671333707,-0.07580314422419686,-0.025948759941507582,Dirección estable,Muy limitada,-0.023779990385072548,-0.11564344772673135,0.12112621662588555,Compatible con la referencia permutada,Dirección coherente,Baja: evidencia débil,Soil moisture index,NDVI,0.07580314422419686,0.023779990385072548,0.05499388268854714,45
Suelo_N,Altura,56,-0.13940489602424969,-0.1343518234490552,56,0.04175265911430587,0.06473000683527,-0.06962181661378519,Dirección cambia tras ajuste,Muy limitada,-0.018270041198085948,-0.1747846373486522,0.1709299965376733,Compatible con la referencia permutada,Dirección no coincidente,Baja: evidencia débil,Soil N index,Plant height,0.06473000683527,0.018270041198085948,0.04614602058039638,46
Suelo_K,Altura,56,-0.13597643715353813,-0.13069482901785479,56,0.039274227788805204,0.06274777853725222,-0.06794705048060257,Dirección cambia tras ajuste,Muy limitada,-0.01742858133097855,-0.17590983329969778,0.1848156117927957,Compatible con la referencia permutada,Dirección no coincidente,Baja: evidencia débil,Soil K index,Plant height,0.06274777853725222,0.01742858133097855,0.04462009965474275,47
Suelo_P,Altura,56,-0.1371265607403571,-0.13165179952321562,56,0.04152512788524022,0.05714285714285714,-0.07450894238035849,Dirección cambia tras ajuste,Muy limitada,-0.016548655696618154,-0.17126606500517577,0.1780247557828212,Compatible con la referencia permutada,Dirección no coincidente,Baja: evidencia débil,Soil P index,Plant height,0.05714285714285714,0.016548655696618154,0.040905176564361545,48
Suelo_T,Nitratos,56,0.14637253385022736,0.08973621894353347,56,0.10214803241996324,0.06404647983595352,-0.025689739107579948,Dirección estable,Muy limitada,0.003912573147117848,-0.1456127414844128,0.14047395312293703,Compatible con la referencia permutada,Dirección coherente,Baja: evidencia débil,Soil temperature,Sap nitrate,0.06404647983595352,0.003912573147117848,0.03999291716041925,49
Suelo_CE,Altura,56,-0.13833448997330142,-0.1281315151642096,56,0.03599044714181764,0.052289815447710185,-0.0758416997164994,Dirección cambia tras ajuste,Muy limitada,-0.01825609281569754,-0.17597457686073883,0.18017942966300068,Compatible con la referencia permutada,Dirección no coincidente,Baja: evidencia débil,Soil EC,Plant height,0.052289815447710185,0.01825609281569754,0.038676326394905126,50
Suelo_CE_corregida_OLS,Altura,56,-0.13833448997330935,-0.1281315151642096,56,0.035990447141804896,0.052289815447710185,-0.0758416997164994,Dirección cambia tras ajuste,Muy limitada,-0.018256092815697508,-0.16791699812694852,0.16353769898785103,Compatible con la referencia permutada,Dirección no coincidente,Baja: evidencia débil,OLS-corrected soil EC,Plant height,0.052289815447710185,0.018256092815697508,0.03867632639490511,51
Suelo_pH,Nitratos,56,-0.13760435715829364,-0.12515841063177036,56,0.04583811491693976,0.036295283663704714,-0.08886312696806564,Dirección cambia tras ajuste,Muy limitada,-0.03226663382625198,-0.1279795185402181,0.11487078534395215,Compatible con la referencia permutada,Dirección no coincidente,Baja: evidencia débil,Soil pH,Sap nitrate,0.036295283663704714,0.03226663382625198,0.034683823728723626,52
Suelo_Hv,Diametro,56,0.16969201572458126,0.06956551663974903,56,0.0545593329350841,0.020027341079972658,-0.04953817555977637,Dirección estable,Muy limitada,0.053511628331695586,-0.11633295833820025,0.11370550376500553,Compatible con la referencia permutada,Dirección coherente,Baja: evidencia débil,Soil moisture index,Stem diameter,0.020027341079972658,0.053511628331695586,0.03342105598066183,53
Suelo_T,NDVI,56,-0.07930143841665847,-0.060385961512026846,56,-0.07933962402701848,0.010526315789473684,-0.049859645722553164,Dirección cambia tras ajuste,Muy limitada,-0.0620940508678257,-0.15899732715725381,0.14809291460687243,Compatible con la referencia permutada,Dirección no coincidente,Baja: evidencia débil,Soil temperature,NDVI,0.010526315789473684,0.0620940508678257,0.031153409820814493,54
Suelo_T,Macollas,56,0.1917629959124316,0.21900068863953007,56,-0.05504741045960613,-0.0026657552973342446,-0.21633493334219583,Dirección cambia tras ajuste,Muy limitada,-0.06660654753761962,-0.15631714873838615,0.1474354971517008,Compatible con la referencia permutada,Dirección coherente,Baja: evidencia débil,Soil temperature,Tillers,0.0026657552973342446,0.06660654753761962,0.028242072193448396,55
Suelo_pH,Potasio_savia,56,-0.3225875888912326,-0.28175021775953374,56,-0.06892536401403983,-0.030485304169514695,-0.25126491359001907,Dirección estable,Muy limitada,-0.023502634133949343,-0.11262516328619893,0.12178048558636516,Compatible con la referencia permutada,Dirección coherente,Baja: evidencia débil,Soil pH,Sap potassium,0.030485304169514695,0.023502634133949343,0.027692236155288555,56
