Nodo,Experimental_Unit,Treatment_ID,Treatment_base,Dose_percent,Omission_description,Replication,Macollas,Altura,Diametro,NDVI,Nitratos,Potasio_savia,Calcio_savia,X,Y,GLI_09_buffer_0_0m,GLI_09_buffer_0_5m,GLI_09_buffer_1_0m,GRVI_09_buffer_0_0m,GRVI_09_buffer_0_5m,GRVI_09_buffer_1_0m,GLI_14_buffer_0_0m,GLI_14_buffer_0_5m,GLI_14_buffer_1_0m,GRVI_14_buffer_0_0m,GRVI_14_buffer_0_5m,GRVI_14_buffer_1_0m,Delta_GLI_buffer_0_0m,Delta_GLI_buffer_0_5m,Delta_GLI_buffer_1_0m,Delta_GRVI_buffer_0_0m,Delta_GRVI_buffer_0_5m,Delta_GRVI_buffer_1_0m
1,L2_NODE_01,T4-A,T4,100,Sin K,1,8.666666666666666,28.53333333333333,3.3555555555555556,0.7,4900,4100,1200,587212.895,517579,0.02583126159482422,0.030686279481159123,0.030686279481159123,-0.070358883077111245,-0.07122167349949231,-0.07122167349949231,0.13377059507494926,0.13362828900002136,0.13362828900002136,0.043357746545662816,0.04030907433722913,0.04030907433722913,0.10793933348012504,0.10294200951886223,0.10294200951886223,0.11371662962277404,0.11153074783672143,0.11153074783672143
2,L2_NODE_02,T6-A,T6,100,Sin Fe,1,8.333333333333334,39.13333333333333,3.2999999999999994,0.69,5500,4100,1000,587211.104,517578,0.12213031788476794,0.12792776344001913,0.12792776344001913,0.020800091219272225,0.01620556737541202,0.01620556737541202,0.20930084217883904,0.18104883431602645,0.18104883431602645,0.12376061359230986,0.10278401287974621,0.10278401287974621,0.08717052429407111,0.053121070876007315,0.053121070876007315,0.10296052237303764,0.08657844550433419,0.08657844550433419
3,L2_NODE_03,T10-A,T10,100,Sin Cu,1,7.333333333333333,39.9,3.3444444444444446,0.7,5400,4200,940,587208.994,517576,-0.013604885076532989,-0.017773124234304452,-0.017773124234304452,-0.11327257750900387,-0.1167870900374383,-0.1167870900374383,0.04749486093410571,0.03588081096415835,0.03588081096415835,-0.038693333715142206,-0.04300582938687738,-0.04300582938687738,0.0610997460106387,0.0536539351984628,0.0536539351984628,0.07457924379386167,0.07378126065056093,0.07378126065056093
4,L2_NODE_04,T3-B,T3,75,Sin P,1,7.666666666666667,48.333333333333336,3.3000000000000003,0.66,6100,4400,1400,587207.025,517574,0.030643205431266068,0.035936846706484005,0.035936846706484005,-0.032767745245990285,-0.022566458667691316,-0.022566458667691316,0.182799265586269,0.16871782229488444,0.16871782229488444,0.10633868680908765,0.09866019485351031,0.09866019485351031,0.1521560601550029,0.13278097558840044,0.13278097558840044,0.13910643205507794,0.12122665352120163,0.12122665352120163
5,L2_NODE_05,T1-B,T1,75,Completo,1,8,46.5,3.077777777777778,0.68,5800,4400,1600,587204.915,517572,0.05401138514209975,0.044766039942341795,0.044766039942341795,-0.0585270600790404,-0.05941504411767288,-0.05941504411767288,0.1726329708462451,0.1419020001636617,0.1419020001636617,0.05117824350352884,0.03807119435313387,0.03807119435313387,0.11862158570414535,0.0971359602213199,0.0971359602213199,0.10970530358256923,0.09748623847080676,0.09748623847080676
6,L2_NODE_06,T2-B,T2,75,Sin N,1,5.666666666666667,44.43333333333334,3.3333333333333335,0.65,4100,4100,1500,587202.983,517570,0.025895117016606184,0.021807061062652754,0.021807061062652754,-0.0876974146306447,-0.0874598215649118,-0.0874598215649118,0.14732269983373716,0.13265496182181055,0.13265496182181055,0.05324303127120686,0.051296496121497885,0.051296496121497885,0.12142758281713097,0.11084790075915779,0.11084790075915779,0.14094044590185156,0.1387563176864097,0.1387563176864097
7,L2_NODE_07,T10-A,T10,100,Sin Cu,2,6.666666666666667,44.699999999999996,3.1333333333333337,0.7,3400,4400,1200,587201.014,517569,0.06128767081736129,0.05633864791390962,0.05633864791390962,-0.06060755300104555,-0.059120539920805924,-0.059120539920805924,0.2706911905628873,0.27296208419341533,0.27296208419341533,0.1466815864961182,0.14979476640837855,0.14979476640837855,0.20940351974552604,0.2166234362795057,0.2166234362795057,0.20728913949716374,0.20891530632918448,0.20891530632918448
8,L2_NODE_08,T4-A,T4,100,Sin K,2,5.666666666666667,42.63333333333333,2.888888888888889,0.69,3800,4400,1400,587198.948,517567,0.011617446270928812,0.010752094825414006,0.010752094825414006,-0.0552141338587705,-0.05871172201015013,-0.05871172201015013,0.1976673543585192,0.16643657873968268,0.16643657873968268,0.10945734930148406,0.09178011819613185,0.09178011819613185,0.18604990808759042,0.15568448391426867,0.15568448391426867,0.16467148316025454,0.15049184020628198,0.15049184020628198
9,L2_NODE_09,T0-A,T0,100,Control,2,4.666666666666667,46.46666666666667,3.333333333333334,0.66,3600,4200,1600,587197.023,517566,-0.02223143089561463,-0.019834459352849495,-0.019834459352849495,-0.08235984280041374,-0.07770303834868854,-0.07770303834868854,0.2889804110423327,0.3554226015745402,0.3554226015745402,0.18659792989264745,0.23244658994874115,0.23244658994874115,0.3112118419379474,0.3752570609273897,0.3752570609273897,0.2689577726930612,0.3101496282974297,0.3101496282974297
10,L2_NODE_10,T3-B,T3,75,Sin P,2,6.333333333333333,48.800000000000004,3.2777777777777786,0.69,5400,4700,1700,587194.69,517564,0.032326518519246596,0.03861136507580565,0.03861136507580565,-0.06872142976258128,-0.06317100736111139,-0.06317100736111139,0.27040791897001915,0.24709923556857596,0.24709923556857596,0.18545909805623978,0.17455554615646138,0.17455554615646138,0.23808140045077253,0.20848787049277032,0.20848787049277032,0.25418052781882106,0.23772655351757277,0.23772655351757277
11,L2_NODE_11,T8-B,T8,75,Sin Mn,2,6,41.13333333333333,3.222222222222222,0.7,5900,4500,2000,587193.167,517562,-0.030223521437585693,-0.02987323133992892,-0.02987323133992892,-0.0744929822377425,-0.07410789097584643,-0.07410789097584643,0.22926619281728058,0.235306670367515,0.235306670367515,0.10187933712737164,0.11558959549476777,0.11558959549476777,0.2594897142548663,0.2651799017074439,0.2651799017074439,0.1763723193651141,0.18969748647061419,0.18969748647061419
12,L2_NODE_12,T7-B,T7,75,Sin Zn,2,5.666666666666667,47.86666666666667,3.2222222222222223,0.69,5400,4900,1800,587191.101,517561,0.1453561677934409,0.1410716641326286,0.1410716641326286,0.11120875362215957,0.10855585365139742,0.10855585365139742,0.20600267333325084,0.19934959714420442,0.19934959714420442,0.12135837382899341,0.10745736542225776,0.10745736542225776,0.060646505539809936,0.05827793301157583,0.05827793301157583,0.01014962020683385,-0.0010984882291396603,-0.0010984882291396603
13,L2_NODE_13,T0-A,T0,100,Control,3,7.666666666666667,44.333333333333336,3.3111111111111113,0.67,2800,4300,1000,587189.132,517559,0.03286418076338271,0.02288731975378207,0.02288731975378207,-0.08031035696429853,-0.08987336515142738,-0.08987336515142738,0.2672103103767661,0.2748445360929985,0.2748445360929985,0.1936816212542105,0.1990551685065898,0.1990551685065898,0.2343461296133834,0.25195721633921647,0.25195721633921647,0.273991978218509,0.2889285336580172,0.2889285336580172
14,L2_NODE_14,T11-A,T11,100,Sin Mo,3,7.333333333333333,62.333333333333336,3.533333333333333,0.72,4500,4800,2000,587187.054,517557,0.11641533955365999,0.10395866527448432,0.10395866527448432,0.026428675874341872,0.009154139550536736,0.009154139550536736,0.2562367954444569,0.279887481019727,0.279887481019727,0.16833917033616597,0.18444566997753525,0.18444566997753525,0.1398214558907969,0.17592881574524266,0.17592881574524266,0.14191049446182408,0.17529153042699852,0.17529153042699852
15,L2_NODE_15,T8-A,T8,100,Sin Mn,3,7.333333333333333,56.666666666666664,4.022222222222222,0.72,4900,4800,1700,587188.6,517555,0.19077106961180076,0.20180358543352012,0.20180358543352012,0.08959964201383813,0.0886606707906253,0.0886606707906253,0.13263127790445667,0.15899302053538497,0.15899302053538497,0.0357153437682087,0.03830773221268402,0.03830773221268402,-0.05813979170734408,-0.042810564898135145,-0.042810564898135145,-0.05388429824562942,-0.05035293857794128,-0.05035293857794128
16,L2_NODE_16,T10-A,T10,100,Sin Cu,3,6.666666666666667,45.333333333333336,3.2777777777777777,0.71,5300,5700,1900,587190.678,517557,0.24885400877319525,0.26233851673823366,0.26233851673823366,0.11547452583277433,0.11957468278248316,0.11957468278248316,0.24791200992009077,0.25235171256549144,0.25235171256549144,0.13639077415721537,0.14622603922477936,0.14622603922477936,-9.419988531044897e-4,-0.009986804172742225,-0.009986804172742225,0.020916248324441025,0.0266513564422962,0.0266513564422962
17,L2_NODE_17,T1-B,T1,75,Completo,2,5.333333333333333,37.6,3.255555555555555,0.7,5900,4700,2300,587192.647,517559,0.08626782967152177,0.08403050790954979,0.08403050790954979,0.012993358005844197,0.007354473140682488,0.007354473140682488,0.11731369559918026,0.09673007969434187,0.09673007969434187,0.014906208415616734,5.120116515678544e-4,5.120116515678544e-4,0.03104586592765849,0.012699571784792085,0.012699571784792085,0.0019128504097725343,-0.0068424614891146335,-0.0068424614891146335
18,L2_NODE_18,T5-B,T5,75,Sin Mg y S,2,6,49.53333333333333,3.3444444444444446,0.71,5200,5600,1800,587194.713,517560,-0.018072791890403853,-0.017494782679428084,-0.017494782679428084,-0.06934890734357359,-0.06981917907833483,-0.06981917907833483,0.2104890731198457,0.20765979846027777,0.20765979846027777,0.1278776553261845,0.12559404239328698,0.12559404239328698,0.22856186501024953,0.22515458113970585,0.22515458113970585,0.19722656266975813,0.19541322147162182,0.19541322147162182
19,L2_NODE_19,T11-B,T11,75,Sin Mo,2,6,48.36666666666667,3.6222222222222222,0.7,5600,5600,1800,587196.236,517562,0.09433775259337718,0.09565896008087568,0.09565896008087568,-0.02315682293610692,-0.020454969888242542,-0.020454969888242542,0.2744831593706632,0.31225548598790154,0.31225548598790154,0.2289213516045173,0.2656147375547515,0.2656147375547515,0.18014540677728602,0.21659652590702586,0.21659652590702586,0.25207817454062426,0.28606970744299404,0.28606970744299404
20,L2_NODE_20,T9-A,T9,100,Sin B,2,5.666666666666667,46.4,3.4222222222222225,0.71,5700,5000,1300,587198.569,517564,0.18758226975155334,0.17745906095723016,0.17745906095723016,0.1128100151855204,0.11489383600636094,0.11489383600636094,0.22593758066698277,0.23894722195153834,0.23894722195153834,0.12952509736164294,0.1331653871011123,0.1331653871011123,0.0383553109154294,0.06148816099430818,0.06148816099430818,0.016715082176122522,0.01827155109475137,0.01827155109475137
21,L2_NODE_21,T11-A,T11,100,Sin Mo,2,6.666666666666667,45.9,3.622222222222222,0.72,4500,5600,1300,587200.494,517565,-0.019819454089719628,-0.0208029118890621,-0.0208029118890621,-0.058000917005749074,-0.057637774164503705,-0.057637774164503705,0.2938096534211649,0.3023150371232058,0.3023150371232058,0.18878836695127105,0.19835040183767005,0.19835040183767005,0.3136291075108846,0.32311794901226787,0.32311794901226787,0.24678928395702018,0.2559881760021738,0.2559881760021738
22,L2_NODE_22,T5-A,T5,100,Sin Mg y S,2,7,46.03333333333333,5.233333333333333,0.7,4600,4700,1200,587202.56,517567,-0.00623523862803349,-0.007195281583676311,-0.007195281583676311,-0.05852807208006782,-0.05894718693287273,-0.05894718693287273,0.31447128479665726,0.3752044529839674,0.3752044529839674,0.15657423370633222,0.18854008995751548,0.18854008995751548,0.3207065234246908,0.3823997345676437,0.3823997345676437,0.21510230578640002,0.2474872768903882,0.2474872768903882
23,L2_NODE_23,T10-B,T10,75,Sin Cu,1,6.333333333333333,45.06666666666666,3.055555555555556,0.7,5800,4400,1500,587204.529,517569,0.22428564153233096,0.2202877550512946,0.2202877550512946,0.12444234095056989,0.12159991893970211,0.12159991893970211,0.21790054173471174,0.23437583823206257,0.23437583823206257,0.12168041971642968,0.1282154703650689,0.1282154703650689,-0.006385099797619207,0.014088083180767957,0.014088083180767957,-0.00276192123414018,0.006615551425366781,0.006615551425366781
24,L2_NODE_24,T7-B,T7,75,Sin Zn,1,6.333333333333333,38.733333333333334,2.833333333333333,0.67,5600,4400,1600,587206.461,517570,0.21962038119922433,0.2114667096449013,0.2114667096449013,0.09394652405809963,0.09638176826142783,0.09638176826142783,0.09190074117910833,0.10090136197543338,0.10090136197543338,0.011644672536959909,0.0034154923916346587,0.0034154923916346587,-0.12771964002011602,-0.11056534766946792,-0.11056534766946792,-0.08230185152113971,-0.09296627586979317,-0.09296627586979317
25,L2_NODE_25,T0-B,T0,75,Control,1,6.333333333333333,41.9,2.844444444444444,0.66,5000,4300,1600,587208.571,517572,0.22503189118098965,0.22154872032745904,0.22154872032745904,0.11763356935959254,0.11438734856999666,0.11438734856999666,0.22938851521591175,0.2287481775983319,0.2287481775983319,0.12511292268057966,0.12598087307117845,0.12598087307117845,0.004356624034922093,0.007199457270872872,0.007199457270872872,0.00747935332098712,0.011593524501181784,0.011593524501181784
26,L2_NODE_26,T9-A,T9,100,Sin B,1,7.666666666666667,40.93333333333333,3.511111111111111,0.71,4600,4400,1200,587210.54,517574,0.06426232820615739,0.07288820782323983,0.07288820782323983,-0.007436138054780939,-1.3791835233541744e-4,-1.3791835233541744e-4,0.22334818771342116,0.21596771010899815,0.21596771010899815,0.14363301505999054,0.13504496834135804,0.13504496834135804,0.15908585950726378,0.14307950228575833,0.14307950228575833,0.15106915311477148,0.13518288669369347,0.13518288669369347
27,L2_NODE_27,T1-A,T1,100,Completo,1,7,46.300000000000004,3.411111111111111,0.72,4000,4200,750,587212.65,517576,0.23288844097069364,0.24388646191474198,0.24388646191474198,0.09444247593989966,0.10234598766053635,0.10234598766053635,0.18285452378711908,0.1900572056457997,0.1900572056457997,0.08110219300948197,0.09007628796597238,0.09007628796597238,-0.050033917183574535,-0.05382925626894228,-0.05382925626894228,-0.013340282930417684,-0.01226969969456397,-0.01226969969456397
28,L2_NODE_28,T2-A,T2,100,Sin N,1,9.333333333333334,44.300000000000004,3.6222222222222222,0.7,3600,3200,1200,587214.441,517577,0.20963941695964056,0.20686945453830585,0.20686945453830585,0.08955634118930599,0.093841673198497,0.093841673198497,0.2032565690812387,0.1861309027155483,0.1861309027155483,0.08894625951149127,0.08601756934197603,0.08601756934197603,-0.006382847878401862,-0.02073855182275755,-0.02073855182275755,-6.100816778147207e-4,-0.007824103856520964,-0.007824103856520964
29,L2_NODE_29,T7-A,T7,100,Sin Zn,1,9.333333333333334,50.6,3.577777777777778,0.73,3600,4100,950,587215.987,517575,0.09157072647211378,0.07827704281955267,0.07827704281955267,0.017047025511500398,0.015705015661927967,0.015705015661927967,0.24647029033650225,0.2522019652124865,0.2522019652124865,0.1505269493480975,0.14743519478007042,0.14743519478007042,0.15489956386438847,0.17392492239293383,0.17392492239293383,0.13347992383659707,0.13173017911814244,0.13173017911814244
30,L2_NODE_30,T0-A,T0,100,Control,1,8.666666666666666,43.4,3.333333333333334,0.67,2200,3700,780,587214.196,517574,0.12944463028960998,0.13509923312830763,0.13509923312830763,0.028051432409572193,0.04887440685408801,0.04887440685408801,0.21250170343698271,0.22507785535874195,0.22507785535874195,0.07270708364538876,0.08156443524696733,0.08156443524696733,0.08305707314737273,0.08997862223043432,0.08997862223043432,0.04465565123581658,0.032690028392879315,0.032690028392879315
31,L2_NODE_31,T5-A,T5,100,Sin Mg y S,1,9.333333333333334,44.6,3.488888888888889,0.69,5800,4600,1000,587212.086,517572,-0.003625161039921142,-0.012468364584967565,-0.012468364584967565,-0.052210680321191395,-0.05613954777682484,-0.05613954777682484,0.22136471659954288,0.23113061723546946,0.23113061723546946,0.09510498638239481,0.09581168287763309,0.09581168287763309,0.22498987763946401,0.24359898182043702,0.24359898182043702,0.14731566670358626,0.15195123065445792,0.15195123065445792
32,L2_NODE_32,T4-B,T4,75,Sin K,1,7,44.5,3.077777777777778,0.67,5200,4200,1300,587210.117,517570,0.21982832710125075,0.20915165506837444,0.20915165506837444,0.12376297654827319,0.12108933833248886,0.12108933833248886,0.26617328262295553,0.30085845909502934,0.30085845909502934,0.10527814150754791,0.12140846336673636,0.12140846336673636,0.04634495552170479,0.0917068040266549,0.0917068040266549,-0.018484835040725255,3.1912503424749716e-4,3.1912503424749716e-4
33,L2_NODE_33,T8-B,T8,75,Sin Mn,1,6.666666666666667,40.800000000000004,3.0444444444444443,0.68,5200,4700,1400,587208.007,517569,0.014680207063531767,0.017978223907339563,0.017978223907339563,-0.06755183380618819,-0.06542544543478633,-0.06542544543478633,0.20605089767644844,0.19833366049881013,0.19833366049881013,0.10219983493611433,0.09584979920963793,0.09584979920963793,0.19137069061291667,0.18035543659147057,0.18035543659147057,0.16975166874230252,0.16127524464442428,0.16127524464442428
34,L2_NODE_34,T11-B,T11,75,Sin Mo,1,7,42.06666666666666,3.2222222222222228,0.69,5800,4400,1500,587206.075,517567,0.11186204685501573,0.10876376095585194,0.10876376095585194,-0.007927816285566113,-0.01089384946942173,-0.01089384946942173,0.2463372003319153,0.25229832417514364,0.25229832417514364,0.11993463665659712,0.11749451222285937,0.11749451222285937,0.13447515347689956,0.1435345632192917,0.1435345632192917,0.12786245294216322,0.1283883616922811,0.1283883616922811
35,L2_NODE_35,T1-A,T1,100,Completo,2,7,41.96666666666667,3.077777777777778,0.7,5600,4300,1700,587204.105,517565,0.03979109932467914,0.041423007145366814,0.041423007145366814,-0.06663072448328572,-0.06670684113457324,-0.06670684113457324,0.16137059088416994,0.16567196333526818,0.16567196333526818,0.047076636888702686,0.036942627325131185,0.036942627325131185,0.12157949155949077,0.12424895618990137,0.12424895618990137,0.11370736137198842,0.10364946845970444,0.10364946845970444
36,L2_NODE_36,T7-A,T7,100,Sin Zn,2,5.333333333333333,47.46666666666666,3.211111111111111,0.7,4500,5000,1600,587202.04,517564,0.08823890461782986,0.09513162033595955,0.09513162033595955,-0.002970203746222715,0.01634998647580838,0.01634998647580838,0.21650080492612642,0.20165766168955182,0.20165766168955182,0.1461491106727178,0.14087198278556984,0.14087198278556984,0.1282619003082966,0.10652604135359227,0.10652604135359227,0.1491193144189405,0.12452199630976146,0.12452199630976146
37,L2_NODE_37,T2-A,T2,100,Sin N,2,5,40.53333333333334,2.6666666666666665,0.67,3700,5100,1900,587200.115,517562,0.004163771002262695,0.0018099780493110776,0.0018099780493110776,-0.12137685223964939,-0.11876654708681395,-0.11876654708681395,0.20248306217650042,0.20814306412153452,0.20814306412153452,0.10752194173496256,0.10966270319221191,0.10966270319221191,0.1983192911742377,0.20633308607222345,0.20633308607222345,0.22889879397461196,0.22842925027902586,0.22842925027902586
38,L2_NODE_38,T2-B,T2,75,Sin N,2,4.666666666666667,37.800000000000004,2.8555555555555556,0.67,4000,4300,2000,587197.782,517560,0.03911914869579755,0.03468652799408606,0.03468652799408606,-0.02501349603431206,-0.028945664590297845,-0.028945664590297845,0.19780661159626506,0.22322987397441083,0.22322987397441083,0.09435929877307417,0.0989938172654866,0.0989938172654866,0.1586874629004675,0.18854334598032477,0.18854334598032477,0.11937279480738623,0.12793948185578444,0.12793948185578444
39,L2_NODE_39,T4-B,T4,75,Sin K,2,6,40.93333333333333,3.1111111111111116,0.69,5500,4000,2300,587196.259,517559,0.004635901089478315,0.0027797170926838616,0.0027797170926838616,-0.10759734958288406,-0.11058629225536516,-0.11058629225536516,0.1815662104532084,0.19510293963474895,0.19510293963474895,0.07006129394936456,0.08527246800738637,0.08527246800738637,0.17693030936373005,0.19232322254206508,0.19232322254206508,0.1776586435322486,0.19585876026275154,0.19585876026275154
40,L2_NODE_40,T6-B,T6,75,Sin Fe,2,5,42.03333333333333,3.355555555555556,0.71,6700,4500,1800,587194.193,517557,-0.007573482648418637,-0.009884340756875129,-0.009884340756875129,-0.11360846764869162,-0.11016312882811972,-0.11016312882811972,0.1983036971814363,0.20065650707071017,0.20065650707071017,0.12374757115459255,0.11966320825432283,0.11966320825432283,0.20587717982985493,0.2105408478275853,0.2105408478275853,0.2373560388032842,0.22982633708244254,0.22982633708244254
41,L2_NODE_41,T2-A,T2,100,Sin N,3,7.666666666666667,50.666666666666664,3.6222222222222222,0.7,2900,5200,1500,587192.224,517555,0.011000710430013308,0.01694798006713365,0.01694798006713365,-0.08017647569274458,-0.0701036348603267,-0.0701036348603267,0.16862400059894997,0.18111305196492397,0.18111305196492397,0.053291125092528195,0.06042723347560485,0.06042723347560485,0.15762329016893664,0.1641650718977903,0.1641650718977903,0.13346760078527278,0.13053086833593155,0.13053086833593155
42,L2_NODE_42,T3-A,T3,100,Sin P,3,7.333333333333333,49.666666666666664,3.4,0.7,5400,5100,1500,587190.146,517554,0.01409569489130397,0.015960540489164707,0.015960540489164707,-0.1273759680839367,-0.13948236054510024,-0.13948236054510024,0.21573558271979537,0.20001745485333197,0.20001745485333197,0.16126466127838582,0.14769396233922016,0.14769396233922016,0.20163988782849135,0.18405691436416727,0.18405691436416727,0.2886406293623225,0.2871763228843204,0.2871763228843204
43,L2_NODE_43,T5-A,T5,100,Sin Mg y S,3,7.666666666666667,54.833333333333336,3.4000000000000004,0.72,3400,5000,1900,587191.692,517552,0.10710969465587483,0.10465218116356717,0.10465218116356717,3.9226525587065337e-4,-0.0030134899622400596,-0.0030134899622400596,0.24811581757628504,0.21166818702172546,0.21166818702172546,0.14010442902367026,0.11944832171176309,0.11944832171176309,0.1410061229204102,0.10701600585815829,0.10701600585815829,0.1397121637677996,0.12246181167400315,0.12246181167400315
44,L2_NODE_44,T1-A,T1,100,Completo,3,7.666666666666667,54.666666666666664,3.6999999999999997,0.71,4800,5000,1700,587193.77,517553,0.20497661230476344,0.17600904327515607,0.17600904327515607,0.033998018603611325,0.02280012590154371,0.02280012590154371,0.1970717598375409,0.18889166810175562,0.18889166810175562,0.11872214362688222,0.11542175438961295,0.11542175438961295,-0.00790485246722252,0.012882624826599548,0.012882624826599548,0.0847241250232709,0.09262162848806925,0.09262162848806925
45,L2_NODE_45,T0-B,T0,75,Control,2,5,47.599999999999994,3.3111111111111113,0.67,4400,4300,1900,587195.739,517555,0.19793379901538186,0.19963211116311846,0.19963211116311846,0.01685520237257832,0.01477637371549156,0.01477637371549156,0.18887798374079062,0.16690282640983214,0.16690282640983214,0.09723171857524555,0.08345644421539053,0.08345644421539053,-0.009055815274591246,-0.03272928475328632,-0.03272928475328632,0.08037651620266725,0.06868007049989897,0.06868007049989897
46,L2_NODE_46,T9-B,T9,75,Sin B,2,4.666666666666667,47,3.2444444444444445,0.71,5800,4400,1700,587197.805,517557,0.1698081712074932,0.17381740375579824,0.17381740375579824,0.03115327436976391,0.02887773789078553,0.02887773789078553,0.170998259586454,0.1702715015528709,0.1702715015528709,0.07317907428831552,0.08055616969543748,0.08055616969543748,0.0011900883789608032,-0.0035459022029273313,-0.0035459022029273313,0.04202579991855161,0.05167843180465195,0.05167843180465195
47,L2_NODE_47,T10-B,T10,75,Sin Cu,2,5.333333333333333,46.199999999999996,3.088888888888889,0.71,4800,4600,1800,587199.328,517558,0.12364778162870349,0.139229531333146,0.139229531333146,-0.038128524589432125,-0.043744783938467126,-0.043744783938467126,0.2718432572231345,0.2924177171341085,0.2924177171341085,0.14360089665291753,0.15294867903354148,0.15294867903354148,0.14819547559443103,0.15318818580096252,0.15318818580096252,0.18172942124234964,0.1966934629720086,0.1966934629720086
48,L2_NODE_48,T8-A,T8,100,Sin Mn,2,6.333333333333333,43,3.4,0.72,5100,4300,1400,587201.661,517560,0.11800400386774766,0.11299098754769003,0.11299098754769003,0.0025976098804000383,9.983008683151948e-4,9.983008683151948e-4,0.18106862730558027,0.18194811558290358,0.18194811558290358,0.08887032416804796,0.09699271262621975,0.09699271262621975,0.0630646234378326,0.06895712803521355,0.06895712803521355,0.08627271428764793,0.09599441175790456,0.09599441175790456
49,L2_NODE_49,T6-A,T6,100,Sin Fe,2,7,36.6,3.0222222222222226,0.72,4300,4800,1400,587203.586,517562,0.22799759700507571,0.22627692208176076,0.22627692208176076,0.042224906097497815,0.04097435369396593,0.04097435369396593,0.2354218916255719,0.2333148350172875,0.2333148350172875,0.13291344401843894,0.13379655724930284,0.13379655724930284,0.007424294620496128,0.007037912935526747,0.007037912935526747,0.09068853792094111,0.09282220355533691,0.09282220355533691
50,L2_NODE_50,T3-A,T3,100,Sin P,2,4,39.166666666666664,3.1111111111111107,0.68,3600,4600,1300,587205.651,517563,0.1602988086165515,0.14985278178005443,0.14985278178005443,-0.007349275208101587,-0.010629533696378032,-0.010629533696378032,0.033629357400866214,0.04816518304913425,0.04816518304913425,-0.03438602292721214,-0.021516183326664058,-0.021516183326664058,-0.1266694512156853,-0.10168759873092018,-0.10168759873092018,-0.02703674771911056,-0.010886649630286026,-0.010886649630286026
51,L2_NODE_51,T9-B,T9,75,Sin B,1,6,40,3.488888888888889,0.68,4800,3800,1500,587207.621,517565,0.1743172176146146,0.1721531573228191,0.1721531573228191,0.02706285190245424,0.022798524370173195,0.022798524370173195,0.13478183279511977,0.14090779794141287,0.14090779794141287,0.032569927933225475,0.04193880903806594,0.04193880903806594,-0.039535384819494875,-0.03124535938140624,-0.03124535938140624,0.005507076030771234,0.019140284667892745,0.019140284667892745
52,L2_NODE_52,T5-B,T5,75,Sin Mg y S,1,7.666666666666667,42.266666666666666,3.2000000000000006,0.67,5900,4300,1300,587209.552,517567,0.0938294983202553,0.09533657114747258,0.09533657114747258,-0.04989063299710346,-0.049163168420691974,-0.049163168420691974,0.18450461531884718,0.1962475927852059,0.1962475927852059,0.0935142567452222,0.10192632139789493,0.10192632139789493,0.09067511699859188,0.10091102163773331,0.10091102163773331,0.14340488974232565,0.1510894898185869,0.1510894898185869
53,L2_NODE_53,T6-B,T6,75,Sin Fe,1,8.666666666666666,45.300000000000004,3.0555555555555554,0.69,5700,4800,1200,587211.663,517569,0.21044151059982882,0.21371258147979896,0.21371258147979896,0.03407478317458929,0.0332234465390913,0.0332234465390913,0.21953755151394314,0.2385362047495068,0.2385362047495068,0.11352721398547741,0.12314996968290551,0.12314996968290551,0.009096040914114296,0.02482362326970783,0.02482362326970783,0.07945243081088811,0.0899265231438142,0.0899265231438142
54,L2_NODE_54,T11-A,T11,100,Sin Mo,1,9.666666666666666,45.26666666666667,3.377777777777778,0.72,6000,4800,940,587213.632,517570,0.1574729193196978,0.14594835226873323,0.14594835226873323,0.02473517509529485,0.024085832487675114,0.024085832487675114,0.1651463494777219,0.17110579616221872,0.17110579616221872,0.08739671324889996,0.08334953659249096,0.08334953659249096,0.007673430158024037,0.02515744389348548,0.02515744389348548,0.0626615381536051,0.05926370410481585,0.05926370410481585
55,L2_NODE_55,T3-A,T3,100,Sin P,1,10.666666666666666,38.6,3.5222222222222217,0.71,4800,4900,860,587215.742,517572,0.2222037428233058,0.23265353816424783,0.23265353816424783,0.012530183513484706,0.019037296130475053,0.019037296130475053,0.1529183902922598,0.1523151352642189,0.1523151352642189,0.04593983642881871,0.04881495986110247,0.04881495986110247,-0.06928535253104602,-0.08033840290002894,-0.08033840290002894,0.033409652915334,0.02977766373062742,0.02977766373062742
56,L2_NODE_56,T8-A,T8,100,Sin Mn,1,8.333333333333334,49.666666666666664,3.377777777777778,0.72,3600,3800,1200,587217.533,517574,0.21970041256812878,0.23250939363009027,0.23250939363009027,0.03221732656014917,0.03280453924137165,0.03280453924137165,0.19006674136090843,0.165639963546377,0.165639963546377,0.12063163932312866,0.10696612622961472,0.10696612622961472,-0.029633671207220318,-0.06686943008371327,-0.06686943008371327,0.08841431276297951,0.07416158698824307,0.07416158698824307
