Nodo,Variable,Buffer_m,Valor
1,GLI_09,0,0.02583126159482422
2,GLI_09,0,0.12213031788476794
3,GLI_09,0,-0.013604885076532989
4,GLI_09,0,0.030643205431266068
5,GLI_09,0,0.05401138514209975
6,GLI_09,0,0.025895117016606184
7,GLI_09,0,0.06128767081736129
8,GLI_09,0,0.011617446270928812
9,GLI_09,0,-0.02223143089561463
10,GLI_09,0,0.032326518519246596
11,GLI_09,0,-0.030223521437585693
12,GLI_09,0,0.1453561677934409
13,GLI_09,0,0.03286418076338271
14,GLI_09,0,0.11641533955365999
15,GLI_09,0,0.19077106961180076
16,GLI_09,0,0.24885400877319525
17,GLI_09,0,0.08626782967152177
18,GLI_09,0,-0.018072791890403853
19,GLI_09,0,0.09433775259337718
20,GLI_09,0,0.18758226975155334
21,GLI_09,0,-0.019819454089719628
22,GLI_09,0,-0.00623523862803349
23,GLI_09,0,0.22428564153233096
24,GLI_09,0,0.21962038119922433
25,GLI_09,0,0.22503189118098965
26,GLI_09,0,0.06426232820615739
27,GLI_09,0,0.23288844097069364
28,GLI_09,0,0.20963941695964056
29,GLI_09,0,0.09157072647211378
30,GLI_09,0,0.12944463028960998
31,GLI_09,0,-0.003625161039921142
32,GLI_09,0,0.21982832710125075
33,GLI_09,0,0.014680207063531767
34,GLI_09,0,0.11186204685501573
35,GLI_09,0,0.03979109932467914
36,GLI_09,0,0.08823890461782986
37,GLI_09,0,0.004163771002262695
38,GLI_09,0,0.03911914869579755
39,GLI_09,0,0.004635901089478315
40,GLI_09,0,-0.007573482648418637
41,GLI_09,0,0.011000710430013308
42,GLI_09,0,0.01409569489130397
43,GLI_09,0,0.10710969465587483
44,GLI_09,0,0.20497661230476344
45,GLI_09,0,0.19793379901538186
46,GLI_09,0,0.1698081712074932
47,GLI_09,0,0.12364778162870349
48,GLI_09,0,0.11800400386774766
49,GLI_09,0,0.22799759700507571
50,GLI_09,0,0.1602988086165515
51,GLI_09,0,0.1743172176146146
52,GLI_09,0,0.0938294983202553
53,GLI_09,0,0.21044151059982882
54,GLI_09,0,0.1574729193196978
55,GLI_09,0,0.2222037428233058
56,GLI_09,0,0.21970041256812878
1,GLI_09,0.5,0.030686279481159123
2,GLI_09,0.5,0.12792776344001913
3,GLI_09,0.5,-0.017773124234304452
4,GLI_09,0.5,0.035936846706484005
5,GLI_09,0.5,0.044766039942341795
6,GLI_09,0.5,0.021807061062652754
7,GLI_09,0.5,0.05633864791390962
8,GLI_09,0.5,0.010752094825414006
9,GLI_09,0.5,-0.019834459352849495
10,GLI_09,0.5,0.03861136507580565
11,GLI_09,0.5,-0.02987323133992892
12,GLI_09,0.5,0.1410716641326286
13,GLI_09,0.5,0.02288731975378207
14,GLI_09,0.5,0.10395866527448432
15,GLI_09,0.5,0.20180358543352012
16,GLI_09,0.5,0.26233851673823366
17,GLI_09,0.5,0.08403050790954979
18,GLI_09,0.5,-0.017494782679428084
19,GLI_09,0.5,0.09565896008087568
20,GLI_09,0.5,0.17745906095723016
21,GLI_09,0.5,-0.0208029118890621
22,GLI_09,0.5,-0.007195281583676311
23,GLI_09,0.5,0.2202877550512946
24,GLI_09,0.5,0.2114667096449013
25,GLI_09,0.5,0.22154872032745904
26,GLI_09,0.5,0.07288820782323983
27,GLI_09,0.5,0.24388646191474198
28,GLI_09,0.5,0.20686945453830585
29,GLI_09,0.5,0.07827704281955267
30,GLI_09,0.5,0.13509923312830763
31,GLI_09,0.5,-0.012468364584967565
32,GLI_09,0.5,0.20915165506837444
33,GLI_09,0.5,0.017978223907339563
34,GLI_09,0.5,0.10876376095585194
35,GLI_09,0.5,0.041423007145366814
36,GLI_09,0.5,0.09513162033595955
37,GLI_09,0.5,0.0018099780493110776
38,GLI_09,0.5,0.03468652799408606
39,GLI_09,0.5,0.0027797170926838616
40,GLI_09,0.5,-0.009884340756875129
41,GLI_09,0.5,0.01694798006713365
42,GLI_09,0.5,0.015960540489164707
43,GLI_09,0.5,0.10465218116356717
44,GLI_09,0.5,0.17600904327515607
45,GLI_09,0.5,0.19963211116311846
46,GLI_09,0.5,0.17381740375579824
47,GLI_09,0.5,0.139229531333146
48,GLI_09,0.5,0.11299098754769003
49,GLI_09,0.5,0.22627692208176076
50,GLI_09,0.5,0.14985278178005443
51,GLI_09,0.5,0.1721531573228191
52,GLI_09,0.5,0.09533657114747258
53,GLI_09,0.5,0.21371258147979896
54,GLI_09,0.5,0.14594835226873323
55,GLI_09,0.5,0.23265353816424783
56,GLI_09,0.5,0.23250939363009027
1,GLI_09,1,0.030686279481159123
2,GLI_09,1,0.12792776344001913
3,GLI_09,1,-0.017773124234304452
4,GLI_09,1,0.035936846706484005
5,GLI_09,1,0.044766039942341795
6,GLI_09,1,0.021807061062652754
7,GLI_09,1,0.05633864791390962
8,GLI_09,1,0.010752094825414006
9,GLI_09,1,-0.019834459352849495
10,GLI_09,1,0.03861136507580565
11,GLI_09,1,-0.02987323133992892
12,GLI_09,1,0.1410716641326286
13,GLI_09,1,0.02288731975378207
14,GLI_09,1,0.10395866527448432
15,GLI_09,1,0.20180358543352012
16,GLI_09,1,0.26233851673823366
17,GLI_09,1,0.08403050790954979
18,GLI_09,1,-0.017494782679428084
19,GLI_09,1,0.09565896008087568
20,GLI_09,1,0.17745906095723016
21,GLI_09,1,-0.0208029118890621
22,GLI_09,1,-0.007195281583676311
23,GLI_09,1,0.2202877550512946
24,GLI_09,1,0.2114667096449013
25,GLI_09,1,0.22154872032745904
26,GLI_09,1,0.07288820782323983
27,GLI_09,1,0.24388646191474198
28,GLI_09,1,0.20686945453830585
29,GLI_09,1,0.07827704281955267
30,GLI_09,1,0.13509923312830763
31,GLI_09,1,-0.012468364584967565
32,GLI_09,1,0.20915165506837444
33,GLI_09,1,0.017978223907339563
34,GLI_09,1,0.10876376095585194
35,GLI_09,1,0.041423007145366814
36,GLI_09,1,0.09513162033595955
37,GLI_09,1,0.0018099780493110776
38,GLI_09,1,0.03468652799408606
39,GLI_09,1,0.0027797170926838616
40,GLI_09,1,-0.009884340756875129
41,GLI_09,1,0.01694798006713365
42,GLI_09,1,0.015960540489164707
43,GLI_09,1,0.10465218116356717
44,GLI_09,1,0.17600904327515607
45,GLI_09,1,0.19963211116311846
46,GLI_09,1,0.17381740375579824
47,GLI_09,1,0.139229531333146
48,GLI_09,1,0.11299098754769003
49,GLI_09,1,0.22627692208176076
50,GLI_09,1,0.14985278178005443
51,GLI_09,1,0.1721531573228191
52,GLI_09,1,0.09533657114747258
53,GLI_09,1,0.21371258147979896
54,GLI_09,1,0.14594835226873323
55,GLI_09,1,0.23265353816424783
56,GLI_09,1,0.23250939363009027
1,GRVI_09,0,-0.070358883077111245
2,GRVI_09,0,0.020800091219272225
3,GRVI_09,0,-0.11327257750900387
4,GRVI_09,0,-0.032767745245990285
5,GRVI_09,0,-0.0585270600790404
6,GRVI_09,0,-0.0876974146306447
7,GRVI_09,0,-0.06060755300104555
8,GRVI_09,0,-0.0552141338587705
9,GRVI_09,0,-0.08235984280041374
10,GRVI_09,0,-0.06872142976258128
11,GRVI_09,0,-0.0744929822377425
12,GRVI_09,0,0.11120875362215957
13,GRVI_09,0,-0.08031035696429853
14,GRVI_09,0,0.026428675874341872
15,GRVI_09,0,0.08959964201383813
16,GRVI_09,0,0.11547452583277433
17,GRVI_09,0,0.012993358005844197
18,GRVI_09,0,-0.06934890734357359
19,GRVI_09,0,-0.02315682293610692
20,GRVI_09,0,0.1128100151855204
21,GRVI_09,0,-0.058000917005749074
22,GRVI_09,0,-0.05852807208006782
23,GRVI_09,0,0.12444234095056989
24,GRVI_09,0,0.09394652405809963
25,GRVI_09,0,0.11763356935959254
26,GRVI_09,0,-0.007436138054780939
27,GRVI_09,0,0.09444247593989966
28,GRVI_09,0,0.08955634118930599
29,GRVI_09,0,0.017047025511500398
30,GRVI_09,0,0.028051432409572193
31,GRVI_09,0,-0.052210680321191395
32,GRVI_09,0,0.12376297654827319
33,GRVI_09,0,-0.06755183380618819
34,GRVI_09,0,-0.007927816285566113
35,GRVI_09,0,-0.06663072448328572
36,GRVI_09,0,-0.002970203746222715
37,GRVI_09,0,-0.12137685223964939
38,GRVI_09,0,-0.02501349603431206
39,GRVI_09,0,-0.10759734958288406
40,GRVI_09,0,-0.11360846764869162
41,GRVI_09,0,-0.08017647569274458
42,GRVI_09,0,-0.1273759680839367
43,GRVI_09,0,3.9226525587065337e-4
44,GRVI_09,0,0.033998018603611325
45,GRVI_09,0,0.01685520237257832
46,GRVI_09,0,0.03115327436976391
47,GRVI_09,0,-0.038128524589432125
48,GRVI_09,0,0.0025976098804000383
49,GRVI_09,0,0.042224906097497815
50,GRVI_09,0,-0.007349275208101587
51,GRVI_09,0,0.02706285190245424
52,GRVI_09,0,-0.04989063299710346
53,GRVI_09,0,0.03407478317458929
54,GRVI_09,0,0.02473517509529485
55,GRVI_09,0,0.012530183513484706
56,GRVI_09,0,0.03221732656014917
1,GRVI_09,0.5,-0.07122167349949231
2,GRVI_09,0.5,0.01620556737541202
3,GRVI_09,0.5,-0.1167870900374383
4,GRVI_09,0.5,-0.022566458667691316
5,GRVI_09,0.5,-0.05941504411767288
6,GRVI_09,0.5,-0.0874598215649118
7,GRVI_09,0.5,-0.059120539920805924
8,GRVI_09,0.5,-0.05871172201015013
9,GRVI_09,0.5,-0.07770303834868854
10,GRVI_09,0.5,-0.06317100736111139
11,GRVI_09,0.5,-0.07410789097584643
12,GRVI_09,0.5,0.10855585365139742
13,GRVI_09,0.5,-0.08987336515142738
14,GRVI_09,0.5,0.009154139550536736
15,GRVI_09,0.5,0.0886606707906253
16,GRVI_09,0.5,0.11957468278248316
17,GRVI_09,0.5,0.007354473140682488
18,GRVI_09,0.5,-0.06981917907833483
19,GRVI_09,0.5,-0.020454969888242542
20,GRVI_09,0.5,0.11489383600636094
21,GRVI_09,0.5,-0.057637774164503705
22,GRVI_09,0.5,-0.05894718693287273
23,GRVI_09,0.5,0.12159991893970211
24,GRVI_09,0.5,0.09638176826142783
25,GRVI_09,0.5,0.11438734856999666
26,GRVI_09,0.5,-1.3791835233541744e-4
27,GRVI_09,0.5,0.10234598766053635
28,GRVI_09,0.5,0.093841673198497
29,GRVI_09,0.5,0.015705015661927967
30,GRVI_09,0.5,0.04887440685408801
31,GRVI_09,0.5,-0.05613954777682484
32,GRVI_09,0.5,0.12108933833248886
33,GRVI_09,0.5,-0.06542544543478633
34,GRVI_09,0.5,-0.01089384946942173
35,GRVI_09,0.5,-0.06670684113457324
36,GRVI_09,0.5,0.01634998647580838
37,GRVI_09,0.5,-0.11876654708681395
38,GRVI_09,0.5,-0.028945664590297845
39,GRVI_09,0.5,-0.11058629225536516
40,GRVI_09,0.5,-0.11016312882811972
41,GRVI_09,0.5,-0.0701036348603267
42,GRVI_09,0.5,-0.13948236054510024
43,GRVI_09,0.5,-0.0030134899622400596
44,GRVI_09,0.5,0.02280012590154371
45,GRVI_09,0.5,0.01477637371549156
46,GRVI_09,0.5,0.02887773789078553
47,GRVI_09,0.5,-0.043744783938467126
48,GRVI_09,0.5,9.983008683151948e-4
49,GRVI_09,0.5,0.04097435369396593
50,GRVI_09,0.5,-0.010629533696378032
51,GRVI_09,0.5,0.022798524370173195
52,GRVI_09,0.5,-0.049163168420691974
53,GRVI_09,0.5,0.0332234465390913
54,GRVI_09,0.5,0.024085832487675114
55,GRVI_09,0.5,0.019037296130475053
56,GRVI_09,0.5,0.03280453924137165
1,GRVI_09,1,-0.07122167349949231
2,GRVI_09,1,0.01620556737541202
3,GRVI_09,1,-0.1167870900374383
4,GRVI_09,1,-0.022566458667691316
5,GRVI_09,1,-0.05941504411767288
6,GRVI_09,1,-0.0874598215649118
7,GRVI_09,1,-0.059120539920805924
8,GRVI_09,1,-0.05871172201015013
9,GRVI_09,1,-0.07770303834868854
10,GRVI_09,1,-0.06317100736111139
11,GRVI_09,1,-0.07410789097584643
12,GRVI_09,1,0.10855585365139742
13,GRVI_09,1,-0.08987336515142738
14,GRVI_09,1,0.009154139550536736
15,GRVI_09,1,0.0886606707906253
16,GRVI_09,1,0.11957468278248316
17,GRVI_09,1,0.007354473140682488
18,GRVI_09,1,-0.06981917907833483
19,GRVI_09,1,-0.020454969888242542
20,GRVI_09,1,0.11489383600636094
21,GRVI_09,1,-0.057637774164503705
22,GRVI_09,1,-0.05894718693287273
23,GRVI_09,1,0.12159991893970211
24,GRVI_09,1,0.09638176826142783
25,GRVI_09,1,0.11438734856999666
26,GRVI_09,1,-1.3791835233541744e-4
27,GRVI_09,1,0.10234598766053635
28,GRVI_09,1,0.093841673198497
29,GRVI_09,1,0.015705015661927967
30,GRVI_09,1,0.04887440685408801
31,GRVI_09,1,-0.05613954777682484
32,GRVI_09,1,0.12108933833248886
33,GRVI_09,1,-0.06542544543478633
34,GRVI_09,1,-0.01089384946942173
35,GRVI_09,1,-0.06670684113457324
36,GRVI_09,1,0.01634998647580838
37,GRVI_09,1,-0.11876654708681395
38,GRVI_09,1,-0.028945664590297845
39,GRVI_09,1,-0.11058629225536516
40,GRVI_09,1,-0.11016312882811972
41,GRVI_09,1,-0.0701036348603267
42,GRVI_09,1,-0.13948236054510024
43,GRVI_09,1,-0.0030134899622400596
44,GRVI_09,1,0.02280012590154371
45,GRVI_09,1,0.01477637371549156
46,GRVI_09,1,0.02887773789078553
47,GRVI_09,1,-0.043744783938467126
48,GRVI_09,1,9.983008683151948e-4
49,GRVI_09,1,0.04097435369396593
50,GRVI_09,1,-0.010629533696378032
51,GRVI_09,1,0.022798524370173195
52,GRVI_09,1,-0.049163168420691974
53,GRVI_09,1,0.0332234465390913
54,GRVI_09,1,0.024085832487675114
55,GRVI_09,1,0.019037296130475053
56,GRVI_09,1,0.03280453924137165
1,GLI_14,0,0.13377059507494926
2,GLI_14,0,0.20930084217883904
3,GLI_14,0,0.04749486093410571
4,GLI_14,0,0.182799265586269
5,GLI_14,0,0.1726329708462451
6,GLI_14,0,0.14732269983373716
7,GLI_14,0,0.2706911905628873
8,GLI_14,0,0.1976673543585192
9,GLI_14,0,0.2889804110423327
10,GLI_14,0,0.27040791897001915
11,GLI_14,0,0.22926619281728058
12,GLI_14,0,0.20600267333325084
13,GLI_14,0,0.2672103103767661
14,GLI_14,0,0.2562367954444569
15,GLI_14,0,0.13263127790445667
16,GLI_14,0,0.24791200992009077
17,GLI_14,0,0.11731369559918026
18,GLI_14,0,0.2104890731198457
19,GLI_14,0,0.2744831593706632
20,GLI_14,0,0.22593758066698277
21,GLI_14,0,0.2938096534211649
22,GLI_14,0,0.31447128479665726
23,GLI_14,0,0.21790054173471174
24,GLI_14,0,0.09190074117910833
25,GLI_14,0,0.22938851521591175
26,GLI_14,0,0.22334818771342116
27,GLI_14,0,0.18285452378711908
28,GLI_14,0,0.2032565690812387
29,GLI_14,0,0.24647029033650225
30,GLI_14,0,0.21250170343698271
31,GLI_14,0,0.22136471659954288
32,GLI_14,0,0.26617328262295553
33,GLI_14,0,0.20605089767644844
34,GLI_14,0,0.2463372003319153
35,GLI_14,0,0.16137059088416994
36,GLI_14,0,0.21650080492612642
37,GLI_14,0,0.20248306217650042
38,GLI_14,0,0.19780661159626506
39,GLI_14,0,0.1815662104532084
40,GLI_14,0,0.1983036971814363
41,GLI_14,0,0.16862400059894997
42,GLI_14,0,0.21573558271979537
43,GLI_14,0,0.24811581757628504
44,GLI_14,0,0.1970717598375409
45,GLI_14,0,0.18887798374079062
46,GLI_14,0,0.170998259586454
47,GLI_14,0,0.2718432572231345
48,GLI_14,0,0.18106862730558027
49,GLI_14,0,0.2354218916255719
50,GLI_14,0,0.033629357400866214
51,GLI_14,0,0.13478183279511977
52,GLI_14,0,0.18450461531884718
53,GLI_14,0,0.21953755151394314
54,GLI_14,0,0.1651463494777219
55,GLI_14,0,0.1529183902922598
56,GLI_14,0,0.19006674136090843
1,GLI_14,0.5,0.13362828900002136
2,GLI_14,0.5,0.18104883431602645
3,GLI_14,0.5,0.03588081096415835
4,GLI_14,0.5,0.16871782229488444
5,GLI_14,0.5,0.1419020001636617
6,GLI_14,0.5,0.13265496182181055
7,GLI_14,0.5,0.27296208419341533
8,GLI_14,0.5,0.16643657873968268
9,GLI_14,0.5,0.3554226015745402
10,GLI_14,0.5,0.24709923556857596
11,GLI_14,0.5,0.235306670367515
12,GLI_14,0.5,0.19934959714420442
13,GLI_14,0.5,0.2748445360929985
14,GLI_14,0.5,0.279887481019727
15,GLI_14,0.5,0.15899302053538497
16,GLI_14,0.5,0.25235171256549144
17,GLI_14,0.5,0.09673007969434187
18,GLI_14,0.5,0.20765979846027777
19,GLI_14,0.5,0.31225548598790154
20,GLI_14,0.5,0.23894722195153834
21,GLI_14,0.5,0.3023150371232058
22,GLI_14,0.5,0.3752044529839674
23,GLI_14,0.5,0.23437583823206257
24,GLI_14,0.5,0.10090136197543338
25,GLI_14,0.5,0.2287481775983319
26,GLI_14,0.5,0.21596771010899815
27,GLI_14,0.5,0.1900572056457997
28,GLI_14,0.5,0.1861309027155483
29,GLI_14,0.5,0.2522019652124865
30,GLI_14,0.5,0.22507785535874195
31,GLI_14,0.5,0.23113061723546946
32,GLI_14,0.5,0.30085845909502934
33,GLI_14,0.5,0.19833366049881013
34,GLI_14,0.5,0.25229832417514364
35,GLI_14,0.5,0.16567196333526818
36,GLI_14,0.5,0.20165766168955182
37,GLI_14,0.5,0.20814306412153452
38,GLI_14,0.5,0.22322987397441083
39,GLI_14,0.5,0.19510293963474895
40,GLI_14,0.5,0.20065650707071017
41,GLI_14,0.5,0.18111305196492397
42,GLI_14,0.5,0.20001745485333197
43,GLI_14,0.5,0.21166818702172546
44,GLI_14,0.5,0.18889166810175562
45,GLI_14,0.5,0.16690282640983214
46,GLI_14,0.5,0.1702715015528709
47,GLI_14,0.5,0.2924177171341085
48,GLI_14,0.5,0.18194811558290358
49,GLI_14,0.5,0.2333148350172875
50,GLI_14,0.5,0.04816518304913425
51,GLI_14,0.5,0.14090779794141287
52,GLI_14,0.5,0.1962475927852059
53,GLI_14,0.5,0.2385362047495068
54,GLI_14,0.5,0.17110579616221872
55,GLI_14,0.5,0.1523151352642189
56,GLI_14,0.5,0.165639963546377
1,GLI_14,1,0.13362828900002136
2,GLI_14,1,0.18104883431602645
3,GLI_14,1,0.03588081096415835
4,GLI_14,1,0.16871782229488444
5,GLI_14,1,0.1419020001636617
6,GLI_14,1,0.13265496182181055
7,GLI_14,1,0.27296208419341533
8,GLI_14,1,0.16643657873968268
9,GLI_14,1,0.3554226015745402
10,GLI_14,1,0.24709923556857596
11,GLI_14,1,0.235306670367515
12,GLI_14,1,0.19934959714420442
13,GLI_14,1,0.2748445360929985
14,GLI_14,1,0.279887481019727
15,GLI_14,1,0.15899302053538497
16,GLI_14,1,0.25235171256549144
17,GLI_14,1,0.09673007969434187
18,GLI_14,1,0.20765979846027777
19,GLI_14,1,0.31225548598790154
20,GLI_14,1,0.23894722195153834
21,GLI_14,1,0.3023150371232058
22,GLI_14,1,0.3752044529839674
23,GLI_14,1,0.23437583823206257
24,GLI_14,1,0.10090136197543338
25,GLI_14,1,0.2287481775983319
26,GLI_14,1,0.21596771010899815
27,GLI_14,1,0.1900572056457997
28,GLI_14,1,0.1861309027155483
29,GLI_14,1,0.2522019652124865
30,GLI_14,1,0.22507785535874195
31,GLI_14,1,0.23113061723546946
32,GLI_14,1,0.30085845909502934
33,GLI_14,1,0.19833366049881013
34,GLI_14,1,0.25229832417514364
35,GLI_14,1,0.16567196333526818
36,GLI_14,1,0.20165766168955182
37,GLI_14,1,0.20814306412153452
38,GLI_14,1,0.22322987397441083
39,GLI_14,1,0.19510293963474895
40,GLI_14,1,0.20065650707071017
41,GLI_14,1,0.18111305196492397
42,GLI_14,1,0.20001745485333197
43,GLI_14,1,0.21166818702172546
44,GLI_14,1,0.18889166810175562
45,GLI_14,1,0.16690282640983214
46,GLI_14,1,0.1702715015528709
47,GLI_14,1,0.2924177171341085
48,GLI_14,1,0.18194811558290358
49,GLI_14,1,0.2333148350172875
50,GLI_14,1,0.04816518304913425
51,GLI_14,1,0.14090779794141287
52,GLI_14,1,0.1962475927852059
53,GLI_14,1,0.2385362047495068
54,GLI_14,1,0.17110579616221872
55,GLI_14,1,0.1523151352642189
56,GLI_14,1,0.165639963546377
1,GRVI_14,0,0.043357746545662816
2,GRVI_14,0,0.12376061359230986
3,GRVI_14,0,-0.038693333715142206
4,GRVI_14,0,0.10633868680908765
5,GRVI_14,0,0.05117824350352884
6,GRVI_14,0,0.05324303127120686
7,GRVI_14,0,0.1466815864961182
8,GRVI_14,0,0.10945734930148406
9,GRVI_14,0,0.18659792989264745
10,GRVI_14,0,0.18545909805623978
11,GRVI_14,0,0.10187933712737164
12,GRVI_14,0,0.12135837382899341
13,GRVI_14,0,0.1936816212542105
14,GRVI_14,0,0.16833917033616597
15,GRVI_14,0,0.0357153437682087
16,GRVI_14,0,0.13639077415721537
17,GRVI_14,0,0.014906208415616734
18,GRVI_14,0,0.1278776553261845
19,GRVI_14,0,0.2289213516045173
20,GRVI_14,0,0.12952509736164294
21,GRVI_14,0,0.18878836695127105
22,GRVI_14,0,0.15657423370633222
23,GRVI_14,0,0.12168041971642968
24,GRVI_14,0,0.011644672536959909
25,GRVI_14,0,0.12511292268057966
26,GRVI_14,0,0.14363301505999054
27,GRVI_14,0,0.08110219300948197
28,GRVI_14,0,0.08894625951149127
29,GRVI_14,0,0.1505269493480975
30,GRVI_14,0,0.07270708364538876
31,GRVI_14,0,0.09510498638239481
32,GRVI_14,0,0.10527814150754791
33,GRVI_14,0,0.10219983493611433
34,GRVI_14,0,0.11993463665659712
35,GRVI_14,0,0.047076636888702686
36,GRVI_14,0,0.1461491106727178
37,GRVI_14,0,0.10752194173496256
38,GRVI_14,0,0.09435929877307417
39,GRVI_14,0,0.07006129394936456
40,GRVI_14,0,0.12374757115459255
41,GRVI_14,0,0.053291125092528195
42,GRVI_14,0,0.16126466127838582
43,GRVI_14,0,0.14010442902367026
44,GRVI_14,0,0.11872214362688222
45,GRVI_14,0,0.09723171857524555
46,GRVI_14,0,0.07317907428831552
47,GRVI_14,0,0.14360089665291753
48,GRVI_14,0,0.08887032416804796
49,GRVI_14,0,0.13291344401843894
50,GRVI_14,0,-0.03438602292721214
51,GRVI_14,0,0.032569927933225475
52,GRVI_14,0,0.0935142567452222
53,GRVI_14,0,0.11352721398547741
54,GRVI_14,0,0.08739671324889996
55,GRVI_14,0,0.04593983642881871
56,GRVI_14,0,0.12063163932312866
1,GRVI_14,0.5,0.04030907433722913
2,GRVI_14,0.5,0.10278401287974621
3,GRVI_14,0.5,-0.04300582938687738
4,GRVI_14,0.5,0.09866019485351031
5,GRVI_14,0.5,0.03807119435313387
6,GRVI_14,0.5,0.051296496121497885
7,GRVI_14,0.5,0.14979476640837855
8,GRVI_14,0.5,0.09178011819613185
9,GRVI_14,0.5,0.23244658994874115
10,GRVI_14,0.5,0.17455554615646138
11,GRVI_14,0.5,0.11558959549476777
12,GRVI_14,0.5,0.10745736542225776
13,GRVI_14,0.5,0.1990551685065898
14,GRVI_14,0.5,0.18444566997753525
15,GRVI_14,0.5,0.03830773221268402
16,GRVI_14,0.5,0.14622603922477936
17,GRVI_14,0.5,5.120116515678544e-4
18,GRVI_14,0.5,0.12559404239328698
19,GRVI_14,0.5,0.2656147375547515
20,GRVI_14,0.5,0.1331653871011123
21,GRVI_14,0.5,0.19835040183767005
22,GRVI_14,0.5,0.18854008995751548
23,GRVI_14,0.5,0.1282154703650689
24,GRVI_14,0.5,0.0034154923916346587
25,GRVI_14,0.5,0.12598087307117845
26,GRVI_14,0.5,0.13504496834135804
27,GRVI_14,0.5,0.09007628796597238
28,GRVI_14,0.5,0.08601756934197603
29,GRVI_14,0.5,0.14743519478007042
30,GRVI_14,0.5,0.08156443524696733
31,GRVI_14,0.5,0.09581168287763309
32,GRVI_14,0.5,0.12140846336673636
33,GRVI_14,0.5,0.09584979920963793
34,GRVI_14,0.5,0.11749451222285937
35,GRVI_14,0.5,0.036942627325131185
36,GRVI_14,0.5,0.14087198278556984
37,GRVI_14,0.5,0.10966270319221191
38,GRVI_14,0.5,0.0989938172654866
39,GRVI_14,0.5,0.08527246800738637
40,GRVI_14,0.5,0.11966320825432283
41,GRVI_14,0.5,0.06042723347560485
42,GRVI_14,0.5,0.14769396233922016
43,GRVI_14,0.5,0.11944832171176309
44,GRVI_14,0.5,0.11542175438961295
45,GRVI_14,0.5,0.08345644421539053
46,GRVI_14,0.5,0.08055616969543748
47,GRVI_14,0.5,0.15294867903354148
48,GRVI_14,0.5,0.09699271262621975
49,GRVI_14,0.5,0.13379655724930284
50,GRVI_14,0.5,-0.021516183326664058
51,GRVI_14,0.5,0.04193880903806594
52,GRVI_14,0.5,0.10192632139789493
53,GRVI_14,0.5,0.12314996968290551
54,GRVI_14,0.5,0.08334953659249096
55,GRVI_14,0.5,0.04881495986110247
56,GRVI_14,0.5,0.10696612622961472
1,GRVI_14,1,0.04030907433722913
2,GRVI_14,1,0.10278401287974621
3,GRVI_14,1,-0.04300582938687738
4,GRVI_14,1,0.09866019485351031
5,GRVI_14,1,0.03807119435313387
6,GRVI_14,1,0.051296496121497885
7,GRVI_14,1,0.14979476640837855
8,GRVI_14,1,0.09178011819613185
9,GRVI_14,1,0.23244658994874115
10,GRVI_14,1,0.17455554615646138
11,GRVI_14,1,0.11558959549476777
12,GRVI_14,1,0.10745736542225776
13,GRVI_14,1,0.1990551685065898
14,GRVI_14,1,0.18444566997753525
15,GRVI_14,1,0.03830773221268402
16,GRVI_14,1,0.14622603922477936
17,GRVI_14,1,5.120116515678544e-4
18,GRVI_14,1,0.12559404239328698
19,GRVI_14,1,0.2656147375547515
20,GRVI_14,1,0.1331653871011123
21,GRVI_14,1,0.19835040183767005
22,GRVI_14,1,0.18854008995751548
23,GRVI_14,1,0.1282154703650689
24,GRVI_14,1,0.0034154923916346587
25,GRVI_14,1,0.12598087307117845
26,GRVI_14,1,0.13504496834135804
27,GRVI_14,1,0.09007628796597238
28,GRVI_14,1,0.08601756934197603
29,GRVI_14,1,0.14743519478007042
30,GRVI_14,1,0.08156443524696733
31,GRVI_14,1,0.09581168287763309
32,GRVI_14,1,0.12140846336673636
33,GRVI_14,1,0.09584979920963793
34,GRVI_14,1,0.11749451222285937
35,GRVI_14,1,0.036942627325131185
36,GRVI_14,1,0.14087198278556984
37,GRVI_14,1,0.10966270319221191
38,GRVI_14,1,0.0989938172654866
39,GRVI_14,1,0.08527246800738637
40,GRVI_14,1,0.11966320825432283
41,GRVI_14,1,0.06042723347560485
42,GRVI_14,1,0.14769396233922016
43,GRVI_14,1,0.11944832171176309
44,GRVI_14,1,0.11542175438961295
45,GRVI_14,1,0.08345644421539053
46,GRVI_14,1,0.08055616969543748
47,GRVI_14,1,0.15294867903354148
48,GRVI_14,1,0.09699271262621975
49,GRVI_14,1,0.13379655724930284
50,GRVI_14,1,-0.021516183326664058
51,GRVI_14,1,0.04193880903806594
52,GRVI_14,1,0.10192632139789493
53,GRVI_14,1,0.12314996968290551
54,GRVI_14,1,0.08334953659249096
55,GRVI_14,1,0.04881495986110247
56,GRVI_14,1,0.10696612622961472
1,Delta_GLI,0,0.10793933348012504
2,Delta_GLI,0,0.08717052429407111
3,Delta_GLI,0,0.0610997460106387
4,Delta_GLI,0,0.1521560601550029
5,Delta_GLI,0,0.11862158570414535
6,Delta_GLI,0,0.12142758281713097
7,Delta_GLI,0,0.20940351974552604
8,Delta_GLI,0,0.18604990808759042
9,Delta_GLI,0,0.3112118419379474
10,Delta_GLI,0,0.23808140045077253
11,Delta_GLI,0,0.2594897142548663
12,Delta_GLI,0,0.060646505539809936
13,Delta_GLI,0,0.2343461296133834
14,Delta_GLI,0,0.1398214558907969
15,Delta_GLI,0,-0.05813979170734408
16,Delta_GLI,0,-9.419988531044897e-4
17,Delta_GLI,0,0.03104586592765849
18,Delta_GLI,0,0.22856186501024953
19,Delta_GLI,0,0.18014540677728602
20,Delta_GLI,0,0.0383553109154294
21,Delta_GLI,0,0.3136291075108846
22,Delta_GLI,0,0.3207065234246908
23,Delta_GLI,0,-0.006385099797619207
24,Delta_GLI,0,-0.12771964002011602
25,Delta_GLI,0,0.004356624034922093
26,Delta_GLI,0,0.15908585950726378
27,Delta_GLI,0,-0.050033917183574535
28,Delta_GLI,0,-0.006382847878401862
29,Delta_GLI,0,0.15489956386438847
30,Delta_GLI,0,0.08305707314737273
31,Delta_GLI,0,0.22498987763946401
32,Delta_GLI,0,0.04634495552170479
33,Delta_GLI,0,0.19137069061291667
34,Delta_GLI,0,0.13447515347689956
35,Delta_GLI,0,0.12157949155949077
36,Delta_GLI,0,0.1282619003082966
37,Delta_GLI,0,0.1983192911742377
38,Delta_GLI,0,0.1586874629004675
39,Delta_GLI,0,0.17693030936373005
40,Delta_GLI,0,0.20587717982985493
41,Delta_GLI,0,0.15762329016893664
42,Delta_GLI,0,0.20163988782849135
43,Delta_GLI,0,0.1410061229204102
44,Delta_GLI,0,-0.00790485246722252
45,Delta_GLI,0,-0.009055815274591246
46,Delta_GLI,0,0.0011900883789608032
47,Delta_GLI,0,0.14819547559443103
48,Delta_GLI,0,0.0630646234378326
49,Delta_GLI,0,0.007424294620496128
50,Delta_GLI,0,-0.1266694512156853
51,Delta_GLI,0,-0.039535384819494875
52,Delta_GLI,0,0.09067511699859188
53,Delta_GLI,0,0.009096040914114296
54,Delta_GLI,0,0.007673430158024037
55,Delta_GLI,0,-0.06928535253104602
56,Delta_GLI,0,-0.029633671207220318
1,Delta_GLI,0.5,0.10294200951886223
2,Delta_GLI,0.5,0.053121070876007315
3,Delta_GLI,0.5,0.0536539351984628
4,Delta_GLI,0.5,0.13278097558840044
5,Delta_GLI,0.5,0.0971359602213199
6,Delta_GLI,0.5,0.11084790075915779
7,Delta_GLI,0.5,0.2166234362795057
8,Delta_GLI,0.5,0.15568448391426867
9,Delta_GLI,0.5,0.3752570609273897
10,Delta_GLI,0.5,0.20848787049277032
11,Delta_GLI,0.5,0.2651799017074439
12,Delta_GLI,0.5,0.05827793301157583
13,Delta_GLI,0.5,0.25195721633921647
14,Delta_GLI,0.5,0.17592881574524266
15,Delta_GLI,0.5,-0.042810564898135145
16,Delta_GLI,0.5,-0.009986804172742225
17,Delta_GLI,0.5,0.012699571784792085
18,Delta_GLI,0.5,0.22515458113970585
19,Delta_GLI,0.5,0.21659652590702586
20,Delta_GLI,0.5,0.06148816099430818
21,Delta_GLI,0.5,0.32311794901226787
22,Delta_GLI,0.5,0.3823997345676437
23,Delta_GLI,0.5,0.014088083180767957
24,Delta_GLI,0.5,-0.11056534766946792
25,Delta_GLI,0.5,0.007199457270872872
26,Delta_GLI,0.5,0.14307950228575833
27,Delta_GLI,0.5,-0.05382925626894228
28,Delta_GLI,0.5,-0.02073855182275755
29,Delta_GLI,0.5,0.17392492239293383
30,Delta_GLI,0.5,0.08997862223043432
31,Delta_GLI,0.5,0.24359898182043702
32,Delta_GLI,0.5,0.0917068040266549
33,Delta_GLI,0.5,0.18035543659147057
34,Delta_GLI,0.5,0.1435345632192917
35,Delta_GLI,0.5,0.12424895618990137
36,Delta_GLI,0.5,0.10652604135359227
37,Delta_GLI,0.5,0.20633308607222345
38,Delta_GLI,0.5,0.18854334598032477
39,Delta_GLI,0.5,0.19232322254206508
40,Delta_GLI,0.5,0.2105408478275853
41,Delta_GLI,0.5,0.1641650718977903
42,Delta_GLI,0.5,0.18405691436416727
43,Delta_GLI,0.5,0.10701600585815829
44,Delta_GLI,0.5,0.012882624826599548
45,Delta_GLI,0.5,-0.03272928475328632
46,Delta_GLI,0.5,-0.0035459022029273313
47,Delta_GLI,0.5,0.15318818580096252
48,Delta_GLI,0.5,0.06895712803521355
49,Delta_GLI,0.5,0.007037912935526747
50,Delta_GLI,0.5,-0.10168759873092018
51,Delta_GLI,0.5,-0.03124535938140624
52,Delta_GLI,0.5,0.10091102163773331
53,Delta_GLI,0.5,0.02482362326970783
54,Delta_GLI,0.5,0.02515744389348548
55,Delta_GLI,0.5,-0.08033840290002894
56,Delta_GLI,0.5,-0.06686943008371327
1,Delta_GLI,1,0.10294200951886223
2,Delta_GLI,1,0.053121070876007315
3,Delta_GLI,1,0.0536539351984628
4,Delta_GLI,1,0.13278097558840044
5,Delta_GLI,1,0.0971359602213199
6,Delta_GLI,1,0.11084790075915779
7,Delta_GLI,1,0.2166234362795057
8,Delta_GLI,1,0.15568448391426867
9,Delta_GLI,1,0.3752570609273897
10,Delta_GLI,1,0.20848787049277032
11,Delta_GLI,1,0.2651799017074439
12,Delta_GLI,1,0.05827793301157583
13,Delta_GLI,1,0.25195721633921647
14,Delta_GLI,1,0.17592881574524266
15,Delta_GLI,1,-0.042810564898135145
16,Delta_GLI,1,-0.009986804172742225
17,Delta_GLI,1,0.012699571784792085
18,Delta_GLI,1,0.22515458113970585
19,Delta_GLI,1,0.21659652590702586
20,Delta_GLI,1,0.06148816099430818
21,Delta_GLI,1,0.32311794901226787
22,Delta_GLI,1,0.3823997345676437
23,Delta_GLI,1,0.014088083180767957
24,Delta_GLI,1,-0.11056534766946792
25,Delta_GLI,1,0.007199457270872872
26,Delta_GLI,1,0.14307950228575833
27,Delta_GLI,1,-0.05382925626894228
28,Delta_GLI,1,-0.02073855182275755
29,Delta_GLI,1,0.17392492239293383
30,Delta_GLI,1,0.08997862223043432
31,Delta_GLI,1,0.24359898182043702
32,Delta_GLI,1,0.0917068040266549
33,Delta_GLI,1,0.18035543659147057
34,Delta_GLI,1,0.1435345632192917
35,Delta_GLI,1,0.12424895618990137
36,Delta_GLI,1,0.10652604135359227
37,Delta_GLI,1,0.20633308607222345
38,Delta_GLI,1,0.18854334598032477
39,Delta_GLI,1,0.19232322254206508
40,Delta_GLI,1,0.2105408478275853
41,Delta_GLI,1,0.1641650718977903
42,Delta_GLI,1,0.18405691436416727
43,Delta_GLI,1,0.10701600585815829
44,Delta_GLI,1,0.012882624826599548
45,Delta_GLI,1,-0.03272928475328632
46,Delta_GLI,1,-0.0035459022029273313
47,Delta_GLI,1,0.15318818580096252
48,Delta_GLI,1,0.06895712803521355
49,Delta_GLI,1,0.007037912935526747
50,Delta_GLI,1,-0.10168759873092018
51,Delta_GLI,1,-0.03124535938140624
52,Delta_GLI,1,0.10091102163773331
53,Delta_GLI,1,0.02482362326970783
54,Delta_GLI,1,0.02515744389348548
55,Delta_GLI,1,-0.08033840290002894
56,Delta_GLI,1,-0.06686943008371327
1,Delta_GRVI,0,0.11371662962277404
2,Delta_GRVI,0,0.10296052237303764
3,Delta_GRVI,0,0.07457924379386167
4,Delta_GRVI,0,0.13910643205507794
5,Delta_GRVI,0,0.10970530358256923
6,Delta_GRVI,0,0.14094044590185156
7,Delta_GRVI,0,0.20728913949716374
8,Delta_GRVI,0,0.16467148316025454
9,Delta_GRVI,0,0.2689577726930612
10,Delta_GRVI,0,0.25418052781882106
11,Delta_GRVI,0,0.1763723193651141
12,Delta_GRVI,0,0.01014962020683385
13,Delta_GRVI,0,0.273991978218509
14,Delta_GRVI,0,0.14191049446182408
15,Delta_GRVI,0,-0.05388429824562942
16,Delta_GRVI,0,0.020916248324441025
17,Delta_GRVI,0,0.0019128504097725343
18,Delta_GRVI,0,0.19722656266975813
19,Delta_GRVI,0,0.25207817454062426
20,Delta_GRVI,0,0.016715082176122522
21,Delta_GRVI,0,0.24678928395702018
22,Delta_GRVI,0,0.21510230578640002
23,Delta_GRVI,0,-0.00276192123414018
24,Delta_GRVI,0,-0.08230185152113971
25,Delta_GRVI,0,0.00747935332098712
26,Delta_GRVI,0,0.15106915311477148
27,Delta_GRVI,0,-0.013340282930417684
28,Delta_GRVI,0,-6.100816778147207e-4
29,Delta_GRVI,0,0.13347992383659707
30,Delta_GRVI,0,0.04465565123581658
31,Delta_GRVI,0,0.14731566670358626
32,Delta_GRVI,0,-0.018484835040725255
33,Delta_GRVI,0,0.16975166874230252
34,Delta_GRVI,0,0.12786245294216322
35,Delta_GRVI,0,0.11370736137198842
36,Delta_GRVI,0,0.1491193144189405
37,Delta_GRVI,0,0.22889879397461196
38,Delta_GRVI,0,0.11937279480738623
39,Delta_GRVI,0,0.1776586435322486
40,Delta_GRVI,0,0.2373560388032842
41,Delta_GRVI,0,0.13346760078527278
42,Delta_GRVI,0,0.2886406293623225
43,Delta_GRVI,0,0.1397121637677996
44,Delta_GRVI,0,0.0847241250232709
45,Delta_GRVI,0,0.08037651620266725
46,Delta_GRVI,0,0.04202579991855161
47,Delta_GRVI,0,0.18172942124234964
48,Delta_GRVI,0,0.08627271428764793
49,Delta_GRVI,0,0.09068853792094111
50,Delta_GRVI,0,-0.02703674771911056
51,Delta_GRVI,0,0.005507076030771234
52,Delta_GRVI,0,0.14340488974232565
53,Delta_GRVI,0,0.07945243081088811
54,Delta_GRVI,0,0.0626615381536051
55,Delta_GRVI,0,0.033409652915334
56,Delta_GRVI,0,0.08841431276297951
1,Delta_GRVI,0.5,0.11153074783672143
2,Delta_GRVI,0.5,0.08657844550433419
3,Delta_GRVI,0.5,0.07378126065056093
4,Delta_GRVI,0.5,0.12122665352120163
5,Delta_GRVI,0.5,0.09748623847080676
6,Delta_GRVI,0.5,0.1387563176864097
7,Delta_GRVI,0.5,0.20891530632918448
8,Delta_GRVI,0.5,0.15049184020628198
9,Delta_GRVI,0.5,0.3101496282974297
10,Delta_GRVI,0.5,0.23772655351757277
11,Delta_GRVI,0.5,0.18969748647061419
12,Delta_GRVI,0.5,-0.0010984882291396603
13,Delta_GRVI,0.5,0.2889285336580172
14,Delta_GRVI,0.5,0.17529153042699852
15,Delta_GRVI,0.5,-0.05035293857794128
16,Delta_GRVI,0.5,0.0266513564422962
17,Delta_GRVI,0.5,-0.0068424614891146335
18,Delta_GRVI,0.5,0.19541322147162182
19,Delta_GRVI,0.5,0.28606970744299404
20,Delta_GRVI,0.5,0.01827155109475137
21,Delta_GRVI,0.5,0.2559881760021738
22,Delta_GRVI,0.5,0.2474872768903882
23,Delta_GRVI,0.5,0.006615551425366781
24,Delta_GRVI,0.5,-0.09296627586979317
25,Delta_GRVI,0.5,0.011593524501181784
26,Delta_GRVI,0.5,0.13518288669369347
27,Delta_GRVI,0.5,-0.01226969969456397
28,Delta_GRVI,0.5,-0.007824103856520964
29,Delta_GRVI,0.5,0.13173017911814244
30,Delta_GRVI,0.5,0.032690028392879315
31,Delta_GRVI,0.5,0.15195123065445792
32,Delta_GRVI,0.5,3.1912503424749716e-4
33,Delta_GRVI,0.5,0.16127524464442428
34,Delta_GRVI,0.5,0.1283883616922811
35,Delta_GRVI,0.5,0.10364946845970444
36,Delta_GRVI,0.5,0.12452199630976146
37,Delta_GRVI,0.5,0.22842925027902586
38,Delta_GRVI,0.5,0.12793948185578444
39,Delta_GRVI,0.5,0.19585876026275154
40,Delta_GRVI,0.5,0.22982633708244254
41,Delta_GRVI,0.5,0.13053086833593155
42,Delta_GRVI,0.5,0.2871763228843204
43,Delta_GRVI,0.5,0.12246181167400315
44,Delta_GRVI,0.5,0.09262162848806925
45,Delta_GRVI,0.5,0.06868007049989897
46,Delta_GRVI,0.5,0.05167843180465195
47,Delta_GRVI,0.5,0.1966934629720086
48,Delta_GRVI,0.5,0.09599441175790456
49,Delta_GRVI,0.5,0.09282220355533691
50,Delta_GRVI,0.5,-0.010886649630286026
51,Delta_GRVI,0.5,0.019140284667892745
52,Delta_GRVI,0.5,0.1510894898185869
53,Delta_GRVI,0.5,0.0899265231438142
54,Delta_GRVI,0.5,0.05926370410481585
55,Delta_GRVI,0.5,0.02977766373062742
56,Delta_GRVI,0.5,0.07416158698824307
1,Delta_GRVI,1,0.11153074783672143
2,Delta_GRVI,1,0.08657844550433419
3,Delta_GRVI,1,0.07378126065056093
4,Delta_GRVI,1,0.12122665352120163
5,Delta_GRVI,1,0.09748623847080676
6,Delta_GRVI,1,0.1387563176864097
7,Delta_GRVI,1,0.20891530632918448
8,Delta_GRVI,1,0.15049184020628198
9,Delta_GRVI,1,0.3101496282974297
10,Delta_GRVI,1,0.23772655351757277
11,Delta_GRVI,1,0.18969748647061419
12,Delta_GRVI,1,-0.0010984882291396603
13,Delta_GRVI,1,0.2889285336580172
14,Delta_GRVI,1,0.17529153042699852
15,Delta_GRVI,1,-0.05035293857794128
16,Delta_GRVI,1,0.0266513564422962
17,Delta_GRVI,1,-0.0068424614891146335
18,Delta_GRVI,1,0.19541322147162182
19,Delta_GRVI,1,0.28606970744299404
20,Delta_GRVI,1,0.01827155109475137
21,Delta_GRVI,1,0.2559881760021738
22,Delta_GRVI,1,0.2474872768903882
23,Delta_GRVI,1,0.006615551425366781
24,Delta_GRVI,1,-0.09296627586979317
25,Delta_GRVI,1,0.011593524501181784
26,Delta_GRVI,1,0.13518288669369347
27,Delta_GRVI,1,-0.01226969969456397
28,Delta_GRVI,1,-0.007824103856520964
29,Delta_GRVI,1,0.13173017911814244
30,Delta_GRVI,1,0.032690028392879315
31,Delta_GRVI,1,0.15195123065445792
32,Delta_GRVI,1,3.1912503424749716e-4
33,Delta_GRVI,1,0.16127524464442428
34,Delta_GRVI,1,0.1283883616922811
35,Delta_GRVI,1,0.10364946845970444
36,Delta_GRVI,1,0.12452199630976146
37,Delta_GRVI,1,0.22842925027902586
38,Delta_GRVI,1,0.12793948185578444
39,Delta_GRVI,1,0.19585876026275154
40,Delta_GRVI,1,0.22982633708244254
41,Delta_GRVI,1,0.13053086833593155
42,Delta_GRVI,1,0.2871763228843204
43,Delta_GRVI,1,0.12246181167400315
44,Delta_GRVI,1,0.09262162848806925
45,Delta_GRVI,1,0.06868007049989897
46,Delta_GRVI,1,0.05167843180465195
47,Delta_GRVI,1,0.1966934629720086
48,Delta_GRVI,1,0.09599441175790456
49,Delta_GRVI,1,0.09282220355533691
50,Delta_GRVI,1,-0.010886649630286026
51,Delta_GRVI,1,0.019140284667892745
52,Delta_GRVI,1,0.1510894898185869
53,Delta_GRVI,1,0.0899265231438142
54,Delta_GRVI,1,0.05926370410481585
55,Delta_GRVI,1,0.02977766373062742
56,Delta_GRVI,1,0.07416158698824307
