DX_m,DY_m,N_celdas,Correlacion,RMSE
-5,-5,132120,0.6630216030077711,0.24540908920836915
-5,-4.75,132487,0.6624771053759195,0.24569177141904427
-5,-4.5,132854,0.6619272580285307,0.24598275404081837
-5,-4.25,133221,0.6616492731636018,0.24618659888575867
-5,-4,133588,0.661431203263317,0.24637508299737254
-5,-3.75,133955,0.6613188213994909,0.2465310488830141
-5,-3.5,134322,0.6616916007161271,0.24652144884791735
-5,-3.25,134322,0.6625033438759378,0.24622892670099578
-5,-3,134689,0.6646538955270507,0.24558696661085694
-5,-2.75,135056,0.6676540035544672,0.24463584812409456
-5,-2.5,135423,0.6709837322101853,0.24356506297539277
-5,-2.25,135790,0.6743303177883596,0.2424838317573164
-5,-2,136157,0.6776951052878497,0.2413928568401722
-5,-1.75,136524,0.6810030981750405,0.24031897340914263
-5,-1.5,136891,0.6841135962489074,0.23931483236471485
-5,-1.25,137258,0.6871677309492273,0.2383296236834862
-5,-1,137625,0.690598195150472,0.23719816691916693
-5,-0.75,137992,0.6942990049408112,0.2359591096186448
-5,-0.5,138359,0.6985140533855912,0.23451965532724608
-5,-0.25,138726,0.7033895282953464,0.23281663102374914
-5,0,139093,0.7086834746930227,0.23093991484477644
-5,0.25,138726,0.712804630190186,0.2291826947058126
-5,0.5,138359,0.7156033478161024,0.2279387964803804
-5,0.75,137992,0.7175585495425081,0.22702825388162412
-5,1,137625,0.719257059064304,0.22622076202172708
-5,1.25,137258,0.7207613213209317,0.2254915631620809
-5,1.5,136891,0.7219405555978748,0.22488938350883228
-5,1.75,136524,0.7229997521086584,0.22433305204658288
-5,2,136157,0.7235891941650582,0.22396141668350342
-5,2.25,135790,0.7236614617742844,0.22379321966299345
-5,2.5,135423,0.7235027966527681,0.22371599551470972
-5,2.75,135056,0.7230342695644915,0.22376352454705728
-5,3,134689,0.7217484275441325,0.2241350404725697
-5,3.25,134322,0.7196221264392137,0.22483674798264852
-5,3.5,134322,0.7180584814455283,0.22542377942846947
-5,3.75,133955,0.7161328937001612,0.2260436877326968
-5,4,133588,0.7146990374894162,0.22646471868873272
-5,4.25,133221,0.7134681176852905,0.2268029209602675
-5,4.5,132854,0.7121460026822395,0.22717598687389962
-5,4.75,132487,0.7105013647934646,0.22767494564816557
-5,5,132120,0.7086453982824419,0.228259276464107
-4.75,-5,132480,0.6716100518244329,0.24242183409088996
-4.75,-4.75,132848,0.6707855159438161,0.24280667941691056
-4.75,-4.5,133216,0.6696626054411352,0.2433052167943806
-4.75,-4.25,133584,0.668801153816555,0.24371869707434551
-4.75,-4,133952,0.6683606763722246,0.2439861545827297
-4.75,-3.75,134320,0.6681231067282627,0.2441854961877551
-4.75,-3.5,134688,0.6681868071583187,0.24428364792597115
-4.75,-3.25,134688,0.6685449079698434,0.2441530829764654
-4.75,-3,135056,0.6701598832441554,0.24369529386841196
-4.75,-2.75,135424,0.672632949299996,0.24292401282922402
-4.75,-2.5,135792,0.6756932603984296,0.24193969546066316
-4.75,-2.25,136160,0.6789835378764374,0.24086748600151567
-4.75,-2,136528,0.6823429757848658,0.23976664189617777
-4.75,-1.75,136896,0.6858742518230492,0.23859792049851608
-4.75,-1.5,137264,0.6894342331546859,0.2374137892748383
-4.75,-1.25,137632,0.6928479539237018,0.23628033803328338
-4.75,-1,138000,0.6964017898513681,0.2350868116983872
-4.75,-0.75,138368,0.6999915640723076,0.23387305016976884
-4.75,-0.5,138736,0.7035920305056632,0.23265029210008858
-4.75,-0.25,139104,0.7073865651419753,0.23134504013973303
-4.75,0,139472,0.7117005854420624,0.2298321725961202
-4.75,0.25,139104,0.7158276489637593,0.22806795264087276
-4.75,0.5,138736,0.7192367341494483,0.22658184148056548
-4.75,0.75,138368,0.721602129641833,0.2255081508399428
-4.75,1,138000,0.7235242876546603,0.22461099335583623
-4.75,1.25,137632,0.7253914453996633,0.2237369174076941
-4.75,1.5,137264,0.7270320472690234,0.2229510862205232
-4.75,1.75,136896,0.7284842532353212,0.2222380399699042
-4.75,2,136528,0.7295822995297647,0.2216650067007761
-4.75,2.25,136160,0.7300567143559433,0.22133988718130743
-4.75,2.5,135792,0.7300160251048987,0.2212200845704647
-4.75,2.75,135424,0.7296820616464136,0.2212198676874009
-4.75,3,135056,0.7290147115999369,0.22135548280420014
-4.75,3.25,134688,0.7276176480578409,0.2217831133734083
-4.75,3.5,134688,0.7261734755967838,0.2223321124744343
-4.75,3.75,134320,0.7238111628434614,0.22313793117572547
-4.75,4,133952,0.7218869792188645,0.22376174025911952
-4.75,4.25,133584,0.720548583130884,0.22415093173765066
-4.75,4.5,133216,0.7194369291281596,0.22445132564907555
-4.75,4.75,132848,0.7179665846844605,0.22489350457556903
-4.75,5,132480,0.7159763001605971,0.22554152427042978
-4.5,-5,132840,0.6794548310724404,0.23966944047891062
-4.5,-4.75,133209,0.6785851499899174,0.24007284412394886
-4.5,-4.5,133578,0.6773972973596699,0.24059823021866059
-4.5,-4.25,133947,0.6762906796516379,0.241102840739831
-4.5,-4,134316,0.6755791512892643,0.24146877499617242
-4.5,-3.75,134685,0.6752255897022295,0.24170908014040238
-4.5,-3.5,135054,0.675098009189561,0.24187427127293507
-4.5,-3.25,135054,0.6750616272572686,0.2418872646098174
-4.5,-3,135423,0.6762457661998078,0.24157832826777387
-4.5,-2.75,135792,0.6781743392392382,0.240995475405331
-4.5,-2.5,136161,0.680672359360682,0.2402057251653895
-4.5,-2.25,136530,0.683743314049363,0.239202433221103
-4.5,-2,136899,0.6871512248409227,0.23807135562507212
-4.5,-1.75,137268,0.6909036095261436,0.23680681057444786
-4.5,-1.5,137637,0.694936136144533,0.23543065461611454
-4.5,-1.25,138006,0.698800167314945,0.23411146328995724
-4.5,-1,138375,0.7023922185317437,0.23288661744855732
-4.5,-0.75,138744,0.7056354501253186,0.23178880285543196
-4.5,-0.5,139113,0.7084892935473714,0.2308379213041563
-4.5,-0.25,139482,0.7113385252105688,0.22988440803018256
-4.5,0,139851,0.7146241000552369,0.22875903767139993
-4.5,0.25,139482,0.7182909909662089,0.2271709386013768
-4.5,0.5,139113,0.722154739218403,0.22550236880147428
-4.5,0.75,138744,0.725422126542522,0.2240687886496216
-4.5,1,138375,0.7279257567678487,0.22293792975384802
-4.5,1.25,138006,0.7300008031921428,0.22197820378527214
-4.5,1.5,137637,0.7319331399347284,0.2210732684448016
-4.5,1.75,137268,0.7336775415528753,0.22024093905742684
-4.5,2,136899,0.7350536603089212,0.2195551293902251
-4.5,2.25,136530,0.7359338169310248,0.219068006277928
-4.5,2.5,136161,0.7362600607051726,0.21880398791449904
-4.5,2.75,135792,0.7361370229351724,0.21872387013706804
-4.5,3,135423,0.7357901829500774,0.2187372258304394
-4.5,3.25,135054,0.7350689085562523,0.21890411198054896
-4.5,3.5,135054,0.7342266464347581,0.21922028345478561
-4.5,3.75,134685,0.7319270810684758,0.22001827951516603
-4.5,4,134316,0.7296203060134171,0.22080856664601195
-4.5,4.25,133947,0.7278836235586238,0.22136584442719834
-4.5,4.5,133578,0.7265623995443864,0.2217576180349169
-4.5,4.75,133209,0.724946190173825,0.22226724211437088
-4.5,5,132840,0.7223859805014169,0.22315029808254638
-4.25,-5,133200,0.686669876680567,0.23711489679751
-4.25,-4.75,133570,0.6862229158790407,0.2373639586550384
-4.25,-4.5,133940,0.6853358853502886,0.23778159860842563
-4.25,-4.25,134310,0.6842135769644248,0.2382949864831667
-4.25,-4,134680,0.6832815613966754,0.23874323144928294
-4.25,-3.75,135050,0.6827164085343017,0.23906074040277442
-4.25,-3.5,135420,0.6825043841567311,0.23925510607720274
-4.25,-3.25,135420,0.6822050296178624,0.23936639790079928
-4.25,-3,135790,0.6828811084393172,0.23923739422902848
-4.25,-2.75,136160,0.6842512537537566,0.23885107223145935
-4.25,-2.5,136530,0.6861738847287661,0.2382633399421808
-4.25,-2.25,136900,0.6889098358829013,0.23737225268421666
-4.25,-2,137270,0.6924610281451241,0.2361740302334425
-4.25,-1.75,137640,0.6964900257628561,0.23478988970589068
-4.25,-1.5,138010,0.7007107947283827,0.2333249985259488
-4.25,-1.25,138380,0.7047418242033524,0.2319244205474118
-4.25,-1,138750,0.7081122647455187,0.23076798532277246
-4.25,-0.75,139120,0.710954163223838,0.22981034608668077
-4.25,-0.5,139490,0.7132392924736339,0.22906764173029653
-4.25,-0.25,139860,0.7154250075997209,0.228361428298327
-4.25,0,140230,0.7180431260770735,0.22748624113934907
-4.25,0.25,139860,0.7210956241733077,0.22613569774838038
-4.25,0.5,139490,0.7248942328984017,0.22448836968771085
-4.25,0.75,139120,0.7288828275406924,0.2227629617381531
-4.25,1,138750,0.7322407027032912,0.2212856147221413
-4.25,1.25,138380,0.7346999986255293,0.2201674908649053
-4.25,1.5,138010,0.7367741351487473,0.21920165980482798
-4.25,1.75,137640,0.7386210467210642,0.21832461462079822
-4.25,2,137270,0.7401696571339411,0.2175667120604339
-4.25,2.25,136900,0.7414343118779637,0.21692278129460554
-4.25,2.5,136530,0.7423206963174558,0.21643235403123287
-4.25,2.75,136160,0.7426026450629768,0.21619111724759268
-4.25,3,135790,0.7424018928066967,0.2161500895587059
-4.25,3.25,135420,0.7419934622951556,0.21619672748961463
-4.25,3.5,135420,0.741819719943573,0.21624609203434536
-4.25,3.75,135050,0.7401108645229065,0.2168215430771621
-4.25,4,134680,0.7377967983409836,0.21763235353430066
-4.25,4.25,134310,0.7355125216210741,0.21842322039920192
-4.25,4.5,133940,0.7333550190927928,0.2191596100771712
-4.25,4.75,133570,0.73077744466896,0.2200620804593205
-4.25,5,133200,0.7271006228368069,0.22139891483705174
-4,-5,133560,0.6935855657475962,0.23464065200211012
-4,-4.75,133931,0.6936878827502974,0.2346842222846119
-4,-4.5,134302,0.6932353211592968,0.23494131782068742
-4,-4.25,134673,0.6923148001768658,0.23538239428397348
-4,-4,135044,0.6913693569821483,0.23583781187226036
-4,-3.75,135415,0.690612063747229,0.23622729894717548
-4,-3.5,135786,0.6902267434889359,0.2364847400293783
-4,-3.25,135786,0.6897940254574193,0.236648445737692
-4,-3,136157,0.6900686377966965,0.23666349109510118
-4,-2.75,136528,0.6908948221639832,0.23647198363743607
-4,-2.5,136899,0.6924309512616892,0.23601873222412484
-4,-2.25,137270,0.6948650495153232,0.23522813385220598
-4,-2,137641,0.6983549196802513,0.23403725956548904
-4,-1.75,138012,0.7024142450138834,0.23262372723374403
-4,-1.5,138383,0.7063906185037158,0.23123377797328454
-4,-1.25,138754,0.710120118716935,0.22993190576643677
-4,-1,139125,0.7132637583250501,0.22884866883163976
-4,-0.75,139496,0.7158522754332737,0.2279772171519976
-4,-0.5,139867,0.7178745567637208,0.2273270118444682
-4,-0.25,140238,0.7197369011478156,0.22673821378555536
-4,0,140609,0.7219936950374831,0.22599516995270413
-4,0.25,140238,0.724698786806371,0.22477771902497137
-4,0.5,139867,0.7280630937058138,0.22329738720849945
-4,0.75,139496,0.7320992619929051,0.22154644098359724
-4,1,139125,0.7361227959938726,0.21979438491461203
-4,1.25,138754,0.7391542796209271,0.2184392303450725
-4,1.5,138383,0.7414553818803054,0.21737671949173631
-4,1.75,138012,0.7434273688900399,0.21644484801403296
-4,2,137641,0.7451805271989914,0.21560022544266072
-4,2.25,137270,0.7467769192281745,0.2148178910714813
-4,2.5,136899,0.7481270445104282,0.2141356739957391
-4,2.75,136528,0.7488792363218207,0.2137023615732623
-4,3,136157,0.7489799445313458,0.21354130567712737
-4,3.25,135786,0.7487158538783297,0.21353388110566562
-4,3.5,135786,0.7488583308464783,0.21345420901651754
-4,3.75,135415,0.7478250828655851,0.2137648227775061
-4,4,135044,0.7458725030104294,0.2144450809717184
-4,4.25,134673,0.7429448896124563,0.2155154303639527
-4,4.5,134302,0.7392851834236319,0.21687449209295384
-4,4.75,133931,0.7350902804162907,0.21843956987300273
-4,5,133560,0.7304377067583108,0.2201778014353901
-3.75,-5,133920,0.7003340335291667,0.2322018099199687
-3.75,-4.75,134292,0.700724689279649,0.23213388788410566
-3.75,-4.5,134664,0.7008487839207065,0.23217246858383597
-3.75,-4.25,135036,0.7004482651453307,0.2324186819991322
-3.75,-4,135408,0.6997549553827088,0.23278097454915792
-3.75,-3.75,135780,0.69892244438746,0.23320028122960584
-3.75,-3.5,136152,0.6982651923263944,0.2335598429934647
-3.75,-3.25,136152,0.6976116790591103,0.2338104496899047
-3.75,-3,136524,0.69771917459989,0.23388452988638683
-3.75,-2.75,136896,0.6983147051097137,0.23377362184690112
-3.75,-2.5,137268,0.6996145574240649,0.2334000706500278
-3.75,-2.25,137640,0.7017495143447653,0.23270958900282895
-3.75,-2,138012,0.7047077739135094,0.2317041961788342
-3.75,-1.75,138384,0.7081741016026807,0.2304997272611176
-3.75,-1.5,138756,0.7116183758276784,0.22929827268544434
-3.75,-1.25,139128,0.7147740049022876,0.2282044531646392
-3.75,-1,139500,0.7175829239526158,0.22723978071229414
-3.75,-0.75,139872,0.7201806260764626,0.22635421076065113
-3.75,-0.5,140244,0.7223862603150085,0.2256224479574857
-3.75,-0.25,140616,0.7243748135406072,0.22497460426471097
-3.75,0,140988,0.7264410908999404,0.2242971517695043
-3.75,0.25,140616,0.7289204259390971,0.22316492009650243
-3.75,0.5,140244,0.7318697488186543,0.22184452343672054
-3.75,0.75,139872,0.7353927355281314,0.22029292919445256
-3.75,1,139500,0.7394200654551106,0.2185319084050138
-3.75,1.25,139128,0.7430151396732533,0.21694064295914664
-3.75,1.5,138756,0.745838929982441,0.2156586994079142
-3.75,1.75,138384,0.7481662262737259,0.2145759826297499
-3.75,2,138012,0.7501743230109575,0.21362194042644025
-3.75,2.25,137640,0.7520792567646001,0.21270783804584614
-3.75,2.5,137268,0.7537417433014674,0.2118925833430276
-3.75,2.75,136896,0.7548983932039014,0.2112900161157741
-3.75,3,136524,0.7554833318581221,0.21092936024066916
-3.75,3.25,136152,0.7555074109445264,0.21080625804314915
-3.75,3.5,136152,0.755687385691381,0.21071044292835917
-3.75,3.75,135780,0.7548144153380707,0.21096322289803154
-3.75,4,135408,0.7529135296252271,0.21163640734773417
-3.75,4.25,135036,0.7492569185087681,0.2130269936744301
-3.75,4.5,134664,0.7441779020498419,0.21498653393407016
-3.75,4.75,134292,0.7386605998678936,0.2171037977878194
-3.75,5,133920,0.7334317653304236,0.2190868737099053
-3.5,-5,134280,0.7068893934549257,0.22980873239605265
-3.5,-4.75,134653,0.7075614806808802,0.22962938027848606
-3.5,-4.5,135026,0.7081191139344404,0.22949902201048977
-3.5,-4.25,135399,0.7083879617211443,0.22948788669216028
-3.5,-4,135772,0.7081560800991573,0.2296741019399383
-3.5,-3.75,136145,0.70746441970105,0.2300412421176148
-3.5,-3.5,136518,0.7066844598521275,0.23044870147224444
-3.5,-3.25,136518,0.7058406204558146,0.23077713264635324
-3.5,-3,136891,0.7059654015063551,0.2308411610574504
-3.5,-2.75,137264,0.7066074354888443,0.23070639185534958
-3.5,-2.5,137637,0.7076715749124679,0.23041356344474145
-3.5,-2.25,138010,0.7092945386444236,0.22990652167341072
-3.5,-2,138383,0.7114074582561108,0.22921117317587564
-3.5,-1.75,138756,0.7137969079477434,0.22840777728506675
-3.5,-1.5,139129,0.7164038291451063,0.22751816717592632
-3.5,-1.25,139502,0.7189887327302302,0.22663572708224358
-3.5,-1,139875,0.7214005202147238,0.22581710293973098
-3.5,-0.75,140248,0.7240314927392505,0.22490876762495499
-3.5,-0.5,140621,0.7267186337160854,0.22397622134555117
-3.5,-0.25,140994,0.7291994729210182,0.22312200975759997
-3.5,0,141367,0.7313110017275231,0.2224161272040262
-3.5,0.25,140994,0.7335798784702169,0.22136343891176072
-3.5,0.5,140621,0.7361918296865745,0.22017291618032453
-3.5,0.75,140248,0.7390748984830977,0.21887378501600474
-3.5,1,139875,0.7425495076409514,0.217330725051374
-3.5,1.25,139502,0.7464381267738346,0.21561182344027074
-3.5,1.5,139129,0.7499787943360164,0.21402703155517375
-3.5,1.75,138756,0.7528113662864006,0.21272837554687354
-3.5,2,138383,0.7551072259813914,0.2116489556359238
-3.5,2.25,138010,0.7572685496433255,0.21062215515723184
-3.5,2.5,137637,0.7591995429103684,0.2096893586139043
-3.5,2.75,137264,0.7606902375016591,0.2089432641035796
-3.5,3,136891,0.7617432237729583,0.20838473012387237
-3.5,3.25,136518,0.7621327498838563,0.20810997176716223
-3.5,3.5,136518,0.7621957341133399,0.20806299681230203
-3.5,3.75,136145,0.7606403787181056,0.20861180210616803
-3.5,4,135772,0.7578780346893529,0.20965884441391988
-3.5,4.25,135399,0.7537059544537789,0.2112817002888695
-3.5,4.5,135026,0.7482453595953976,0.21341920825278274
-3.5,4.75,134653,0.742224111690601,0.21576149419716567
-3.5,5,134280,0.7365330973956332,0.21794689455053856
-3.25,-5,134280,0.7124965831746745,0.22765827462004634
-3.25,-4.75,134653,0.7141480391067394,0.22709712852392996
-3.25,-4.5,135026,0.7149714845734602,0.2268608481366004
-3.25,-4.25,135399,0.7156421632921574,0.22669178551502606
-3.25,-4,135772,0.7159343392134533,0.22667450443499937
-3.25,-3.75,136145,0.7156564229867535,0.22688325126103326
-3.25,-3.5,136518,0.7150832316023682,0.22721331178489715
-3.25,-3.25,136518,0.7143220183645074,0.2275156183416077
-3.25,-3,136891,0.7145080096810978,0.22755397368495617
-3.25,-2.75,137264,0.7150805150671689,0.2274415506670286
-3.25,-2.5,137637,0.7157301381540107,0.22730322559909347
-3.25,-2.25,138010,0.7165277896670871,0.22710894413239155
-3.25,-2,138383,0.7175881895934645,0.22681480602805892
-3.25,-1.75,138756,0.7187873961200012,0.2264683063431089
-3.25,-1.5,139129,0.7203829126966877,0.22596795879716197
-3.25,-1.25,139502,0.7224688420480233,0.2252755651464276
-3.25,-1,139875,0.7247806413256593,0.22449066934946232
-3.25,-0.75,140248,0.7274198290557766,0.22357267523025987
-3.25,-0.5,140621,0.73044000230055,0.222499745484346
-3.25,-0.25,140994,0.7334228306233554,0.22143579615839676
-3.25,0,141367,0.7359271365610295,0.22056338650698376
-3.25,0.25,140994,0.738100326247526,0.21954374560272946
-3.25,0.5,140621,0.7403308199661514,0.218502172068773
-3.25,0.75,140248,0.742771003141325,0.21737749712039509
-3.25,1,139875,0.7456994670426461,0.21605151901132744
-3.25,1.25,139502,0.7493657191873125,0.214416852425543
-3.25,1.5,139129,0.7533329563265089,0.21264698387554337
-3.25,1.75,138756,0.7567536925883169,0.21109484535810122
-3.25,2,138383,0.7595105996541892,0.20981475626928558
-3.25,2.25,138010,0.7619531642189262,0.20866233244192298
-3.25,2.5,137637,0.7641271711248652,0.20762004743929965
-3.25,2.75,137264,0.7658614099268474,0.20676531149405689
-3.25,3,136891,0.7671323685442669,0.2061104443533027
-3.25,3.25,136518,0.7675550902861754,0.20582115831602082
-3.25,3.5,136518,0.7671403774845987,0.20597850325716907
-3.25,3.75,136145,0.7645074762959134,0.20699329500981434
-3.25,4,135772,0.7606738770030828,0.20850171901507372
-3.25,4.25,135399,0.7563265460289355,0.21020720307435722
-3.25,4.5,135026,0.751347797122575,0.2121567295611943
-3.25,4.75,134653,0.7454200306750058,0.2144748978179576
-3.25,5,134280,0.7391741392203691,0.2168973363270866
-3,-5,134640,0.7170744777744964,0.22598951392168423
-3,-4.75,135014,0.7206403053287667,0.2246720022447492
-3,-4.5,135388,0.7221903473339873,0.22414431889891961
-3,-4.25,135762,0.722997497502781,0.22391574851598378
-3,-4,136136,0.7237466552000945,0.2237142605769253
-3,-3.75,136510,0.724182932221705,0.22363999305154925
-3,-3.5,136884,0.7241802130546402,0.22374531833748207
-3,-3.25,136884,0.723766911839218,0.2239167197478819
-3,-3,137258,0.7239600959370146,0.2239479196219908
-3,-2.75,137632,0.7241530067598032,0.2239787750180863
-3,-2.5,138006,0.7241498472893516,0.2240915570495662
-3,-2.25,138380,0.7240022637941178,0.22426380802476203
-3,-2,138754,0.7239353123014531,0.2244078155686717
-3,-1.75,139128,0.7241826152342543,0.22443064506756139
-3,-1.5,139502,0.725075062240806,0.22420090783001648
-3,-1.25,139876,0.7267481956657454,0.22366353271558348
-3,-1,140250,0.7290687584348041,0.22286554544279985
-3,-0.75,140624,0.7317738218815285,0.2219102876703641
-3,-0.5,140998,0.7347792819260097,0.22083100603239433
-3,-0.25,141372,0.7379432590033048,0.21968092138487458
-3,0,141746,0.7408934467660735,0.21861448506964343
-3,0.25,141372,0.7431324035492747,0.21756245171918118
-3,0.5,140998,0.7451037402969353,0.21662203002660985
-3,0.75,140624,0.7473174721056217,0.21558472903591883
-3,1,140250,0.7499257884851963,0.21438391292696402
-3,1.25,139876,0.7530333300632039,0.21297279653185477
-3,1.5,139502,0.7568068920668286,0.2112745744753248
-3,1.75,139128,0.7607529283160763,0.20949190446346136
-3,2,138754,0.7642256926628231,0.20789943300464667
-3,2.25,138380,0.767080764229172,0.2065626720766889
-3,2.5,138006,0.7694181512014228,0.2054428519791109
-3,2.75,137632,0.7711470923732514,0.20458494904320088
-3,3,137258,0.7720888273467353,0.20406924419074524
-3,3.25,136884,0.7718604827131823,0.20406226616071957
-3,3.5,136884,0.7706562986301342,0.20456195305720554
-3,3.75,136510,0.7673973945133816,0.20585560346755588
-3,4,136136,0.7632314089190798,0.20751733362077246
-3,4.25,135762,0.758901117199617,0.20922785139168723
-3,4.5,135388,0.7543834201460113,0.2109992063060944
-3,4.75,135014,0.7488717814761053,0.21316388745755802
-3,5,134640,0.7423495589547425,0.2157183523328411
-2.75,-5,135000,0.72000201384542994,0.22495898082131485
-2.75,-4.75,135375,0.7257795609486191,0.22275845340149814
-2.75,-4.5,135750,0.7289526050868813,0.22157772296244643
-2.75,-4.25,136125,0.7303234848523436,0.22111785867739914
-2.75,-4,136500,0.7314351453597326,0.22076482710093942
-2.75,-3.75,136875,0.7326551281798598,0.22037128742851575
-2.75,-3.5,137250,0.7334521305965652,0.22015257383836184
-2.75,-3.25,137250,0.7334043919352203,0.2201816012817532
-2.75,-3,137625,0.7333946521677065,0.22028988713851594
-2.75,-2.75,138000,0.732917178574294,0.22058584172328508
-2.75,-2.5,138375,0.7320468023708215,0.22104389245717376
-2.75,-2.25,138750,0.7310387142507746,0.22155923039972442
-2.75,-2,139125,0.7301076505159226,0.2220469910157268
-2.75,-1.75,139500,0.7297115167621983,0.2223237791712113
-2.75,-1.5,139875,0.7302222030135395,0.222241024741414
-2.75,-1.25,140250,0.7315997604407724,0.22181373459228104
-2.75,-1,140625,0.7337235174254195,0.2210844866133754
-2.75,-0.75,141000,0.7364287831915187,0.22011731112497362
-2.75,-0.5,141375,0.7393017835872061,0.21907904924211974
-2.75,-0.25,141750,0.7423336199833342,0.21796978859004035
-2.75,0,142125,0.745448257966,0.21682274177161612
-2.75,0.25,141750,0.7479898499355113,0.21563959932813115
-2.75,0.5,141375,0.7500775195382827,0.21464574090147603
-2.75,0.75,141000,0.7521886035529721,0.2136451301871206
-2.75,1,140625,0.7544928075547918,0.2125641820011298
-2.75,1.25,140250,0.7571137023203643,0.2113489784344451
-2.75,1.5,139875,0.7604161792112605,0.20983981157940218
-2.75,1.75,139500,0.7644832558920805,0.20799510700614593
-2.75,2,139125,0.7685573519742305,0.20613445784533227
-2.75,2.25,138750,0.7719078971620713,0.2045742708148748
-2.75,2.5,138375,0.7743395457734874,0.20340562313545618
-2.75,2.75,138000,0.7756448058568374,0.20272738055446143
-2.75,3,137625,0.7756084676501364,0.2026371253117853
-2.75,3.25,137250,0.7743115379827717,0.20309806444301887
-2.75,3.5,137250,0.7725667473877105,0.20383487392427957
-2.75,3.75,136875,0.7694127002987579,0.20509151916074025
-2.75,4,136500,0.7655099943118394,0.20665118809774888
-2.75,4.25,136125,0.7611678394348577,0.20837794393484638
-2.75,4.5,135750,0.7566167936533083,0.2101746008860435
-2.75,4.75,135375,0.7514065492579884,0.21222772693508143
-2.75,5,135000,0.7449848434140409,0.2147573517187312
-2.5,-5,135360,0.7213229742104047,0.22456227249283905
-2.5,-4.75,135736,0.7290407092555571,0.22158245122281295
-2.5,-4.5,136112,0.7344984085863696,0.21947466328989904
-2.5,-4.25,136488,0.7374836590484714,0.2183544811229321
-2.5,-4,136864,0.739214587882409,0.2177415117937184
-2.5,-3.75,137240,0.7408850205801943,0.21715455940645434
-2.5,-3.5,137616,0.7422868684446122,0.21668089276113478
-2.5,-3.25,137616,0.7424779941142214,0.21661424393128384
-2.5,-3,137992,0.7421370265666517,0.21685497292977401
-2.5,-2.75,138368,0.7410033322818075,0.21741908974014157
-2.5,-2.5,138744,0.7393684225808842,0.21819095824653334
-2.5,-2.25,139120,0.7377825403260234,0.21894383733415954
-2.5,-2,139496,0.7364886502647743,0.21958076140187702
-2.5,-1.75,139872,0.735780444406277,0.21998327105658624
-2.5,-1.5,140248,0.7359430885394862,0.22003674411328153
-2.5,-1.25,140624,0.7370318463077232,0.21971836539168932
-2.5,-1,141000,0.738776657182977,0.21913247239972802
-2.5,-0.75,141376,0.7411390623497048,0.2182929246988365
-2.5,-0.5,141752,0.7437803547863151,0.21733724089596004
-2.5,-0.25,142128,0.746551768281683,0.21632287035755476
-2.5,0,142504,0.7496208471118067,0.21518198069562577
-2.5,0.25,142128,0.75261572052162,0.21380251901908467
-2.5,0.5,141752,0.7550519840572767,0.21265643521866956
-2.5,0.75,141376,0.7571909831041297,0.2116377864921952
-2.5,1,141000,0.7592505849426213,0.21065332238300208
-2.5,1.25,140624,0.7615753878779039,0.2095558951252115
-2.5,1.5,140248,0.7645019773589445,0.20819702734383597
-2.5,1.75,139872,0.7681570973625504,0.2065171302417187
-2.5,2,139496,0.7721432114792983,0.20468296800752891
-2.5,2.25,139120,0.7757159936250578,0.20301646246476718
-2.5,2.5,138744,0.7780069862559156,0.20190295058825533
-2.5,2.75,138368,0.7785250495025868,0.20156837932577373
-2.5,3,137992,0.7774252167340586,0.20194656934293792
-2.5,3.25,137616,0.7754093772760422,0.20272524014447588
-2.5,3.5,137616,0.7735868738611853,0.2034979156474346
-2.5,3.75,137240,0.770795555264954,0.2046034315784553
-2.5,4,136864,0.7672550173905179,0.20601562132938536
-2.5,4.25,136488,0.7629046708551895,0.20775516795008458
-2.5,4.5,136112,0.7580218725964043,0.209700414583273
-2.5,4.75,135736,0.7526551252069654,0.21182730574524464
-2.5,5,135360,0.7463937546651688,0.21430077261724126
-2.25,-5,135720,0.7216338149065994,0.22456799317217296
-2.25,-4.75,136097,0.7308556172227041,0.22098297448296159
-2.25,-4.5,136474,0.7386210278363479,0.21793123607106668
-2.25,-4.25,136851,0.7439888482927127,0.21582497693211158
-2.25,-4,137228,0.7470140788976212,0.21466758851612522
-2.25,-3.75,137605,0.7487576464288084,0.21403724015237818
-2.25,-3.5,137982,0.7500441247063241,0.21359976766682073
-2.25,-3.25,137982,0.7502991960950699,0.21350684258293395
-2.25,-3,138359,0.7498702383838431,0.21378345496299508
-2.25,-2.75,138736,0.7484461286770133,0.21447217874568072
-2.25,-2.5,139113,0.7464626799699948,0.21539490660682475
-2.25,-2.25,139490,0.7445967081210051,0.21626930096968477
-2.25,-2,139867,0.7432016181913064,0.21695210994928263
-2.25,-1.75,140244,0.7424328599725252,0.21738061766335232
-2.25,-1.5,140621,0.7422840611035483,0.21755848781347129
-2.25,-1.25,140998,0.7429219024004741,0.21741754446132514
-2.25,-1,141375,0.7441441077790805,0.2170366013864005
-2.25,-0.75,141752,0.7458907233103163,0.21643952166752956
-2.25,-0.5,142129,0.7481745056650839,0.21562018392225332
-2.25,-0.25,142506,0.7508114273888333,0.21464997473631886
-2.25,0,142883,0.7538479078083309,0.2135098452702339
-2.25,0.25,142506,0.7571027773318022,0.2120118833630816
-2.25,0.5,142129,0.7598385662692325,0.21073140492513076
-2.25,0.75,141752,0.7621868679447849,0.20961692961298894
-2.25,1,141375,0.7643275223255441,0.2085911814288008
-2.25,1.25,140998,0.7665341055928172,0.2075366087461585
-2.25,1.5,140621,0.7690586385273241,0.2063408614742711
-2.25,1.75,140244,0.7719485657406184,0.20498055775057086
-2.25,2,139867,0.7750571302588217,0.20351798717104572
-2.25,2.25,139490,0.7779453713606155,0.20214420199329772
-2.25,2.5,139113,0.7796228551904882,0.20129788023909254
-2.25,2.75,138736,0.7795792017039237,0.20121167208652052
-2.25,3,138359,0.7781765862072375,0.20172567054888102
-2.25,3.25,137982,0.7760795235754753,0.20254316141100706
-2.25,3.5,137982,0.7742306863460104,0.20332880979243334
-2.25,3.75,137605,0.771469642938808,0.20442502743899538
-2.25,4,137228,0.7680416353840223,0.20579348299413183
-2.25,4.25,136851,0.7637294255058862,0.2075224114578621
-2.25,4.5,136474,0.7585753072901704,0.2095877586423994
-2.25,4.75,136097,0.7528309426238832,0.21187662784215808
-2.25,5,135720,0.7465138449713729,0.21437677689528106
-2,-5,136080,0.7218102489990779,0.2246323509381743
-2,-4.75,136458,0.7319640520591254,0.220669438662705
-2,-4.5,136836,0.7415549071354756,0.2168645386356479
-2,-4.25,137214,0.7492161706212247,0.21379543075619478
-2,-4,137592,0.7540068886758087,0.21188559214851824
-2,-3.75,137970,0.7560818547232759,0.21110326450256706
-2,-3.5,138348,0.7567910473664718,0.2108981501467552
-2,-3.25,138348,0.7567436342567865,0.21093234452243978
-2,-3,138726,0.7565217102458041,0.21112171702574783
-2,-2.75,139104,0.755379281365011,0.21169772582383248
-2,-2.5,139482,0.7535907447517667,0.21254779609585356
-2,-2.25,139860,0.7517866401019402,0.21340476184390253
-2,-2,140238,0.7503637554838061,0.2141047285282534
-2,-1.75,140616,0.7495153296190769,0.2145682556672031
-2,-1.5,140994,0.7491413376443274,0.21483807567421545
-2,-1.25,141372,0.7492001748089945,0.21493205440636684
-2,-1,141750,0.7497587362787212,0.21481919148560175
-2,-0.75,142128,0.7509270712262318,0.21445361279634334
-2,-0.5,142506,0.7527857859479284,0.21380104769311878
-2,-0.25,142884,0.7552859576112138,0.2128763088512095
-2,0,143262,0.7582407245436354,0.2117572891244099
-2,0.25,142884,0.7614861619480846,0.21025302339958324
-2,0.5,142506,0.7645254496766353,0.20883377034266204
-2,0.75,142128,0.7672964703904493,0.2075293119444864
-2,1,141750,0.7697051491782128,0.2063799077984159
-2,1.25,141372,0.7718109290606147,0.20536080554713043
-2,1.5,140994,0.7737836776446988,0.2043961755188284
-2,1.75,140616,0.7756334176468457,0.20348136591317112
-2,2,140238,0.7772882346968438,0.2026493152569151
-2,2.25,139860,0.7785178720029695,0.20200203457025875
-2,2.5,139482,0.7793219753833462,0.20154102952388528
-2,2.75,139104,0.7793489338804156,0.201424879868765
-2,3,138726,0.7783524524621533,0.20176182437643533
-2,3.25,138348,0.7764236616229091,0.20250795915170305
-2,3.5,138348,0.774354582957186,0.20339041660283913
-2,3.75,137970,0.7712529301820766,0.20463613530392966
-2,4,137592,0.7676477716927572,0.2060819622645407
-2,4.25,137214,0.763386303514638,0.20779019994195322
-2,4.5,136836,0.7583439583420096,0.20980971384770655
-2,4.75,136458,0.7525194180140898,0.2121335799964521
-2,5,136080,0.7459523821682972,0.21473752061627774
-1.75,-5,136440,0.7223122709696255,0.22457170252001374
-1.75,-4.75,136819,0.7329148662679504,0.22042098979785194
-1.75,-4.5,137198,0.7433859420116568,0.216245187948328
-1.75,-4.25,137577,0.7524857713889705,0.21256256232951784
-1.75,-4,137956,0.7589415083114334,0.20993456600684504
-1.75,-3.75,138335,0.7622013369765406,0.20863744476589585
-1.75,-3.5,138714,0.7629319489633588,0.20841683611614942
-1.75,-3.25,138714,0.7623304029807829,0.20868845362949076
-1.75,-3,139093,0.7622063851231433,0.2088348872306337
-1.75,-2.75,139472,0.761819841073881,0.20909299128894826
-1.75,-2.5,139851,0.7607859070055669,0.20963039145222473
-1.75,-2.25,140230,0.7594306895877659,0.21030584211115474
-1.75,-2,140609,0.7580407344634869,0.21099851882604595
-1.75,-1.75,140988,0.7569781202962471,0.21155537799143032
-1.75,-1.5,141367,0.7563490185895801,0.21193265853364454
-1.75,-1.25,141746,0.7559382630505245,0.21222191034237506
-1.75,-1,142125,0.7558918246743814,0.2123589340262697
-1.75,-0.75,142504,0.7566118867952317,0.2121746849147951
-1.75,-0.5,142883,0.7579518234012781,0.2117311079515051
-1.75,-0.25,143262,0.7600460263157189,0.2109662798821277
-1.75,0,143641,0.7627657457698938,0.20993381481820605
-1.75,0.25,143262,0.7659662959871628,0.2084377435380578
-1.75,0.5,142883,0.7692754620184132,0.20689100887006326
-1.75,0.75,142504,0.7725328799319005,0.20536424154982894
-1.75,1,142125,0.7751839200204163,0.2040990060457275
-1.75,1.25,141746,0.7770139793545411,0.20319275413420257
-1.75,1.5,141367,0.7782077966453647,0.2025644059397256
-1.75,1.75,140988,0.7786948860866273,0.20224579376711202
-1.75,2,140609,0.7785694174224845,0.20219663401648016
-1.75,2.25,140230,0.778188214223877,0.2022591244406067
-1.75,2.5,139851,0.7781815070616408,0.2021561044489508
-1.75,2.75,139472,0.7782696735772584,0.20201396207735958
-1.75,3,139093,0.7776745888707153,0.20217506696352391
-1.75,3.25,138714,0.775949611581269,0.2028325317232758
-1.75,3.5,138714,0.773681859590187,0.20380083946346952
-1.75,3.75,138335,0.7702258206580439,0.20519944184348146
-1.75,4,137956,0.7664576781475833,0.2067136760568687
-1.75,4.25,137577,0.7622539278347611,0.20839524245515686
-1.75,4.5,137198,0.7574060564842088,0.21033087507540354
-1.75,4.75,136819,0.7516770496401697,0.2126134931131035
-1.75,5,136440,0.7449901231753004,0.21526518948019924
-1.5,-5,136800,0.7230301628004748,0.22443054235981388
-1.5,-4.75,137180,0.7338316107231011,0.2201900728443181
-1.5,-4.5,137560,0.7440629645178627,0.21610121042058186
-1.5,-4.25,137940,0.7535832437048321,0.21223420317357214
-1.5,-4,138320,0.7613483129813886,0.20904173762241934
-1.5,-3.75,138700,0.7663415036999929,0.20699250286301768
-1.5,-3.5,139080,0.7683519938209082,0.206215718688157
-1.5,-3.25,139080,0.7680132481708295,0.20637831305698065
-1.5,-3,139460,0.7678403925149779,0.20654404663794215
-1.5,-2.75,139840,0.7680231936614418,0.20655656964383007
-1.5,-2.5,140220,0.7679361297906289,0.2066895191980329
-1.5,-2.25,140600,0.7671885286374586,0.20710962681940695
-1.5,-2,140980,0.7659774688950273,0.20773242675490192
-1.5,-1.75,141360,0.7646506118683812,0.20840751610609914
-1.5,-1.5,141740,0.7636459264734129,0.20894745248968355
-1.5,-1.25,142120,0.7629844026314855,0.20934425843541965
-1.5,-1,142500,0.7625973634091947,0.209625042629077
-1.5,-0.75,142880,0.7627917207459219,0.20965958463868142
-1.5,-0.5,143260,0.7636928266587509,0.20939504755991548
-1.5,-0.25,143640,0.7652438252522383,0.2088516827000421
-1.5,0,144020,0.7675325956809004,0.20799132629172143
-1.5,0.25,143640,0.7707837781003634,0.20646108219567808
-1.5,0.5,143260,0.774180152636843,0.204863101610029
-1.5,0.75,142880,0.7774641571501495,0.20331132539411412
-1.5,1,142500,0.7800733838817943,0.20205401735919207
-1.5,1.25,142120,0.7813834011422053,0.20137244396783857
-1.5,1.5,141740,0.7814710255498468,0.20123312196578455
-1.5,1.75,141360,0.7805004048367514,0.2015616712217503
-1.5,2,140980,0.7790777474425639,0.20208763887874417
-1.5,2.25,140600,0.7777332745679977,0.2025756584768566
-1.5,2.5,140220,0.7768541030855606,0.20285668524208994
-1.5,2.75,139840,0.7764283248934198,0.2029406546434738
-1.5,3,139460,0.7758239826117383,0.20310565279942122
-1.5,3.25,139080,0.7743154605774855,0.20366711412396407
-1.5,3.5,139080,0.7722277371222512,0.20455438244966698
-1.5,3.75,138700,0.7687092222742026,0.20597715423643795
-1.5,4,138320,0.7647340445440639,0.20757658043505572
-1.5,4.25,137940,0.7604170900813506,0.20930181757682997
-1.5,4.5,137560,0.7555325777916662,0.2112476265132048
-1.5,4.75,137180,0.7499633020686337,0.21345820132349538
-1.5,5,136800,0.743574284878822,0.2159824966883475
-1.25,-5,137160,0.723378076906647,0.22444024825132478
-1.25,-4.75,137541,0.7340624969933913,0.22023970237715984
-1.25,-4.5,137922,0.7438349923871488,0.21633316087307655
-1.25,-4.25,138303,0.752974345650894,0.21262316913848625
-1.25,-4,138684,0.761448455362987,0.2091301988903692
-1.25,-3.75,139065,0.7682657859568045,0.206292773401073
-1.25,-3.5,139446,0.772474837986499,0.20455567074330935
-1.25,-3.25,139446,0.7736770982949109,0.2040495765347985
-1.25,-3,139827,0.7739038377315967,0.20403951693315484
-1.25,-2.75,140208,0.7741308792750381,0.2040293165533754
-1.25,-2.5,140589,0.7745745226967765,0.20392835996725472
-1.25,-2.25,140970,0.7744927552279418,0.20405958606701322
-1.25,-2,141351,0.7736597132409361,0.20452304923956519
-1.25,-1.75,141732,0.7723874922710164,0.20518130260546308
-1.25,-1.5,142113,0.7711390507621237,0.20583207682747454
-1.25,-1.25,142494,0.7702922520588464,0.20631160173454638
-1.25,-1,142875,0.7697607941348353,0.20665547089904868
-1.25,-0.75,143256,0.7694205660325663,0.20691885046089362
-1.25,-0.5,143637,0.7697816270040967,0.20688173832211534
-1.25,-0.25,144018,0.7709736705653889,0.2064843689378363
-1.25,0,144399,0.7728158264203394,0.2058057154448819
-1.25,0.25,144018,0.7757920339452052,0.20438233629098976
-1.25,0.5,143637,0.7790511987734182,0.20283061773329625
-1.25,0.75,143256,0.7817865389156269,0.2015096288876166
-1.25,1,142875,0.78360610882105175,0.2005962479099455
-1.25,1.25,142494,0.7839182225893375,0.20035846096843454
-1.25,1.5,142113,0.7828380783801188,0.20074181117473355
-1.25,1.75,141732,0.7811154619096792,0.20140718669917776
-1.25,2,141351,0.7791112359404022,0.20219239814635157
-1.25,2.25,140970,0.7770301632414099,0.20300561112322968
-1.25,2.5,140589,0.7752239942759913,0.20369291346023147
-1.25,2.75,140208,0.7739844136746721,0.20413205161950498
-1.25,3,139827,0.7730031434182685,0.20446030734669637
-1.25,3.25,139446,0.77163349058137,0.20495863719570645
-1.25,3.5,139446,0.7699429631088243,0.20566978520337365
-1.25,3.75,139065,0.7666372852596468,0.20699593527686133
-1.25,4,138684,0.762503328189566,0.20865754140528323
-1.25,4.25,138303,0.757917185746919,0.21048986753365564
-1.25,4.5,137922,0.7529922463465893,0.2124446782916576
-1.25,4.75,137541,0.7476369811944853,0.214558450619144
-1.25,5,137160,0.7418789767753852,0.2168176761534147
-1,-5,137520,0.7229921297904337,0.22474351068501455
-1,-4.75,137902,0.7332834816126598,0.22069952076100968
-1,-4.5,138284,0.7427574788199226,0.21691683222193944
-1,-4.25,138666,0.7515292191264381,0.21336407115882322
-1,-4,139048,0.7601366101059768,0.20982132840118103
-1,-3.75,139430,0.7683990479059242,0.20636611112335404
-1,-3.5,139812,0.7750409814073836,0.20356365053138797
-1,-3.25,139812,0.7786290803174983,0.20200556464211059
-1,-3,140194,0.7801965205413625,0.20139947207462267
-1,-2.75,140576,0.7805472666164928,0.2013306747786083
-1,-2.5,140958,0.7809278742007643,0.20125248951932306
-1,-2.25,141340,0.7812790363020455,0.2011896429771708
-1,-2,141722,0.7809979349440394,0.20141126676899868
-1,-1.75,142104,0.7801163025425832,0.20190307717915737
-1,-1.5,142486,0.7789259047593262,0.2025351497196739
-1,-1.25,142868,0.7777775322478209,0.20315195372276557
-1,-1,143250,0.7769629625337705,0.20362241392138783
-1,-0.75,143632,0.7764564334020109,0.20395942754050175
-1,-0.5,144014,0.7763768592747863,0.20411235538504496
-1,-0.25,144396,0.7772659282373393,0.20383958947616967
-1,0,144778,0.7788984190808864,0.20324104200217122
-1,0.25,144396,0.7811163006481326,0.20214049411824433
-1,0.5,144014,0.78350681353311,0.20096280754597282
-1,0.75,143632,0.7850616112522268,0.2001620740040516
-1,1,143250,0.7852545097772897,0.1999757899405144
-1,1.25,142868,0.7844075330333072,0.20025842675946548
-1,1.5,142486,0.7829362792123276,0.20081796258029508
-1,1.75,142104,0.781115618635477,0.20152822674416979
-1,2,141722,0.7788398709247665,0.2024346639871314
-1,2.25,141340,0.7762299581192406,0.20348083427405073
-1,2.5,140958,0.7736375778974477,0.20451110840771045
-1,2.75,140576,0.771485830155042,0.20534546349534777
-1,3,140194,0.7698163730601285,0.20596977625255128
-1,3.25,139812,0.7681835185006712,0.20657827494054798
-1,3.5,139812,0.7666571416294374,0.20721404293447374
-1,3.75,139430,0.7636826623520794,0.2083910929536971
-1,4,139048,0.7596724467705807,0.20999180078609417
-1,4.25,138666,0.7550443990835166,0.21183289045442247
-1,4.5,138284,0.7503010294196008,0.21370333657161575
-1,4.75,137902,0.7453716950651671,0.21563382927931335
-1,5,137520,0.7402788782366018,0.21761631392650937
-0.75,-5,137880,0.7215966172206646,0.22544921939063828
-0.75,-4.75,138263,0.7316563103033311,0.22150379748202167
-0.75,-4.5,138646,0.7409046779035047,0.21782060273490875
-0.75,-4.25,139029,0.7497851220006303,0.21423162630540102
-0.75,-4,139412,0.7586101621868019,0.21060565499566253
-0.75,-3.75,139795,0.7675241397433988,0.20687746942140253
-0.75,-3.5,140178,0.7759473573777627,0.20329710598540413
-0.75,-3.25,140178,0.7820425680807406,0.20062392691002454
-0.75,-3,140561,0.78580544004892,0.19902803708913358
-0.75,-2.75,140944,0.7871296410372892,0.19851738355487797
-0.75,-2.5,141327,0.787330638218072,0.19851513084659977
-0.75,-2.25,141710,0.7876344205683019,0.19846903273156352
-0.75,-2,142093,0.7879424718630388,0.19842447355408252
-0.75,-1.75,142476,0.7877201935561594,0.19862288498830807
-0.75,-1.5,142859,0.786852876950711,0.19911632171422886
-0.75,-1.25,143242,0.7855591530269116,0.199805400920086
-0.75,-1,143625,0.7843373046911741,0.2004628920906585
-0.75,-0.75,144008,0.7838320879594964,0.2008010364671172
-0.75,-0.5,144391,0.7837860562312349,0.2009374871545027
-0.75,-0.25,144774,0.7841027213836139,0.20091342664054684
-0.75,0,145157,0.7850323465612772,0.20061862152195142
-0.75,0.25,144774,0.7861392149662341,0.20000821537495506
-0.75,0.5,144391,0.7866111067300949,0.19968765854668646
-0.75,0.75,144008,0.7862386171398656,0.19975342441944194
-0.75,1,143625,0.7850945786949872,0.20016906420774816
-0.75,1.25,143242,0.7837498510292518,0.20067509281568605
-0.75,1.5,142859,0.7822674853298393,0.2012393741710788
-0.75,1.75,142476,0.7804724038718073,0.20193801634897976
-0.75,2,142093,0.7781311291722627,0.20287307459985893
-0.75,2.25,141710,0.7753271983744314,0.20400380625340717
-0.75,2.5,141327,0.7722061783758076,0.2052633130279591
-0.75,2.75,140944,0.7691931484923265,0.20646841632718776
-0.75,3,140561,0.7666006756494614,0.20748696658388935
-0.75,3.25,140178,0.7642340153743367,0.20840530645586988
-0.75,3.5,140178,0.7624218790506097,0.20915756276305134
-0.75,3.75,139795,0.759632611564639,0.21024676664228426
-0.75,4,139412,0.7561187381521131,0.21162730583672706
-0.75,4.25,139029,0.7520447058458767,0.21322660640809116
-0.75,4.5,138646,0.7477318388597216,0.2149106331024234
-0.75,4.75,138263,0.743294859610233,0.2166329128677706
-0.75,5,137880,0.7386048627559687,0.21844747264646894
-0.5,-5,138240,0.7192049219585946,0.22654975818975212
-0.5,-4.75,138624,0.7292147237055713,0.22263650630651366
-0.5,-4.5,139008,0.7387726000212953,0.2188398019172824
-0.5,-4.25,139392,0.7481010990891356,0.21507599014248505
-0.5,-4,139776,0.7574127843603662,0.21125305876547867
-0.5,-3.75,140160,0.7666292746489741,0.20740030971436274
-0.5,-3.5,140544,0.7757884085310208,0.20350064960136813
-0.5,-3.25,140544,0.7836607843932782,0.20003538987335417
-0.5,-3,140928,0.7897509014149852,0.19737994871372447
-0.5,-2.75,141312,0.7929576746962248,0.19600451548132497
-0.5,-2.5,141696,0.7939109821699217,0.19565486718821215
-0.5,-2.25,142080,0.7941434927615016,0.19563696205485323
-0.5,-2,142464,0.7945557057139965,0.19554024243087503
-0.5,-1.75,142848,0.7948095843830905,0.1955196033820862
-0.5,-1.5,143232,0.7942610017926841,0.19587136329761676
-0.5,-1.25,143616,0.7933500906462961,0.1963932861065923
-0.5,-1,144000,0.7923321092830949,0.19696558230730649
-0.5,-0.75,144384,0.791786025370315,0.19732456402315518
-0.5,-0.5,144768,0.7916115921445198,0.197518007190078
-0.5,-0.25,145152,0.7911917300449637,0.19782606037382525
-0.5,0,145536,0.7904622769057225,0.19828097227332692
-0.5,0.25,145152,0.7896461583460046,0.19854297421877384
-0.5,0.5,144768,0.7878634443976544,0.19924549258410437
-0.5,0.75,144384,0.7859317676220144,0.20001613784104905
-0.5,1,144000,0.7843465901971601,0.20062989014111313
-0.5,1.25,143616,0.7828523528587102,0.20120222299046273
-0.5,1.5,143232,0.7812633745178574,0.201813234737563
-0.5,1.75,142848,0.7793053019957664,0.2025830382548242
-0.5,2,142464,0.7768838001186926,0.2035517161161238
-0.5,2.25,142080,0.7740334127656099,0.2047005949530901
-0.5,2.5,141696,0.7706663224199567,0.20606447016422358
-0.5,2.75,141312,0.7670350523783743,0.2075329022451338
-0.5,3,140928,0.7634882220018031,0.20895551210371757
-0.5,3.25,140544,0.7601637186700123,0.21027484476051178
-0.5,3.5,140544,0.7577690572841144,0.21126679301050846
-0.5,3.75,140160,0.7550161441862565,0.21233110001828848
-0.5,4,139776,0.7521636706039728,0.21342448658743884
-0.5,4.25,139392,0.7489871071662736,0.21464174764706842
-0.5,4.5,139008,0.7453540364440275,0.21603879433771384
-0.5,4.75,138624,0.7411643843434919,0.21765506731343057
-0.5,5,138240,0.7364633331128853,0.2194697474741464
-0.25,-5,138600,0.71642152043365,0.22780705495565207
-0.25,-4.75,138985,0.7262957048461597,0.22396224617781807
-0.25,-4.5,139370,0.7365342271234779,0.21990549321768282
-0.25,-4.25,139755,0.7465204049039178,0.2158817983824107
-0.25,-4,140140,0.7563059011537112,0.21186715434134645
-0.25,-3.75,140525,0.7659119516757141,0.20785187947122336
-0.25,-3.5,140910,0.7752249284022227,0.20388699826188653
-0.25,-3.25,140910,0.7837894174797752,0.20011526614774824
-0.25,-3,141295,0.7917174693539589,0.19662154343533322
-0.25,-2.75,141680,0.7973715367520308,0.1941113827613536
-0.25,-2.5,142065,0.8002069843240454,0.19288243623596743
-0.25,-2.25,142450,0.8008905649967564,0.19265074697044293
-0.25,-2,142835,0.8009683557234725,0.19270451104607092
-0.25,-1.75,143220,0.8012876150635773,0.1926494551309343
-0.25,-1.5,143605,0.8014349318510294,0.19267864392878287
-0.25,-1.25,143990,0.8011911002930631,0.19289469851149327
-0.25,-1,144375,0.8006143107453246,0.1932681781617425
-0.25,-0.75,144760,0.7997628611685905,0.19377238139737996
-0.25,-0.5,145145,0.7985408919324248,0.1944527320034086
-0.25,-0.25,145530,0.7971099101210066,0.1952314624050071
-0.25,0,145915,0.7945777156416649,0.19652251218815678
-0.25,0.25,145530,0.7913709994465613,0.19788531585618474
-0.25,0.5,145145,0.7882709722244231,0.1991902891158701
-0.25,0.75,144760,0.785586020619004,0.20030198148014033
-0.25,1,144375,0.7833764646082427,0.20119549131310122
-0.25,1.25,143990,0.781488402277599,0.20194237581821758
-0.25,1.5,143605,0.7796414101050116,0.20266617266227557
-0.25,1.75,143220,0.7775225066156806,0.20350443543312294
-0.25,2,142835,0.775004044553142,0.20451227199917463
-0.25,2.25,142450,0.7720747310854567,0.2056914742135633
-0.25,2.5,142065,0.7686138583847062,0.2070910589102782
-0.25,2.75,141680,0.7646295145974747,0.20870551929697478
-0.25,3,141295,0.7603515335424276,0.21043265546855539
-0.25,3.25,140910,0.7561778218837291,0.21210200970013413
-0.25,3.5,140910,0.753186197345741,0.21333611909245356
-0.25,3.75,140525,0.7504288009650181,0.21439333109114933
-0.25,4,140140,0.7481869353337661,0.21522533269588687
-0.25,4.25,139755,0.7457950981222276,0.21611184742973344
-0.25,4.5,139370,0.7426842436724974,0.2172888498083836
-0.25,4.75,138985,0.73854813298577,0.21887775482054436
-0.25,5,138600,0.7335204399050046,0.22081777672191233
0,-5,138960,0.7141579375375583,0.22886270766462527
0,-4.75,139346,0.7236128957448514,0.22519437457666416
0,-4.5,139732,0.734027971261889,0.22108123738291688
0,-4.25,140118,0.7447757937324382,0.21675827994971844
0,-4,140504,0.755012790896151,0.2125632654742905
0,-3.75,140890,0.7648795652327269,0.2084426598404068
0,-3.5,141276,0.7743901706246028,0.20439611544148664
0,-3.25,141276,0.7831479047941401,0.2005429901224311
0,-3,141662,0.7920922115521314,0.19658864843574592
0,-2.75,142048,0.7998361488664448,0.19310563572987288
0,-2.5,142434,0.8049823484564769,0.1907828625796052
0,-2.25,142820,0.8072303349031501,0.18980659243766024
0,-2,143206,0.8075528825412369,0.1897417204361413
0,-1.75,143592,0.8076653888998202,0.18978014629144793
0,-1.5,143978,0.8082196805314799,0.189613089463326
0,-1.25,144364,0.8085783459324711,0.18954280005838992
0,-1,144750,0.8080958996305256,0.18987457923950643
0,-0.75,145136,0.8067465388993915,0.19062065136205147
0,-0.5,145522,0.8043435290244247,0.19186704538857807
0,-0.25,145908,0.8008525741789019,0.19362026523913095
0,0,146294,0.79665592924962,0.19569465215693324
0,0.25,145908,0.7924987556681572,0.19750214104681563
0,0.5,145522,0.7885478982164997,0.19919840824443993
0,0.75,145136,0.7852850350784629,0.2005719975228124
0,1,144750,0.782425088593065,0.20175642692715962
0,1.25,144364,0.7798307914943531,0.2028159821472126
0,1.5,143978,0.7774598425290544,0.20376871644995823
0,1.75,143592,0.7751595838210583,0.20468261277583574
0,2,143206,0.7726865464458322,0.20566558662594545
0,2.25,142820,0.7697263237230315,0.2068527603840898
0,2.5,142434,0.7661221862723311,0.20830777004360215
0,2.75,142048,0.7618933222447043,0.2100191132965798
0,3,141662,0.7572926985426746,0.21187402278997014
0,3.25,141276,0.7528194677167309,0.21365971059703706
0,3.5,141276,0.7495614836947254,0.2149969063186792
0,3.75,140890,0.7465635640879321,0.21614711618647076
0,4,140504,0.7442499008147997,0.21700346237924933
0,4.25,140118,0.7420567113801959,0.21780333488353
0,4.5,139732,0.739221023870354,0.21886190640415198
0,4.75,139346,0.7352572055040322,0.2203734427976094
0,5,138960,0.7302993666336646,0.22227686341086567
0.25,-5,138600,0.7124905342707022,0.22935499045638497
0.25,-4.75,138985,0.7217022654054241,0.22579970597903046
0.25,-4.5,139370,0.7317880106152099,0.2218396891836303
0.25,-4.25,139755,0.7427063479559531,0.21747142088387564
0.25,-4,140140,0.7534844088637607,0.21307288224089735
0.25,-3.75,140525,0.7636900704787839,0.20882594602179344
0.25,-3.5,140910,0.77353047830838,0.20465107813846667
0.25,-3.25,140910,0.7826535800558657,0.20064565067207427
0.25,-3,141295,0.7919423935573553,0.1965440069895491
0.25,-2.75,141680,0.8007264726944512,0.19258357048776378
0.25,-2.5,142065,0.8080184699062478,0.18924515667600733
0.25,-2.25,142450,0.8126860916037512,0.1871057332961915
0.25,-2,142835,0.8145841014916115,0.1862807460980309
0.25,-1.75,143220,0.8148791147616704,0.18622924450098094
0.25,-1.5,143605,0.8151244842715746,0.18620560490817428
0.25,-1.25,143990,0.8154924673743177,0.18612654658178526
0.25,-1,144375,0.8149860663272661,0.18647224623509248
0.25,-0.75,144760,0.8128693640570965,0.18759683201565944
0.25,-0.5,145145,0.8089263279635956,0.18959337067673224
0.25,-0.25,145530,0.8036987565019338,0.19218141431940222
0.25,0,145915,0.7985556907505049,0.1947071569673514
0.25,0.25,145530,0.7941911498867298,0.1966181157029574
0.25,0.5,145145,0.7896813932864816,0.19857512963136295
0.25,0.75,144760,0.785558951955888,0.20033915228540897
0.25,1,144375,0.7819320626345048,0.20186591025795322
0.25,1.25,143990,0.7785884911480153,0.2032548868982029
0.25,1.5,143605,0.7756857173658126,0.20443712684193677
0.25,1.75,143220,0.7730240653702531,0.2055032360877022
0.25,2,142835,0.7702774855873098,0.20659789295994913
0.25,2.25,142450,0.7671705690149273,0.20783922028835708
0.25,2.5,142065,0.763297034397731,0.2093981676906067
0.25,2.75,141680,0.758938780344185,0.2111504857626687
0.25,3,141295,0.7544706621621351,0.2129346282847571
0.25,3.25,140910,0.7501937200747927,0.21462459343794446
0.25,3.5,140910,0.7468590542628875,0.21598523364288488
0.25,3.75,140525,0.7433203032833312,0.2173473134087069
0.25,4,140140,0.7402576952672385,0.2184995297502904
0.25,4.25,139755,0.7376215320621999,0.21946840623827218
0.25,4.5,139370,0.7348582504405076,0.22048404589460185
0.25,4.75,138985,0.7311996114858419,0.2218559294717674
0.25,5,138600,0.7266693918451622,0.22357003446695028
0.5,-5,138240,0.7108902261389503,0.22981933125687015
0.5,-4.75,138624,0.7200107235542358,0.22631600331486063
0.5,-4.5,139008,0.7298680790842549,0.22246578969921646
0.5,-4.25,139392,0.7403631217300554,0.21829252750985972
0.5,-4,139776,0.7513206008199169,0.21384558063550307
0.5,-3.75,140160,0.762120230746227,0.20937032346823414
0.5,-3.5,140544,0.7724045652137359,0.20502180908772868
0.5,-3.25,140544,0.781832328845774,0.20089426314098094
0.5,-3,140928,0.7913165168374641,0.19671688934016932
0.5,-2.75,141312,0.8004439982724213,0.19260795758716653
0.5,-2.5,141696,0.8090409608723522,0.18865808444487855
0.5,-2.25,142080,0.8160483923867704,0.18538858066450384
0.5,-2,142464,0.8202271571936968,0.18344522196408447
0.5,-1.75,142848,0.8216950500378246,0.18281626188724193
0.5,-1.5,143232,0.8217114472111265,0.18290194781990674
0.5,-1.25,143616,0.8212637269702029,0.1832194214685446
0.5,-1,144000,0.8199795763322647,0.18394843927330207
0.5,-0.75,144384,0.8167789010766213,0.18561139258807322
0.5,-0.5,144768,0.8119389719715555,0.18805503033155535
0.5,-0.25,145152,0.8061998501643266,0.19090090051907796
0.5,0,145536,0.8004896651887022,0.1937033085781487
0.5,0.25,145152,0.7956495595111552,0.1958422216075208
0.5,0.5,144768,0.7909278832013724,0.19790170788379954
0.5,0.75,144384,0.7860755443702027,0.19999885325060893
0.5,1,144000,0.7816299364214212,0.20189130269211422
0.5,1.25,143616,0.7775833860691787,0.2035881798550257
0.5,1.5,143232,0.773993439799456,0.2050668119713168
0.5,1.75,142848,0.770694947267483,0.20640346722943978
0.5,2,142464,0.767321825238186,0.20776010430386593
0.5,2.25,142080,0.7638059177917753,0.2091653334958307
0.5,2.5,141696,0.7599280047777613,0.21071138035791162
0.5,2.75,141312,0.755837425436666,0.21233506134151525
0.5,3,140928,0.7517359507724216,0.21395123130035631
0.5,3.25,140544,0.7476738133284071,0.21553927403681847
0.5,3.5,140544,0.7441849360440119,0.21695517123012512
0.5,3.75,140160,0.740075733850745,0.2185385139634526
0.5,4,139776,0.7361269877473123,0.22003750120161164
0.5,4.25,139392,0.7326592353802698,0.22132803883120153
0.5,4.5,139008,0.7295524219998762,0.2224662516176144
0.5,4.75,138624,0.7262849741028489,0.22366438008922265
0.5,5,138240,0.7226617846180337,0.22500101221461705
0.75,-5,137880,0.7094841677497773,0.23020778834551425
0.75,-4.75,138263,0.7185340137371379,0.2267467392841439
0.75,-4.5,138646,0.728201387909684,0.22298863124944382
0.75,-4.25,139029,0.7381831036710729,0.2190431651070928
0.75,-4,139412,0.7488340592260547,0.21474841955848406
0.75,-3.75,139795,0.7600199154309922,0.21013812984230792
0.75,-3.5,140178,0.7708027179845978,0.2055987549825709
0.75,-3.25,140178,0.7805016120310365,0.20136904317236076
0.75,-3,140561,0.7902561163133403,0.19708753641992927
0.75,-2.75,140944,0.7996198162077409,0.19288490232637
0.75,-2.5,141327,0.8087723096639929,0.1886851340178599
0.75,-2.25,141710,0.817360821970727,0.18465773754184958
0.75,-2,142093,0.8237819516882656,0.18160764965107698
0.75,-1.75,142476,0.827053424267612,0.18007697396640598
0.75,-1.5,142859,0.8272739339791525,0.18006014290247765
0.75,-1.25,143242,0.8254516628720662,0.18106277073614335
0.75,-1,143625,0.8226670690466782,0.1825380361728427
0.75,-0.75,144008,0.8190567115072691,0.18441032983555147
0.75,-0.5,144391,0.8142709336210001,0.18683914259074255
0.75,-0.25,144774,0.8085666811993999,0.1896815538122083
0.75,0,145157,0.8025109083195361,0.19265858986359957
0.75,0.25,144774,0.7970397887051252,0.19509923138094187
0.75,0.5,144391,0.791972032274764,0.19732241011644908
0.75,0.75,144008,0.7867751084106177,0.19957849982060757
0.75,1,143625,0.7814756327239726,0.20185274964446331
0.75,1.25,143242,0.7767681936057872,0.2038382172781732
0.75,1.5,142859,0.7723477579498002,0.20567422422916068
0.75,1.75,142476,0.768082054951336,0.2074214249680155
0.75,2,142093,0.7639482192829835,0.20909296287567747
0.75,2.25,141710,0.7600903621552709,0.2106296882207602
0.75,2.5,141327,0.7564680336626113,0.21205241300013447
0.75,2.75,140944,0.7528586507023601,0.21345987412179604
0.75,3,140561,0.7490448986854489,0.21494334219015454
0.75,3.25,140178,0.7449615543955567,0.2165277380607913
0.75,3.5,140178,0.7411299912887281,0.21807454865355086
0.75,3.75,139795,0.7364820573822631,0.21986208228051457
0.75,4,139412,0.7318636489696241,0.22161458043385815
0.75,4.25,139029,0.7276114311945056,0.22320179137322418
0.75,4.5,138646,0.7240060442577569,0.22452106823299497
0.75,4.75,138263,0.7210677311863105,0.22557275753098271
0.75,5,137880,0.7183423782543505,0.22654154045755268
1,-5,137520,0.7080233226552743,0.23061914055557123
1,-4.75,137902,0.7172412650779523,0.2271070371366123
1,-4.5,138284,0.7265947953821905,0.22348825715358847
1,-4.25,138666,0.7363819510814341,0.21963919005051913
1,-4,139048,0.7466824319748727,0.21551002910898126
1,-3.75,139430,0.7574645145295563,0.21109605767886766
1,-3.5,139812,0.7683814327101051,0.20652923308548893
1,-3.25,139812,0.7786123380481941,0.20209078179205464
1,-3,140194,0.7888814286383267,0.19760147260824634
1,-2.75,140576,0.7986324984044604,0.19323928534335047
1,-2.5,140958,0.8079436136979903,0.18898010977776739
1,-2.25,141340,0.8169175959090573,0.18478004385451624
1,-2,141722,0.8246804927859716,0.18107620254021123
1,-1.75,142104,0.8296099508177066,0.1787152262397694
1,-1.5,142486,0.8305409386647454,0.1783411714981718
1,-1.25,142868,0.8280621322772616,0.17967884400995698
1,-1,143250,0.8242281045494774,0.1816817336148779
1,-0.75,143632,0.8201583052741653,0.18378457275111101
1,-0.5,144014,0.8157044331472856,0.18605751324627004
1,-0.25,144396,0.8103966034277434,0.18871811915756048
1,0,144778,0.8043560507920894,0.19169802682136447
1,0.25,144396,0.7985396480399797,0.19430861412069125
1,0.5,144014,0.7929334215384426,0.1967846934439335
1,0.75,143632,0.7874588461386429,0.1991693091424791
1,1,143250,0.781603033029033,0.20169266664982166
1,1.25,142868,0.7759137589121329,0.20410805032103405
1,1.5,142486,0.7704251725268507,0.20640176732583806
1,1.75,142104,0.7652492849800429,0.20852928194314937
1,2,141722,0.7605414461614272,0.21043108017314366
1,2.25,141340,0.7564895544724143,0.21203485546504744
1,2.5,140958,0.7529635379171955,0.21340307433392033
1,2.75,140576,0.7496179355093916,0.21468742223789855
1,3,140194,0.7459683128921447,0.2160899185471001
1,3.25,139812,0.7416955164538869,0.21773801865096332
1,3.5,139812,0.7374661703023259,0.21943464458980044
1,3.75,139430,0.7325104090375246,0.2213285901087008
1,4,139048,0.727584852257217,0.22318524461297176
1,4.25,138666,0.722932771462251,0.22491242694405075
1,4.5,138284,0.7190181125515623,0.22633634616433215
1,4.75,137902,0.7159459365102753,0.22742562168612251
1,5,137520,0.7133377060370523,0.22833535577017053
1.25,-5,137160,0.7057509168537353,0.23134271556844863
1.25,-4.75,137541,0.7156148963645008,0.2275988512002113
1.25,-4.5,137922,0.7251312373084386,0.22393185290545498
1.25,-4.25,138303,0.7346865290644696,0.22019239328939336
1.25,-4,138684,0.7446272137464871,0.21623026925029123
1.25,-3.75,139065,0.7548478718428896,0.21207564799757087
1.25,-3.5,139446,0.7655870530533074,0.2076158186751854
1.25,-3.25,139446,0.7762959233070311,0.2029981711235189
1.25,-3,139827,0.7871221006723399,0.19828848385857265
1.25,-2.75,140208,0.7972161438049665,0.1937925266174251
1.25,-2.5,140589,0.8066251738989564,0.18950760207409592
1.25,-2.25,140970,0.8153402670373483,0.1854516230729151
1.25,-2,141351,0.8229689431615875,0.18183425509235615
1.25,-1.75,141732,0.82857416005191,0.17915144186008966
1.25,-1.5,142113,0.830820539721415,0.17812068791564797
1.25,-1.25,142494,0.8293813578785665,0.1789391511661942
1.25,-1,142875,0.8253676642020596,0.18103636218846075
1.25,-0.75,143256,0.8207080728155157,0.18343243696887512
1.25,-0.5,143637,0.8162580376895734,0.18570487089316984
1.25,-0.25,144018,0.8114694351403091,0.1881187728471055
1.25,0,144399,0.8058264653372927,0.19091622216789603
1.25,0.25,144018,0.8000098473946109,0.19353467737097352
1.25,0.5,143637,0.7939288264270694,0.1962352344285918
1.25,0.75,143256,0.7878362025508404,0.19890234342893157
1.25,1,142875,0.7815226693110607,0.20162883773310847
1.25,1.25,142494,0.7749604158738872,0.20442357508250253
1.25,1.5,142113,0.7685308237980136,0.20711595003529434
1.25,1.75,141732,0.7627249622910942,0.2095001117118562
1.25,2,141351,0.7577019091624387,0.21152124455050414
1.25,2.25,140970,0.7533273798859046,0.21324687773961928
1.25,2.5,140589,0.7495104776655575,0.21472323424536063
1.25,2.75,140208,0.7459321597306304,0.2160906606475602
1.25,3,139827,0.7420830332535495,0.21756036846433394
1.25,3.25,139446,0.7376943795252181,0.21923861375152265
1.25,3.5,139446,0.7333726319638564,0.22095789408494554
1.25,3.75,139065,0.7283417572603809,0.22286246338204566
1.25,4,138684,0.7234661533502685,0.22468030429966407
1.25,4.25,138303,0.7188829223012055,0.22636277818130593
1.25,4.5,137922,0.7147953602319801,0.22783855238094963
1.25,4.75,137541,0.7112866504969668,0.229083045143559
1.25,5,137160,0.7082394275481406,0.230148689130413
1.5,-5,136800,0.7030981231860787,0.23221265248897216
1.5,-4.75,137180,0.7135417057804778,0.2282671641275874
1.5,-4.5,137560,0.7234232708772641,0.2244753395778452
1.5,-4.25,137940,0.7328224292975404,0.2208158403641083
1.5,-4,138320,0.742448584060244,0.2170019398989026
1.5,-3.75,138700,0.7524600832204599,0.21295805236249876
1.5,-3.5,139080,0.7629113510782796,0.20864856168480167
1.5,-3.25,139080,0.7735393228240491,0.20409584595813016
1.5,-3,139460,0.7846584783207775,0.19929073982890733
1.5,-2.75,139840,0.7949345008851301,0.1947434627248582
1.5,-2.5,140220,0.8041189688104962,0.19059293670080615
1.5,-2.25,140600,0.8121691518900108,0.18688550429834835
1.5,-2,140980,0.8188317752949452,0.18377310854098872
1.5,-1.75,141360,0.8242787751559721,0.18120349549096468
1.5,-1.5,141740,0.8280918992885643,0.1794103849004199
1.5,-1.25,142120,0.8287795743393815,0.17916555694313216
1.5,-1,142500,0.8259372749263884,0.1806788161942732
1.5,-0.75,142880,0.8211505771402042,0.18313889192558874
1.5,-0.5,143260,0.8163370247515673,0.1855880399766344
1.5,-0.25,143640,0.8117921268313858,0.1878841773747158
1.5,0,144020,0.806712501204771,0.1904157027255169
1.5,0.25,143640,0.8010737019723654,0.19295501576229016
1.5,0.5,143260,0.7945527699663419,0.19586186071843095
1.5,0.75,142880,0.7877188339889423,0.1988645960125648
1.5,1,142500,0.7808125500661917,0.20185029297271562
1.5,1.25,142120,0.7738837570020451,0.20479725769509508
1.5,1.5,141740,0.7670235330404821,0.20766502626853212
1.5,1.75,141360,0.760759900214887,0.21023230503233878
1.5,2,140980,0.7553317770922918,0.21241161294802716
1.5,2.25,140600,0.7504599567594541,0.21433186781144425
1.5,2.5,140220,0.745990241815497,0.21606468752735203
1.5,2.75,139840,0.741786438020385,0.21767387052007375
1.5,3,139460,0.737517315790696,0.21929734308333848
1.5,3.25,139080,0.7330307295995824,0.22099568116007398
1.5,3.5,139080,0.7289206125602804,0.22261434250208453
1.5,3.75,138700,0.724211854478273,0.22437159600424697
1.5,4,138320,0.7196674777505078,0.2260416047771588
1.5,4.25,137940,0.7153682758669105,0.22759780965730683
1.5,4.5,137560,0.7111452084024948,0.22911192386534596
1.5,4.75,137180,0.7071121843614268,0.23054421114987386
1.5,5,136800,0.7035618969309629,0.23178851324555505
1.75,-5,136440,0.700201283600471,0.23317356173517217
1.75,-4.75,136819,0.7109245420440552,0.22914564595424383
1.75,-4.5,137198,0.7209616494317282,0.22531598320624904
1.75,-4.25,137577,0.7306314402439088,0.22157041571173614
1.75,-4,137956,0.7402777136517559,0.21776963338156477
1.75,-3.75,138335,0.7502453838190452,0.21376670514926568
1.75,-3.5,138714,0.7604492459339295,0.2095870943955229
1.75,-3.25,138714,0.770517076657866,0.20530343128545986
1.75,-3,139093,0.7812503934104166,0.20070721938039895
1.75,-2.75,139472,0.79132420161998,0.19629324246767094
1.75,-2.5,139851,0.7998852941565481,0.19247266552939254
1.75,-2.25,140230,0.8069838109972265,0.18925796999010513
1.75,-2,140609,0.8130281054890217,0.18648831636637644
1.75,-1.75,140988,0.8183214627821829,0.18403825134720925
1.75,-1.5,141367,0.8228870503010906,0.1819106123746279
1.75,-1.25,141746,0.825654573177919,0.180647631165351
1.75,-1,142125,0.8251711504400812,0.1809873770260149
1.75,-0.75,142504,0.8215649540433432,0.18286424560314157
1.75,-0.5,142883,0.8165249961737181,0.1854236756901945
1.75,-0.25,143262,0.811591470356876,0.18790496182627234
1.75,0,143641,0.806683539851613,0.19035258703911856
1.75,0.25,143262,0.8013013233715918,0.1927696533839239
1.75,0.5,142883,0.7945690239229435,0.19577188236696574
1.75,0.75,142504,0.7872874712859739,0.19897289135188442
1.75,1,142125,0.7799356607818445,0.2021492344649293
1.75,1.25,141746,0.7729159120175236,0.20512638913632122
1.75,1.5,141367,0.7660861117402259,0.20797141916294573
1.75,1.75,140988,0.7594290382881459,0.21069642499789024
1.75,2,140609,0.7532374656864028,0.21318502460520458
1.75,2.25,140230,0.7475160549010763,0.21544409715261242
1.75,2.5,139851,0.7422439263496811,0.2174904884310282
1.75,2.75,139472,0.7373488502063419,0.21936322031934533
1.75,3,139093,0.7327211912954761,0.2211120655711748
1.75,3.25,138714,0.7282992693341834,0.2227648437715014
1.75,3.5,138714,0.7245867695927496,0.2242112884153505
1.75,3.75,138335,0.7204416317444267,0.22572971369675288
1.75,4,137956,0.7162789074595812,0.22723577016088659
1.75,4.25,137577,0.7120664541904648,0.22874472592053707
1.75,4.5,137198,0.707738599421119,0.2302856162484833
1.75,4.75,136819,0.703371300117972,0.2318316977257293
1.75,5,136440,0.6993445372073033,0.2332429803790735
2,-5,136080,0.69651689719318,0.2344345499131277
2,-4.75,136458,0.7075546702638593,0.23031696195981982
2,-4.5,136836,0.7178900817515258,0.2263990913378299
2,-4.25,137214,0.7280874475691744,0.2224703969254653
2,-4,137592,0.7381513230600114,0.2185242489094651
2,-3.75,137970,0.7480613400651344,0.21456704737227997
2,-3.5,138348,0.7578648442912762,0.2105797749532987
2,-3.25,138348,0.7671637327793405,0.20665190938790226
2,-3,138726,0.7767527458528021,0.20259619041389498
2,-2.75,139104,0.7857714698218228,0.1987045361924995
2,-2.5,139482,0.7936112062590647,0.195267901703952
2,-2.25,139860,0.8002006384750892,0.1923432943836024
2,-2,140238,0.8060525990618779,0.18971662464530994
2,-1.75,140616,0.8113604210378929,0.1873093779786817
2,-1.5,140994,0.8160747914345745,0.18515482022240087
2,-1.25,141372,0.820031944667817,0.183342244721839
2,-1,141750,0.8220863969417221,0.1824423388798734
2,-0.75,142128,0.820876757704685,0.18313828521771125
2,-0.5,142506,0.8166102196763724,0.18531869420170033
2,-0.25,142884,0.8110913729795461,0.18807803278884808
2,0,143262,0.8055657363559569,0.19081206776419193
2,0.25,142884,0.8002653101390035,0.1931812862320758
2,0.5,142506,0.7939408916714953,0.19598619545457382
2,0.75,142128,0.7868589166833502,0.19908923429818304
2,1,141750,0.7794762643911208,0.20227244875269668
2,1.25,141372,0.7723343710914529,0.20529607761417593
2,1.5,140994,0.7654474849703994,0.20815840727291735
2,1.75,140616,0.758499784258268,0.21099872247263743
2,2,140238,0.7514778046245243,0.21382424117169138
2,2.25,139860,0.7447769744688034,0.21647334229906248
2,2.5,139482,0.7386444454599688,0.2188533563988996
2,2.75,139104,0.733099256700743,0.22096945110518537
2,3,138726,0.7282910047095542,0.22277159498550814
2,3.25,138348,0.7240676651480696,0.22432828665354038
2,3.5,138348,0.7207071835970561,0.22562465980546179
2,3.75,137970,0.7169345988710225,0.22698356043366733
2,4,137592,0.7129237688927286,0.22841738369829964
2,4.25,137214,0.70870504067853,0.22991550692464785
2,4.5,136836,0.7044010037071398,0.23143394710640694
2,4.75,136458,0.6999243543998697,0.2330079252712312
2,5,136080,0.6955113959364653,0.23455099194059156
2.25,-5,135720,0.6920643342106316,0.2359827568470871
2.25,-4.75,136097,0.7036373761701499,0.23169781104286333
2.25,-4.5,136474,0.7145957429552166,0.22757063909074454
2.25,-4.25,136851,0.7251722853826015,0.2235208842224628
2.25,-4,137228,0.735536598707667,0.21948059442202414
2.25,-3.75,137605,0.7453935106253173,0.2155703284257015
2.25,-3.5,137982,0.7545912718868623,0.2118625305782054
2.25,-3.25,137982,0.7627871763959894,0.20843189047587296
2.25,-3,138359,0.7708183675867443,0.2050927987331987
2.25,-2.75,138736,0.7783888104344421,0.20189412963610578
2.25,-2.5,139113,0.7856289030847412,0.19878883413571757
2.25,-2.25,139490,0.7922914431254854,0.19589189503933999
2.25,-2,139867,0.7982171668735286,0.19328745899350125
2.25,-1.75,140244,0.8035736508802954,0.1909102412604569
2.25,-1.5,140621,0.8084655477260495,0.18872048309954975
2.25,-1.25,140998,0.8129629249795615,0.18669186549572564
2.25,-1,141375,0.8166673265421288,0.18502011669530424
2.25,-0.75,141752,0.8179731179865453,0.18449584713666298
2.25,-0.5,142129,0.81565833850523906,0.18572313349085076
2.25,-0.25,142506,0.8103311397944805,0.18838366435011725
2.25,0,142883,0.8040436169290822,0.19146839052557135
2.25,0.25,142506,0.7984303638900323,0.19396968659208277
2.25,0.5,142129,0.7927849632533468,0.1964496553638992
2.25,0.75,141752,0.7865177478541848,0.19917568150584888
2.25,1,141375,0.779437621531626,0.20221949742700498
2.25,1.25,140998,0.772127262057539,0.20531251603784717
2.25,1.5,140621,0.7648738309081052,0.2083266677395964
2.25,1.75,140244,0.7575683151916621,0.21131041651147897
2.25,2,139867,0.7499809618398938,0.21436088733190856
2.25,2.25,139490,0.7424778601076274,0.2173255254330558
2.25,2.5,139113,0.7356200018496261,0.2199828589968768
2.25,2.75,138736,0.7296251427450633,0.22226158330707324
2.25,3,138359,0.7246564904763035,0.22411117707120445
2.25,3.25,137982,0.7204655023374493,0.2256408505045149
2.25,3.5,137982,0.7171170104599393,0.22692302725252608
2.25,3.75,137605,0.7133351855597858,0.22827281134356875
2.25,4,137228,0.7093746525775088,0.2296741208255704
2.25,4.25,136851,0.7051964468893424,0.23114331762568244
2.25,4.5,136474,0.7009115793211208,0.23264105296374274
2.25,4.75,136097,0.6964460615801529,0.23419717905554158
2.25,5,135720,0.6918607536508357,0.2357909357687604
2.5,-5,135360,0.6871790358196418,0.23768425453945555
2.5,-4.75,135736,0.6995052505453725,0.23315511861111385
2.5,-4.5,136112,0.7111083311554495,0.22881447043993028
2.5,-4.25,136488,0.7219801468575318,0.2246792787175962
2.5,-4,136864,0.7322531208043723,0.22070442991528935
2.5,-3.75,137240,0.7417881719695887,0.2169547143584333
2.5,-3.5,137616,0.7500867395723855,0.2136503643042974
2.5,-3.25,137616,0.7568638470791708,0.21084753651096105
2.5,-3,137992,0.7635223530124772,0.20813861510433748
2.5,-2.75,138368,0.7700758048206037,0.20543378574859264
2.5,-2.5,138744,0.7767698941407133,0.2026299107634401
2.5,-2.25,139120,0.7834940810798406,0.19976976837476382
2.5,-2,139496,0.7897496439463109,0.19707631665588454
2.5,-1.75,139872,0.7952516304351491,0.19468684220794116
2.5,-1.5,140248,0.8003843782588297,0.19243645383797212
2.5,-1.25,140624,0.8052279310516912,0.1902930628186011
2.5,-1,141000,0.8095126654542378,0.18838585808595978
2.5,-0.75,141376,0.8124317199118418,0.1871088309495428
2.5,-0.5,141752,0.8124407621193795,0.1872164861677251
2.5,-0.25,142128,0.8087224468820251,0.18909665105442433
2.5,0,142504,0.8026256510429626,0.1920795401639329
2.5,0.25,142128,0.796727686495791,0.19469939222256194
2.5,0.5,141752,0.7913972486968118,0.19702295612165963
2.5,0.75,141376,0.7859015204615581,0.1993917983102381
2.5,1,141000,0.7792991534176388,0.20221744386271823
2.5,1.25,140624,0.7718492316357242,0.20536641940408928
2.5,1.5,140248,0.7640149095361168,0.20862264735327307
2.5,1.75,139872,0.75610156795404,0.21185190963927145
2.5,2,139496,0.7482094735705384,0.21501482451492449
2.5,2.25,139120,0.7404946724042387,0.21805085726613951
2.5,2.5,138744,0.7333780673083421,0.22079755699893933
2.5,2.75,138368,0.7271283165982938,0.22316356836944176
2.5,3,137992,0.7217947596982613,0.22514379401110934
2.5,3.25,137616,0.717176325631891,0.22682779386780927
2.5,3.5,137616,0.7134740965819941,0.2282378398213513
2.5,3.75,137240,0.709561718236693,0.2296250053142225
2.5,4,136864,0.7056706460648497,0.23098654669661606
2.5,4.25,136488,0.7015484587228921,0.23242099183849055
2.5,4.5,136112,0.6972852738658248,0.23389704292697283
2.5,4.75,135736,0.6929024686011553,0.23540864226168198
2.5,5,135360,0.6884099318263649,0.23695454511003705
2.75,-5,135000,0.681861242938033,0.23954146452792413
2.75,-4.75,135375,0.6949894950476271,0.23475650842566098
2.75,-4.5,135750,0.7070629654956067,0.23027445479338032
2.75,-4.25,136125,0.7180892754868986,0.22611347808219046
2.75,-4,136500,0.7279667539221264,0.22232836801395722
2.75,-3.75,136875,0.7365881517848786,0.21898174411393168
2.75,-3.5,137250,0.7438173632728845,0.2161523448055888
2.75,-3.25,137250,0.7495455616387398,0.21381783344357932
2.75,-3,137625,0.7553537449405895,0.21150936293706496
2.75,-2.75,138000,0.7613812448484035,0.20907801546386892
2.75,-2.5,138375,0.7676729593859679,0.20650397861152978
2.75,-2.25,138750,0.7741877978298689,0.2037974038997152
2.75,-2,139125,0.78068090738253,0.20106146842831807
2.75,-1.75,139500,0.7865778516060431,0.19855145219539305
2.75,-1.5,139875,0.7918712245663356,0.19628038649115262
2.75,-1.25,140250,0.7967501125575803,0.19417089123371878
2.75,-1,140625,0.8009781118014545,0.19233580781255674
2.75,-0.75,141000,0.8044249341386646,0.1908457765835166
2.75,-0.5,141375,0.8062947376875508,0.1900853019890702
2.75,-0.25,141750,0.8052905390875943,0.19067266236498706
2.75,0,142125,0.8010756966430475,0.1927601215298071
2.75,0.25,141750,0.7954069849581447,0.19526160581764562
2.75,0.5,141375,0.7898446187639319,0.1976792145623967
2.75,0.75,141000,0.784532102883183,0.1999544646228145
2.75,1,140625,0.7783585012904191,0.2025794631300601
2.75,1.25,140250,0.7709339733294523,0.20570716984630524
2.75,1.5,139875,0.7627133958963364,0.20911709681451018
2.75,1.75,139500,0.7543093505785189,0.21253831210139132
2.75,2,139125,0.7462535259126284,0.2157528347435188
2.75,2.25,138750,0.7388108552757888,0.21866310696330984
2.75,2.5,138375,0.7318464383370848,0.22133632894159053
2.75,2.75,138000,0.7253061356511339,0.22380636940616896
2.75,3,137625,0.7193542501810769,0.22601746572927797
2.75,3.25,137250,0.7139968190768998,0.227975766448888
2.75,3.5,137250,0.7096375982349883,0.22962853976885975
2.75,3.75,136875,0.7054192318033448,0.23111882281557186
2.75,4,136500,0.701599556270221,0.2324395862652104
2.75,4.25,136125,0.6976729850980989,0.2337865871804905
2.75,4.5,135750,0.6935486290057702,0.23519718972541792
2.75,4.75,135375,0.6893346327116101,0.2366329165440878
2.75,5,135000,0.6851070768767072,0.23806854245051212
3,-5,134640,0.6761522778270094,0.24153411885576714
3,-4.75,135014,0.6896499877455006,0.23666063475109425
3,-4.5,135388,0.701974805139603,0.23212804094010575
3,-4.25,135762,0.7127349975988356,0.22811091559042612
3,-4,136136,0.7219401286257654,0.2246301182876397
3,-3.75,136510,0.7296533106418496,0.2216862284078317
3,-3.5,136884,0.7361778259879788,0.21918211883189526
3,-3.25,136884,0.7415414019519697,0.2170297403570729
3,-3,137258,0.7470174015224691,0.21489893108933916
3,-2.75,137632,0.752615638633421,0.2126915763283295
3,-2.5,138006,0.758498473313501,0.21034108645104
3,-2.25,138380,0.7646713442175288,0.20783793284836877
3,-2,138754,0.7710600001711667,0.20520911681279594
3,-1.75,139128,0.7772938370324178,0.20261124809044245
3,-1.5,139502,0.7827555384393534,0.2003194957739307
3,-1.25,139876,0.7874079430390207,0.19836219329953522
3,-1,140250,0.7915104764087552,0.19663065495618504
3,-0.75,140624,0.7950445312401748,0.19514112625226965
3,-0.5,140998,0.7980619530755132,0.1938775125016862
3,-0.25,141372,0.7996870265791703,0.19324813450371173
3,0,141746,0.7984047941111896,0.1939642096115377
3,0.25,141372,0.7941115029672964,0.19581966692180588
3,0.5,140998,0.7883132407332649,0.19833249899816754
3,0.75,140624,0.7824339692302814,0.20084759629567517
3,1,140250,0.7762420696028985,0.2034643813294116
3,1.25,139876,0.7690347845920823,0.206480142367406
3,1.5,139502,0.7609810281647857,0.2098016392320471
3,1.75,139128,0.7527326441163061,0.2131418135863207
3,2,138754,0.7447830581461141,0.216298732502504
3,2.25,138380,0.7375278636297885,0.21912127357311198
3,2.5,138006,0.7307027774616743,0.22172885860764324
3,2.75,137632,0.7238330324868331,0.2243194794135399
3,3,137258,0.7171609836959061,0.22680063673186657
3,3.25,136884,0.7110278669113143,0.22904543691537108
3,3.5,136884,0.7059638413998506,0.2309567269113456
3,3.75,136510,0.7011981484962452,0.2326402753007447
3,4,136136,0.6971668868123385,0.23402678593942308
3,4.25,135762,0.6934326232067184,0.23528807478281577
3,4.5,135388,0.6896373666045827,0.23656304143265164
3,4.75,135014,0.6857822406439906,0.23785385364939324
3,5,134640,0.6818966629278573,0.23915270229567626
3.25,-5,134280,0.6701338586968576,0.243623233683995
3.25,-4.75,134653,0.6832921929792196,0.23892495463049043
3.25,-4.5,135026,0.6952620641440862,0.23457672047675815
3.25,-4.25,135399,0.7053010324461685,0.23088419580782668
3.25,-4,135772,0.7138179497636431,0.22771883790673833
3.25,-3.75,136145,0.7212771339124658,0.22492176739216566
3.25,-3.5,136518,0.7278053554970003,0.22245947745373368
3.25,-3.25,136518,0.7332152457951973,0.2203216806616528
3.25,-3,136891,0.7386545455694459,0.21824447433129648
3.25,-2.75,137264,0.7438993272376991,0.2162221961691801
3.25,-2.5,137637,0.749304032606091,0.21411484816522436
3.25,-2.25,138010,0.7551143268974106,0.21181520341878396
3.25,-2,138383,0.7611180364885949,0.20940701301694478
3.25,-1.75,138756,0.7671489832523968,0.20695695382696014
3.25,-1.5,139129,0.7726490128411787,0.20470547442171563
3.25,-1.25,139502,0.7772113426034015,0.20283801122061298
3.25,-1,139875,0.7813968845558016,0.20111632242267632
3.25,-0.75,140248,0.7852386234137289,0.19953097971925388
3.25,-0.5,140621,0.7889129422649912,0.198007777425633
3.25,-0.25,140994,0.7921688654796551,0.19666032655045027
3.25,0,141367,0.7936266574100995,0.19612553440576627
3.25,0.25,140994,0.7917362851808443,0.19686965822491514
3.25,0.5,140621,0.7865844907870927,0.19907558361160643
3.25,0.75,140248,0.7799181705140126,0.2019239360817291
3.25,1,139875,0.7731577062882822,0.20476875744230608
3.25,1.25,139502,0.7662675928685203,0.20762458087580568
3.25,1.5,139129,0.7589855833454023,0.21059802146360984
3.25,1.75,138756,0.7514771020216855,0.2136142009612887
3.25,2,138383,0.7438843858635904,0.21661383778200488
3.25,2.25,138010,0.7365488893451141,0.2194601128755541
3.25,2.5,137637,0.7295174952446941,0.2221411425241351
3.25,2.75,137264,0.7223907160036196,0.22482308868259523
3.25,3,136891,0.7152052830693157,0.2274925619614184
3.25,3.25,136518,0.7084042726578932,0.22998101126932244
3.25,3.5,136518,0.7027511212980252,0.23210524414857414
3.25,3.75,136145,0.6974123885337417,0.2339906264557953
3.25,4,135772,0.6928721559508517,0.23555372211091452
3.25,4.25,135399,0.6890644911114688,0.23682913061329688
3.25,4.5,135026,0.6855941189699475,0.2379717610812057
3.25,4.75,134653,0.6822126411684841,0.23907750799393757
3.25,5,134280,0.6787130475380061,0.24022534122575132
3.5,-5,134280,0.6643795783843567,0.24569662253467825
3.5,-4.75,134653,0.6765820350780953,0.24138740212910126
3.5,-4.5,135026,0.6874126360728636,0.23750716627296695
3.5,-4.25,135399,0.6968209752831713,0.234099739862595
3.5,-4,135772,0.7051326290062557,0.2310590916147235
3.5,-3.75,136145,0.7127082229820418,0.22826090215397582
3.5,-3.5,136518,0.719625172753807,0.22568645420682193
3.5,-3.25,136518,0.7252928859025938,0.22347689862498632
3.5,-3,136891,0.7307845297958219,0.2214114935866266
3.5,-2.75,137264,0.7358911524477942,0.2194769583729881
3.5,-2.5,137637,0.7409205931075009,0.21755676176471886
3.5,-2.25,138010,0.7462064480369553,0.2155125724331984
3.5,-2,138383,0.7515982107187886,0.21340392107842182
3.5,-1.75,138756,0.7569824388836899,0.2112759046780936
3.5,-1.5,139129,0.7622297468468389,0.2091829498922367
3.5,-1.25,139502,0.7669699866940215,0.20728489958465796
3.5,-1,139875,0.7715285168114326,0.20544444930661407
3.5,-0.75,140248,0.7758800396992354,0.20367543322959963
3.5,-0.5,140621,0.7799860693565691,0.2019983624346604
3.5,-0.25,140994,0.7838112115303816,0.2004296575475787
3.5,0,141367,0.7868552267837854,0.1992000748419861
3.5,0.25,140994,0.7873194215817328,0.19887538562683696
3.5,0.5,140621,0.7839538983143668,0.20026386998841475
3.5,0.75,140248,0.7774958242503078,0.2030027803042769
3.5,1,139875,0.7703018655267774,0.20601822335440595
3.5,1.25,139502,0.7636372317226363,0.2087595913098101
3.5,1.5,139129,0.7572487484980296,0.21134150602136023
3.5,1.75,138756,0.7505704795635263,0.21400339348588154
3.5,2,138383,0.7433736733747434,0.21683592344838054
3.5,2.25,138010,0.7358880881821154,0.21973930835515212
3.5,2.5,137637,0.7284521464414503,0.22257681521854056
3.5,2.75,137264,0.7211154445358378,0.22533502503876066
3.5,3,136891,0.7137193209189012,0.2280790891600349
3.5,3.25,136518,0.7064240051093084,0.23074863225695894
3.5,3.5,136518,0.700188457812288,0.23308511714251567
3.5,3.75,136145,0.6943656837538248,0.23514203582311208
3.5,4,135772,0.6893371537021205,0.2368767140291678
3.5,4.25,135399,0.6852305600908742,0.23825319721577579
3.5,4.5,135026,0.6818922390340836,0.23933917870318755
3.5,4.75,134653,0.6789041394182045,0.24029433902777653
3.5,5,134280,0.6758379461117546,0.24127866220775654
3.75,-5,133920,0.6565197662995457,0.24840212490164887
3.75,-4.75,134292,0.667419586921559,0.24461473890456
3.75,-4.5,134664,0.6771751109608843,0.24118479378292995
3.75,-4.25,135036,0.6863262852775499,0.23793226482973445
3.75,-4,135408,0.6949239564332874,0.23484162665983344
3.75,-3.75,135780,0.7027017729164019,0.23201965340911923
3.75,-3.5,136152,0.7099289797376548,0.22937561674897208
3.75,-3.25,136152,0.7159995384784356,0.22704669043823464
3.75,-3,136524,0.7217604798412325,0.22491543022484167
3.75,-2.75,136896,0.7269143258926486,0.22299916430102323
3.75,-2.5,137268,0.7316810018674355,0.22122103634708057
3.75,-2.25,137640,0.7362899835655067,0.21949045722299593
3.75,-2,138012,0.7409892005725189,0.21770922988867128
3.75,-1.75,138384,0.745853405512711,0.21584496134056513
3.75,-1.5,138756,0.7509057534814872,0.21388585198348367
3.75,-1.25,139128,0.7560220152916208,0.21188109782863157
3.75,-1,139500,0.7612530930904957,0.20980486045460353
3.75,-0.75,139872,0.7661365161922262,0.20785367216420714
3.75,-0.5,140244,0.7705914064224753,0.2060679431990823
3.75,-0.25,140616,0.7744587438563385,0.20451989115352623
3.75,0,140988,0.7778093144877419,0.20318820099055251
3.75,0.25,140616,0.7797582417700992,0.20220961136711607
3.75,0.5,140244,0.7787767540377178,0.20252350318523316
3.75,0.75,139872,0.7743190585990865,0.2043578187605559
3.75,1,139500,0.7678477764240488,0.20703850643616714
3.75,1.25,139128,0.7612860714474271,0.20971810772942662
3.75,1.5,138756,0.7552499013977289,0.212136634062377
3.75,1.75,138384,0.749085235144723,0.21457249519138893
3.75,2,138012,0.7422970837532649,0.21722700428738756
3.75,2.25,137640,0.7348558212921158,0.22010297384920788
3.75,2.5,137268,0.7271509741031231,0.2230375236625712
3.75,2.75,136896,0.7195574391978954,0.22588551513001606
3.75,3,136524,0.7120662060119196,0.2286548101433106
3.75,3.25,136152,0.7046285010710314,0.23136701084444342
3.75,3.5,136152,0.697942410539858,0.2338639541214392
3.75,3.75,135780,0.691615921415123,0.23609662331758838
3.75,4,135408,0.6862405221189998,0.2379475246361237
3.75,4.25,135036,0.6818624025088231,0.23941274660414913
3.75,4.5,134664,0.6784669820869208,0.24051019851900593
3.75,4.75,134292,0.6756223264434239,0.24140511882711121
3.75,5,133920,0.6728415430647187,0.24227872703433143
4,-5,133560,0.6475230627307778,0.25147320073629226
4,-4.75,133931,0.6570780641784106,0.2482140631061816
4,-4.5,134302,0.6664325900199151,0.24498482915622583
4,-4.25,134673,0.6754503399536244,0.24183897329901588
4,-4,135044,0.6842240031620737,0.2387415721305756
4,-3.75,135415,0.6923403482187401,0.23584749761260188
4,-3.5,135786,0.6998229828062057,0.23315787179321837
4,-3.25,135786,0.7062022260135088,0.23075030462214619
4,-3,136157,0.7123324346805403,0.22851844169083046
4,-2.75,136528,0.7175134382891895,0.2266287341309507
4,-2.5,136899,0.7219597143753566,0.22501155631921646
4,-2.25,137270,0.7259964465438155,0.2235432379935408
4,-2,137641,0.7301185282439718,0.22203164745485054
4,-1.75,138012,0.7347113028964622,0.22032082765005265
4,-1.5,138383,0.7397717047084627,0.21840689367416158
4,-1.25,138754,0.745139939138425,0.21634938490147415
4,-1,139125,0.7507970021327496,0.21414859389726343
4,-0.75,139496,0.7560121206616146,0.2121068822403027
4,-0.5,139867,0.7605291992083161,0.21033931662165853
4,-0.25,140238,0.7642593393945427,0.20888970138532748
4,0,140609,0.7673977403759501,0.20768556551236594
4,0.25,140238,0.7699909920099526,0.20644283130130303
4,0.5,139867,0.7713156524841827,0.205748191250887
4,0.75,139496,0.769964551835133,0.20621338186642327
4,1,139125,0.7656406342042105,0.20795060076185043
4,1.25,138754,0.7595240499266308,0.21042655949881384
4,1.5,138383,0.7532174334502338,0.21294497628675094
4,1.75,138012,0.7470416407343694,0.21537165970913638
4,2,137641,0.7406336434062067,0.2178578050417978
4,2.25,137270,0.7335484477875077,0.22057863761756616
4,2.5,136899,0.7258962167561274,0.22348154289124658
4,2.75,136528,0.718131027843448,0.22638596248198478
4,3,136157,0.7105565888698356,0.2291764598235695
4,3.25,135786,0.7032352247420447,0.23183400936015972
4,3.5,135786,0.696451839766459,0.2343599653237517
4,3.75,135415,0.6897413539856817,0.23672579709179123
4,4,135044,0.684048122945924,0.23868422276215487
4,4.25,134673,0.6794132699916806,0.2402344508075842
4,4.5,134302,0.6756564440251912,0.2414551508030734
4,4.75,133931,0.6724162129970213,0.2424852418897721
4,5,133560,0.6693996491321305,0.24343579262845746
4.25,-5,133200,0.6379751228076778,0.2546932732376551
4.25,-4.75,133570,0.6465001697360259,0.25183984720883856
4.25,-4.5,133940,0.6554777792120967,0.24879690004153704
4.25,-4.25,134310,0.6644128133203444,0.24573634345775733
4.25,-4,134680,0.6730638591923186,0.24274022568687156
4.25,-3.75,135050,0.6814239383310995,0.23981260989681566
4.25,-3.5,135420,0.689298357924258,0.23703028653946756
4.25,-3.25,135420,0.6958166561539711,0.2346110797069369
4.25,-3,135790,0.7020836502100459,0.23237178012895648
4.25,-2.75,136160,0.7073223227873063,0.23049857281113514
4.25,-2.5,136530,0.7116431758332595,0.22896390064474778
4.25,-2.25,136900,0.715509491019164,0.22759410726637222
4.25,-2,137270,0.7194410476764161,0.2261912601354444
4.25,-1.75,137640,0.7239280718483485,0.22456148616617017
4.25,-1.5,138010,0.7290431296289402,0.22267043048643026
4.25,-1.25,138380,0.7344319945884028,0.22065285230765613
4.25,-1,138750,0.7398893923604721,0.2185850533784302
4.25,-0.75,139120,0.7450620445649195,0.21661134773624394
4.25,-0.5,139490,0.7495071463619671,0.2149194657787223
4.25,-0.25,139860,0.7531389085990923,0.21355077491428728
4.25,0,140230,0.7564093538164678,0.2123265928254754
4.25,0.25,139860,0.7594711149327469,0.21090550658283147
4.25,0.5,139490,0.7624578336074365,0.20951404926357403
4.25,0.75,139120,0.763902135722814,0.2087788959129006
4.25,1,138750,0.7623524664586452,0.20931740703624283
4.25,1.25,138380,0.7575760251711451,0.21121136172159202
4.25,1.5,138010,0.7511784443557838,0.2137535105448249
4.25,1.75,137640,0.7447065156597951,0.21628733114017587
4.25,2,137270,0.738426874732774,0.218706501665032
4.25,2.25,136900,0.7318175850391996,0.221222694825278
4.25,2.5,136530,0.7245824476109267,0.22394875428987326
4.25,2.75,136160,0.7169921435014471,0.22677486014918377
4.25,3,135790,0.7094636391467698,0.22953863794074833
4.25,3.25,135420,0.7022183692904084,0.23215904562011855
4.25,3.5,135420,0.6955963746502718,0.23461898300513218
4.25,3.75,135050,0.6889193464362371,0.23696599253590225
4.25,4,134680,0.6829425558568897,0.2390225079117005
4.25,4.25,134310,0.6778477989722836,0.24073389094654943
4.25,4.5,133940,0.6733616049712786,0.24221128877985648
4.25,4.75,133570,0.6691809714484209,0.24357099908934954
4.25,5,133200,0.6654515952432037,0.24476706460748485
4.5,-5,132840,0.6281903109089936,0.2579462807818524
4.5,-4.75,133209,0.6361929266766613,0.25531381271473225
4.5,-4.5,133578,0.6444924658187852,0.25255393092896355
4.5,-4.25,133947,0.653195566046544,0.24962770051668595
4.5,-4,134316,0.6617586615701283,0.24671731197598315
4.5,-3.75,134685,0.6700088789468259,0.24388440676973977
4.5,-3.5,135054,0.6779724976235709,0.24112434192736407
4.5,-3.25,135054,0.6845004010064243,0.2387437319903909
4.5,-3,135423,0.6907484216666376,0.23655822587948716
4.5,-2.75,135792,0.6962357781041275,0.23463269765948666
4.5,-2.5,136161,0.7009461690495431,0.2329855112056788
4.5,-2.25,136530,0.7050955502913973,0.23153904719096335
4.5,-2,136899,0.7092365395670353,0.23008733346044669
4.5,-1.75,137268,0.7137839520971659,0.22846963789864594
4.5,-1.5,137637,0.7186795337597235,0.22670477029540356
4.5,-1.25,138006,0.7236541098152746,0.22489490903144863
4.5,-1,138375,0.728423654935725,0.2231485083513956
4.5,-0.75,138744,0.7330749926856797,0.22143367000224762
4.5,-0.5,139113,0.7376145007580044,0.21975030836660786
4.5,-0.25,139482,0.7416372682163687,0.21826205552794198
4.5,0,139851,0.7454185013052207,0.21686415931722172
4.5,0.25,139482,0.7491157509991232,0.21520243462931238
4.5,0.5,139113,0.7527737502812288,0.21355254043796232
4.5,0.75,138744,0.755841899432417,0.21214655045648284
4.5,1,138375,0.7567253233326298,0.2116541914738881
4.5,1.25,138006,0.7542059170239243,0.21258432074930686
4.5,1.5,137637,0.7488560275568085,0.21467413760805196
4.5,1.75,137268,0.7424584766744322,0.21716196068383276
4.5,2,136899,0.7361091275041886,0.21959451869716207
4.5,2.25,136530,0.7298602452229748,0.22195288190961004
4.5,2.5,136161,0.7231853866545478,0.22444598167188543
4.5,2.75,135792,0.7160761061540625,0.22707545348550098
4.5,3,135423,0.7088569431287403,0.22971328472829816
4.5,3.25,135054,0.7017660346015356,0.23226946700897785
4.5,3.5,135054,0.6953261448678167,0.2346580926642865
4.5,3.75,134685,0.6888303785988084,0.23693423931674484
4.5,4,134316,0.6825751259131686,0.2390893162275699
4.5,4.25,133947,0.6766795534589757,0.2410866339393596
4.5,4.5,133578,0.6711940302229954,0.2429168514926144
4.5,4.75,133209,0.666047595521076,0.24461251915521434
4.5,5,132840,0.6615772670232662,0.24606148019920987
4.75,-5,132480,0.6180465271871258,0.2612831884556369
4.75,-4.75,132848,0.6258837948909711,0.2587457244126417
4.75,-4.5,133216,0.6337043956436285,0.25619191079908427
4.75,-4.25,133584,0.6417976293916267,0.2535245028859849
4.75,-4,133952,0.6501870622455864,0.2507268675232125
4.75,-3.75,134320,0.6581889386303733,0.2480346502673554
4.75,-3.5,134688,0.6656574886134378,0.2455056891349325
4.75,-3.25,134688,0.6719990463086614,0.2432353822196802
4.75,-3,135056,0.6784435941430443,0.2410269089110958
4.75,-2.75,135424,0.6843379103709727,0.23899553692645134
4.75,-2.5,135792,0.6898534012827423,0.23708792617034583
4.75,-2.25,136160,0.6948749923476863,0.23534807470027497
4.75,-2,136528,0.6994193586019708,0.2337752636386529
4.75,-1.75,136896,0.7039254613199925,0.23220634754738265
4.75,-1.5,137264,0.708294424416123,0.23067952314389947
4.75,-1.25,137632,0.7123983734643872,0.229245402805905
4.75,-1,138000,0.7164059951107405,0.22783741300273266
4.75,-0.75,138368,0.7205591814913422,0.22636258886388444
4.75,-0.5,138736,0.72522895446366,0.22467450843698047
4.75,-0.25,139104,0.7301323757992364,0.22287795410768801
4.75,0,139472,0.7346061243864878,0.22124030343143541
4.75,0.25,139104,0.7388002123755535,0.2194023297959819
4.75,0.5,138736,0.7426687146452003,0.2176908697869682
4.75,0.75,138368,0.7460608670613128,0.2161717419847728
4.75,1,138000,0.7484421607546138,0.21506578361481793
4.75,1.25,137632,0.7485587505177401,0.2148928191221815
4.75,1.5,137264,0.7455061698081976,0.21601758805038615
4.75,1.75,136896,0.7401023188321003,0.21808352830141314
4.75,2,136528,0.7338638192947874,0.22045680356751693
4.75,2.25,136160,0.7277854275374982,0.2227340523175649
4.75,2.5,135792,0.7216305725632776,0.22501109855898194
4.75,2.75,135424,0.7151510760668138,0.22738699479362953
4.75,3,135056,0.7084771583681433,0.22980961883334433
4.75,3.25,134688,0.701770200695305,0.23221654272729864
4.75,3.5,134688,0.6954460224970572,0.23456060266583778
4.75,3.75,134320,0.6888333494426407,0.23687754752553095
4.75,4,133952,0.6821119628031095,0.23919988852636914
4.75,4.25,133584,0.6753280454961598,0.24151344610999617
4.75,4.5,133216,0.6688857151314741,0.24367862011260447
4.75,4.75,132848,0.6631547685390906,0.24557218333078892
4.75,5,132480,0.6583290475027244,0.24713682064756748
5,-5,132120,0.6076754818676523,0.2646534402324051
5,-4.75,132487,0.6154487592275822,0.26217484167657884
5,-4.5,132854,0.6230961843931816,0.25971829076505026
5,-4.25,133221,0.6305510682682008,0.25731018561635516
5,-4,133588,0.6381892257767708,0.25481859185580563
5,-3.75,133955,0.6457322904799238,0.2523362268690551
5,-3.5,134322,0.6526743874544174,0.2500427405961169
5,-3.25,134322,0.6587422236892511,0.24791067301411265
5,-3,134689,0.6656015094759006,0.24560425941215186
5,-2.75,135056,0.6721770008305045,0.24337344628317453
5,-2.5,135423,0.678549437584513,0.24119640334949316
5,-2.25,135790,0.6845770047712852,0.23912436614213248
5,-2,136157,0.68956506707165,0.23741944477243887
5,-1.75,136524,0.6937200132980488,0.23601336051248398
5,-1.5,136891,0.6974619247181162,0.23475494875694106
5,-1.25,137258,0.7007760829208556,0.2336530373374458
5,-1,137625,0.7041862190312688,0.23250803140930826
5,-0.75,137992,0.7082996638503287,0.2310875742323474
5,-0.5,138359,0.7131163044795997,0.2293872448923247
5,-0.25,138726,0.7186731098732061,0.22738270593944815
5,0,139093,0.7237801689420793,0.2255378533369879
5,0.25,138726,0.7282069546279191,0.22363434579859556
5,0.5,138359,0.7321412082742732,0.22192122646692225
5,0.75,137992,0.7354895050894122,0.22044116139285708
5,1,137625,0.738543614579521,0.2190776045749201
5,1.25,137258,0.7407515903494746,0.2180548858171479
5,1.5,136891,0.7404953372193201,0.21802829612593586
5,1.75,136524,0.7371755997129523,0.21923378593855306
5,2,136157,0.7317606422426042,0.22126259342752178
5,2.25,135790,0.72584729799623815,0.22346221608216935
5,2.5,135423,0.7200947008697599,0.22557116923236692
5,2.75,135056,0.7142687357015205,0.2276858300569198
5,3,134689,0.7081706929875429,0.22988254107963058
5,3.25,134322,0.7018602608496181,0.23213611197483902
5,3.5,134322,0.6955281770337867,0.23448206306987893
5,3.75,133955,0.6884922722100164,0.2369524397852092
5,4,133588,0.6812601677441446,0.23945656661700673
5,4.25,133221,0.6740252032427518,0.2419263881998067
5,4.5,132854,0.6670538942741869,0.24427258798770748
5,4.75,132487,0.6609983129992604,0.2462726107118013
5,5,132120,0.6559535503852971,0.24790635795048893
