Nodo,Variable,Valor,Limite_inferior,Limite_superior,Extremo_IQR
1,Macollas,8.666666666666666,3.291666666666667,10.291666666666668,FALSE
2,Macollas,8.333333333333334,3.291666666666667,10.291666666666668,FALSE
3,Macollas,7.333333333333333,3.291666666666667,10.291666666666668,FALSE
4,Macollas,7.666666666666667,3.291666666666667,10.291666666666668,FALSE
5,Macollas,8,3.291666666666667,10.291666666666668,FALSE
6,Macollas,5.666666666666667,3.291666666666667,10.291666666666668,FALSE
7,Macollas,6.666666666666667,3.291666666666667,10.291666666666668,FALSE
8,Macollas,5.666666666666667,3.291666666666667,10.291666666666668,FALSE
9,Macollas,4.666666666666667,3.291666666666667,10.291666666666668,FALSE
10,Macollas,6.333333333333333,3.291666666666667,10.291666666666668,FALSE
11,Macollas,6,3.291666666666667,10.291666666666668,FALSE
12,Macollas,5.666666666666667,3.291666666666667,10.291666666666668,FALSE
13,Macollas,7.666666666666667,3.291666666666667,10.291666666666668,FALSE
14,Macollas,7.333333333333333,3.291666666666667,10.291666666666668,FALSE
15,Macollas,7.333333333333333,3.291666666666667,10.291666666666668,FALSE
16,Macollas,6.666666666666667,3.291666666666667,10.291666666666668,FALSE
17,Macollas,5.333333333333333,3.291666666666667,10.291666666666668,FALSE
18,Macollas,6,3.291666666666667,10.291666666666668,FALSE
19,Macollas,6,3.291666666666667,10.291666666666668,FALSE
20,Macollas,5.666666666666667,3.291666666666667,10.291666666666668,FALSE
21,Macollas,6.666666666666667,3.291666666666667,10.291666666666668,FALSE
22,Macollas,7,3.291666666666667,10.291666666666668,FALSE
23,Macollas,6.333333333333333,3.291666666666667,10.291666666666668,FALSE
24,Macollas,6.333333333333333,3.291666666666667,10.291666666666668,FALSE
25,Macollas,6.333333333333333,3.291666666666667,10.291666666666668,FALSE
26,Macollas,7.666666666666667,3.291666666666667,10.291666666666668,FALSE
27,Macollas,7,3.291666666666667,10.291666666666668,FALSE
28,Macollas,9.333333333333334,3.291666666666667,10.291666666666668,FALSE
29,Macollas,9.333333333333334,3.291666666666667,10.291666666666668,FALSE
30,Macollas,8.666666666666666,3.291666666666667,10.291666666666668,FALSE
31,Macollas,9.333333333333334,3.291666666666667,10.291666666666668,FALSE
32,Macollas,7,3.291666666666667,10.291666666666668,FALSE
33,Macollas,6.666666666666667,3.291666666666667,10.291666666666668,FALSE
34,Macollas,7,3.291666666666667,10.291666666666668,FALSE
35,Macollas,7,3.291666666666667,10.291666666666668,FALSE
36,Macollas,5.333333333333333,3.291666666666667,10.291666666666668,FALSE
37,Macollas,5,3.291666666666667,10.291666666666668,FALSE
38,Macollas,4.666666666666667,3.291666666666667,10.291666666666668,FALSE
39,Macollas,6,3.291666666666667,10.291666666666668,FALSE
40,Macollas,5,3.291666666666667,10.291666666666668,FALSE
41,Macollas,7.666666666666667,3.291666666666667,10.291666666666668,FALSE
42,Macollas,7.333333333333333,3.291666666666667,10.291666666666668,FALSE
43,Macollas,7.666666666666667,3.291666666666667,10.291666666666668,FALSE
44,Macollas,7.666666666666667,3.291666666666667,10.291666666666668,FALSE
45,Macollas,5,3.291666666666667,10.291666666666668,FALSE
46,Macollas,4.666666666666667,3.291666666666667,10.291666666666668,FALSE
47,Macollas,5.333333333333333,3.291666666666667,10.291666666666668,FALSE
48,Macollas,6.333333333333333,3.291666666666667,10.291666666666668,FALSE
49,Macollas,7,3.291666666666667,10.291666666666668,FALSE
50,Macollas,4,3.291666666666667,10.291666666666668,FALSE
51,Macollas,6,3.291666666666667,10.291666666666668,FALSE
52,Macollas,7.666666666666667,3.291666666666667,10.291666666666668,FALSE
53,Macollas,8.666666666666666,3.291666666666667,10.291666666666668,FALSE
54,Macollas,9.666666666666666,3.291666666666667,10.291666666666668,FALSE
55,Macollas,10.666666666666666,3.291666666666667,10.291666666666668,TRUE
56,Macollas,8.333333333333334,3.291666666666667,10.291666666666668,FALSE
1,Altura,28.53333333333333,31.45833333333335,57.12499999999998,TRUE
2,Altura,39.13333333333333,31.45833333333335,57.12499999999998,FALSE
3,Altura,39.9,31.45833333333335,57.12499999999998,FALSE
4,Altura,48.333333333333336,31.45833333333335,57.12499999999998,FALSE
5,Altura,46.5,31.45833333333335,57.12499999999998,FALSE
6,Altura,44.43333333333334,31.45833333333335,57.12499999999998,FALSE
7,Altura,44.699999999999996,31.45833333333335,57.12499999999998,FALSE
8,Altura,42.63333333333333,31.45833333333335,57.12499999999998,FALSE
9,Altura,46.46666666666667,31.45833333333335,57.12499999999998,FALSE
10,Altura,48.800000000000004,31.45833333333335,57.12499999999998,FALSE
11,Altura,41.13333333333333,31.45833333333335,57.12499999999998,FALSE
12,Altura,47.86666666666667,31.45833333333335,57.12499999999998,FALSE
13,Altura,44.333333333333336,31.45833333333335,57.12499999999998,FALSE
14,Altura,62.333333333333336,31.45833333333335,57.12499999999998,TRUE
15,Altura,56.666666666666664,31.45833333333335,57.12499999999998,FALSE
16,Altura,45.333333333333336,31.45833333333335,57.12499999999998,FALSE
17,Altura,37.6,31.45833333333335,57.12499999999998,FALSE
18,Altura,49.53333333333333,31.45833333333335,57.12499999999998,FALSE
19,Altura,48.36666666666667,31.45833333333335,57.12499999999998,FALSE
20,Altura,46.4,31.45833333333335,57.12499999999998,FALSE
21,Altura,45.9,31.45833333333335,57.12499999999998,FALSE
22,Altura,46.03333333333333,31.45833333333335,57.12499999999998,FALSE
23,Altura,45.06666666666666,31.45833333333335,57.12499999999998,FALSE
24,Altura,38.733333333333334,31.45833333333335,57.12499999999998,FALSE
25,Altura,41.9,31.45833333333335,57.12499999999998,FALSE
26,Altura,40.93333333333333,31.45833333333335,57.12499999999998,FALSE
27,Altura,46.300000000000004,31.45833333333335,57.12499999999998,FALSE
28,Altura,44.300000000000004,31.45833333333335,57.12499999999998,FALSE
29,Altura,50.6,31.45833333333335,57.12499999999998,FALSE
30,Altura,43.4,31.45833333333335,57.12499999999998,FALSE
31,Altura,44.6,31.45833333333335,57.12499999999998,FALSE
32,Altura,44.5,31.45833333333335,57.12499999999998,FALSE
33,Altura,40.800000000000004,31.45833333333335,57.12499999999998,FALSE
34,Altura,42.06666666666666,31.45833333333335,57.12499999999998,FALSE
35,Altura,41.96666666666667,31.45833333333335,57.12499999999998,FALSE
36,Altura,47.46666666666666,31.45833333333335,57.12499999999998,FALSE
37,Altura,40.53333333333334,31.45833333333335,57.12499999999998,FALSE
38,Altura,37.800000000000004,31.45833333333335,57.12499999999998,FALSE
39,Altura,40.93333333333333,31.45833333333335,57.12499999999998,FALSE
40,Altura,42.03333333333333,31.45833333333335,57.12499999999998,FALSE
41,Altura,50.666666666666664,31.45833333333335,57.12499999999998,FALSE
42,Altura,49.666666666666664,31.45833333333335,57.12499999999998,FALSE
43,Altura,54.833333333333336,31.45833333333335,57.12499999999998,FALSE
44,Altura,54.666666666666664,31.45833333333335,57.12499999999998,FALSE
45,Altura,47.599999999999994,31.45833333333335,57.12499999999998,FALSE
46,Altura,47,31.45833333333335,57.12499999999998,FALSE
47,Altura,46.199999999999996,31.45833333333335,57.12499999999998,FALSE
48,Altura,43,31.45833333333335,57.12499999999998,FALSE
49,Altura,36.6,31.45833333333335,57.12499999999998,FALSE
50,Altura,39.166666666666664,31.45833333333335,57.12499999999998,FALSE
51,Altura,40,31.45833333333335,57.12499999999998,FALSE
52,Altura,42.266666666666666,31.45833333333335,57.12499999999998,FALSE
53,Altura,45.300000000000004,31.45833333333335,57.12499999999998,FALSE
54,Altura,45.26666666666667,31.45833333333335,57.12499999999998,FALSE
55,Altura,38.6,31.45833333333335,57.12499999999998,FALSE
56,Altura,49.666666666666664,31.45833333333335,57.12499999999998,FALSE
1,Diametro,3.3555555555555556,2.656944444444446,3.8680555555555545,FALSE
2,Diametro,3.2999999999999994,2.656944444444446,3.8680555555555545,FALSE
3,Diametro,3.3444444444444446,2.656944444444446,3.8680555555555545,FALSE
4,Diametro,3.3000000000000003,2.656944444444446,3.8680555555555545,FALSE
5,Diametro,3.077777777777778,2.656944444444446,3.8680555555555545,FALSE
6,Diametro,3.3333333333333335,2.656944444444446,3.8680555555555545,FALSE
7,Diametro,3.1333333333333337,2.656944444444446,3.8680555555555545,FALSE
8,Diametro,2.888888888888889,2.656944444444446,3.8680555555555545,FALSE
9,Diametro,3.333333333333334,2.656944444444446,3.8680555555555545,FALSE
10,Diametro,3.2777777777777786,2.656944444444446,3.8680555555555545,FALSE
11,Diametro,3.222222222222222,2.656944444444446,3.8680555555555545,FALSE
12,Diametro,3.2222222222222223,2.656944444444446,3.8680555555555545,FALSE
13,Diametro,3.3111111111111113,2.656944444444446,3.8680555555555545,FALSE
14,Diametro,3.533333333333333,2.656944444444446,3.8680555555555545,FALSE
15,Diametro,4.022222222222222,2.656944444444446,3.8680555555555545,TRUE
16,Diametro,3.2777777777777777,2.656944444444446,3.8680555555555545,FALSE
17,Diametro,3.255555555555555,2.656944444444446,3.8680555555555545,FALSE
18,Diametro,3.3444444444444446,2.656944444444446,3.8680555555555545,FALSE
19,Diametro,3.6222222222222222,2.656944444444446,3.8680555555555545,FALSE
20,Diametro,3.4222222222222225,2.656944444444446,3.8680555555555545,FALSE
21,Diametro,3.622222222222222,2.656944444444446,3.8680555555555545,FALSE
22,Diametro,5.233333333333333,2.656944444444446,3.8680555555555545,TRUE
23,Diametro,3.055555555555556,2.656944444444446,3.8680555555555545,FALSE
24,Diametro,2.833333333333333,2.656944444444446,3.8680555555555545,FALSE
25,Diametro,2.844444444444444,2.656944444444446,3.8680555555555545,FALSE
26,Diametro,3.511111111111111,2.656944444444446,3.8680555555555545,FALSE
27,Diametro,3.411111111111111,2.656944444444446,3.8680555555555545,FALSE
28,Diametro,3.6222222222222222,2.656944444444446,3.8680555555555545,FALSE
29,Diametro,3.577777777777778,2.656944444444446,3.8680555555555545,FALSE
30,Diametro,3.333333333333334,2.656944444444446,3.8680555555555545,FALSE
31,Diametro,3.488888888888889,2.656944444444446,3.8680555555555545,FALSE
32,Diametro,3.077777777777778,2.656944444444446,3.8680555555555545,FALSE
33,Diametro,3.0444444444444443,2.656944444444446,3.8680555555555545,FALSE
34,Diametro,3.2222222222222228,2.656944444444446,3.8680555555555545,FALSE
35,Diametro,3.077777777777778,2.656944444444446,3.8680555555555545,FALSE
36,Diametro,3.211111111111111,2.656944444444446,3.8680555555555545,FALSE
37,Diametro,2.6666666666666665,2.656944444444446,3.8680555555555545,FALSE
38,Diametro,2.8555555555555556,2.656944444444446,3.8680555555555545,FALSE
39,Diametro,3.1111111111111116,2.656944444444446,3.8680555555555545,FALSE
40,Diametro,3.355555555555556,2.656944444444446,3.8680555555555545,FALSE
41,Diametro,3.6222222222222222,2.656944444444446,3.8680555555555545,FALSE
42,Diametro,3.4,2.656944444444446,3.8680555555555545,FALSE
43,Diametro,3.4000000000000004,2.656944444444446,3.8680555555555545,FALSE
44,Diametro,3.6999999999999997,2.656944444444446,3.8680555555555545,FALSE
45,Diametro,3.3111111111111113,2.656944444444446,3.8680555555555545,FALSE
46,Diametro,3.2444444444444445,2.656944444444446,3.8680555555555545,FALSE
47,Diametro,3.088888888888889,2.656944444444446,3.8680555555555545,FALSE
48,Diametro,3.4,2.656944444444446,3.8680555555555545,FALSE
49,Diametro,3.0222222222222226,2.656944444444446,3.8680555555555545,FALSE
50,Diametro,3.1111111111111107,2.656944444444446,3.8680555555555545,FALSE
51,Diametro,3.488888888888889,2.656944444444446,3.8680555555555545,FALSE
52,Diametro,3.2000000000000006,2.656944444444446,3.8680555555555545,FALSE
53,Diametro,3.0555555555555554,2.656944444444446,3.8680555555555545,FALSE
54,Diametro,3.377777777777778,2.656944444444446,3.8680555555555545,FALSE
55,Diametro,3.5222222222222217,2.656944444444446,3.8680555555555545,FALSE
56,Diametro,3.377777777777778,2.656944444444446,3.8680555555555545,FALSE
1,NDVI,0.7,0.6350000000000002,0.7549999999999999,FALSE
2,NDVI,0.69,0.6350000000000002,0.7549999999999999,FALSE
3,NDVI,0.7,0.6350000000000002,0.7549999999999999,FALSE
4,NDVI,0.66,0.6350000000000002,0.7549999999999999,FALSE
5,NDVI,0.68,0.6350000000000002,0.7549999999999999,FALSE
6,NDVI,0.65,0.6350000000000002,0.7549999999999999,FALSE
7,NDVI,0.7,0.6350000000000002,0.7549999999999999,FALSE
8,NDVI,0.69,0.6350000000000002,0.7549999999999999,FALSE
9,NDVI,0.66,0.6350000000000002,0.7549999999999999,FALSE
10,NDVI,0.69,0.6350000000000002,0.7549999999999999,FALSE
11,NDVI,0.7,0.6350000000000002,0.7549999999999999,FALSE
12,NDVI,0.69,0.6350000000000002,0.7549999999999999,FALSE
13,NDVI,0.67,0.6350000000000002,0.7549999999999999,FALSE
14,NDVI,0.72,0.6350000000000002,0.7549999999999999,FALSE
15,NDVI,0.72,0.6350000000000002,0.7549999999999999,FALSE
16,NDVI,0.71,0.6350000000000002,0.7549999999999999,FALSE
17,NDVI,0.7,0.6350000000000002,0.7549999999999999,FALSE
18,NDVI,0.71,0.6350000000000002,0.7549999999999999,FALSE
19,NDVI,0.7,0.6350000000000002,0.7549999999999999,FALSE
20,NDVI,0.71,0.6350000000000002,0.7549999999999999,FALSE
21,NDVI,0.72,0.6350000000000002,0.7549999999999999,FALSE
22,NDVI,0.7,0.6350000000000002,0.7549999999999999,FALSE
23,NDVI,0.7,0.6350000000000002,0.7549999999999999,FALSE
24,NDVI,0.67,0.6350000000000002,0.7549999999999999,FALSE
25,NDVI,0.66,0.6350000000000002,0.7549999999999999,FALSE
26,NDVI,0.71,0.6350000000000002,0.7549999999999999,FALSE
27,NDVI,0.72,0.6350000000000002,0.7549999999999999,FALSE
28,NDVI,0.7,0.6350000000000002,0.7549999999999999,FALSE
29,NDVI,0.73,0.6350000000000002,0.7549999999999999,FALSE
30,NDVI,0.67,0.6350000000000002,0.7549999999999999,FALSE
31,NDVI,0.69,0.6350000000000002,0.7549999999999999,FALSE
32,NDVI,0.67,0.6350000000000002,0.7549999999999999,FALSE
33,NDVI,0.68,0.6350000000000002,0.7549999999999999,FALSE
34,NDVI,0.69,0.6350000000000002,0.7549999999999999,FALSE
35,NDVI,0.7,0.6350000000000002,0.7549999999999999,FALSE
36,NDVI,0.7,0.6350000000000002,0.7549999999999999,FALSE
37,NDVI,0.67,0.6350000000000002,0.7549999999999999,FALSE
38,NDVI,0.67,0.6350000000000002,0.7549999999999999,FALSE
39,NDVI,0.69,0.6350000000000002,0.7549999999999999,FALSE
40,NDVI,0.71,0.6350000000000002,0.7549999999999999,FALSE
41,NDVI,0.7,0.6350000000000002,0.7549999999999999,FALSE
42,NDVI,0.7,0.6350000000000002,0.7549999999999999,FALSE
43,NDVI,0.72,0.6350000000000002,0.7549999999999999,FALSE
44,NDVI,0.71,0.6350000000000002,0.7549999999999999,FALSE
45,NDVI,0.67,0.6350000000000002,0.7549999999999999,FALSE
46,NDVI,0.71,0.6350000000000002,0.7549999999999999,FALSE
47,NDVI,0.71,0.6350000000000002,0.7549999999999999,FALSE
48,NDVI,0.72,0.6350000000000002,0.7549999999999999,FALSE
49,NDVI,0.72,0.6350000000000002,0.7549999999999999,FALSE
50,NDVI,0.68,0.6350000000000002,0.7549999999999999,FALSE
51,NDVI,0.68,0.6350000000000002,0.7549999999999999,FALSE
52,NDVI,0.67,0.6350000000000002,0.7549999999999999,FALSE
53,NDVI,0.69,0.6350000000000002,0.7549999999999999,FALSE
54,NDVI,0.72,0.6350000000000002,0.7549999999999999,FALSE
55,NDVI,0.71,0.6350000000000002,0.7549999999999999,FALSE
56,NDVI,0.72,0.6350000000000002,0.7549999999999999,FALSE
1,Nitratos,4900,1787.5,7887.5,FALSE
2,Nitratos,5500,1787.5,7887.5,FALSE
3,Nitratos,5400,1787.5,7887.5,FALSE
4,Nitratos,6100,1787.5,7887.5,FALSE
5,Nitratos,5800,1787.5,7887.5,FALSE
6,Nitratos,4100,1787.5,7887.5,FALSE
7,Nitratos,3400,1787.5,7887.5,FALSE
8,Nitratos,3800,1787.5,7887.5,FALSE
9,Nitratos,3600,1787.5,7887.5,FALSE
10,Nitratos,5400,1787.5,7887.5,FALSE
11,Nitratos,5900,1787.5,7887.5,FALSE
12,Nitratos,5400,1787.5,7887.5,FALSE
13,Nitratos,2800,1787.5,7887.5,FALSE
14,Nitratos,4500,1787.5,7887.5,FALSE
15,Nitratos,4900,1787.5,7887.5,FALSE
16,Nitratos,5300,1787.5,7887.5,FALSE
17,Nitratos,5900,1787.5,7887.5,FALSE
18,Nitratos,5200,1787.5,7887.5,FALSE
19,Nitratos,5600,1787.5,7887.5,FALSE
20,Nitratos,5700,1787.5,7887.5,FALSE
21,Nitratos,4500,1787.5,7887.5,FALSE
22,Nitratos,4600,1787.5,7887.5,FALSE
23,Nitratos,5800,1787.5,7887.5,FALSE
24,Nitratos,5600,1787.5,7887.5,FALSE
25,Nitratos,5000,1787.5,7887.5,FALSE
26,Nitratos,4600,1787.5,7887.5,FALSE
27,Nitratos,4000,1787.5,7887.5,FALSE
28,Nitratos,3600,1787.5,7887.5,FALSE
29,Nitratos,3600,1787.5,7887.5,FALSE
30,Nitratos,2200,1787.5,7887.5,FALSE
31,Nitratos,5800,1787.5,7887.5,FALSE
32,Nitratos,5200,1787.5,7887.5,FALSE
33,Nitratos,5200,1787.5,7887.5,FALSE
34,Nitratos,5800,1787.5,7887.5,FALSE
35,Nitratos,5600,1787.5,7887.5,FALSE
36,Nitratos,4500,1787.5,7887.5,FALSE
37,Nitratos,3700,1787.5,7887.5,FALSE
38,Nitratos,4000,1787.5,7887.5,FALSE
39,Nitratos,5500,1787.5,7887.5,FALSE
40,Nitratos,6700,1787.5,7887.5,FALSE
41,Nitratos,2900,1787.5,7887.5,FALSE
42,Nitratos,5400,1787.5,7887.5,FALSE
43,Nitratos,3400,1787.5,7887.5,FALSE
44,Nitratos,4800,1787.5,7887.5,FALSE
45,Nitratos,4400,1787.5,7887.5,FALSE
46,Nitratos,5800,1787.5,7887.5,FALSE
47,Nitratos,4800,1787.5,7887.5,FALSE
48,Nitratos,5100,1787.5,7887.5,FALSE
49,Nitratos,4300,1787.5,7887.5,FALSE
50,Nitratos,3600,1787.5,7887.5,FALSE
51,Nitratos,4800,1787.5,7887.5,FALSE
52,Nitratos,5900,1787.5,7887.5,FALSE
53,Nitratos,5700,1787.5,7887.5,FALSE
54,Nitratos,6000,1787.5,7887.5,FALSE
55,Nitratos,4800,1787.5,7887.5,FALSE
56,Nitratos,3600,1787.5,7887.5,FALSE
1,Potasio_savia,4100,3550,5550,FALSE
2,Potasio_savia,4100,3550,5550,FALSE
3,Potasio_savia,4200,3550,5550,FALSE
4,Potasio_savia,4400,3550,5550,FALSE
5,Potasio_savia,4400,3550,5550,FALSE
6,Potasio_savia,4100,3550,5550,FALSE
7,Potasio_savia,4400,3550,5550,FALSE
8,Potasio_savia,4400,3550,5550,FALSE
9,Potasio_savia,4200,3550,5550,FALSE
10,Potasio_savia,4700,3550,5550,FALSE
11,Potasio_savia,4500,3550,5550,FALSE
12,Potasio_savia,4900,3550,5550,FALSE
13,Potasio_savia,4300,3550,5550,FALSE
14,Potasio_savia,4800,3550,5550,FALSE
15,Potasio_savia,4800,3550,5550,FALSE
16,Potasio_savia,5700,3550,5550,TRUE
17,Potasio_savia,4700,3550,5550,FALSE
18,Potasio_savia,5600,3550,5550,TRUE
19,Potasio_savia,5600,3550,5550,TRUE
20,Potasio_savia,5000,3550,5550,FALSE
21,Potasio_savia,5600,3550,5550,TRUE
22,Potasio_savia,4700,3550,5550,FALSE
23,Potasio_savia,4400,3550,5550,FALSE
24,Potasio_savia,4400,3550,5550,FALSE
25,Potasio_savia,4300,3550,5550,FALSE
26,Potasio_savia,4400,3550,5550,FALSE
27,Potasio_savia,4200,3550,5550,FALSE
28,Potasio_savia,3200,3550,5550,TRUE
29,Potasio_savia,4100,3550,5550,FALSE
30,Potasio_savia,3700,3550,5550,FALSE
31,Potasio_savia,4600,3550,5550,FALSE
32,Potasio_savia,4200,3550,5550,FALSE
33,Potasio_savia,4700,3550,5550,FALSE
34,Potasio_savia,4400,3550,5550,FALSE
35,Potasio_savia,4300,3550,5550,FALSE
36,Potasio_savia,5000,3550,5550,FALSE
37,Potasio_savia,5100,3550,5550,FALSE
38,Potasio_savia,4300,3550,5550,FALSE
39,Potasio_savia,4000,3550,5550,FALSE
40,Potasio_savia,4500,3550,5550,FALSE
41,Potasio_savia,5200,3550,5550,FALSE
42,Potasio_savia,5100,3550,5550,FALSE
43,Potasio_savia,5000,3550,5550,FALSE
44,Potasio_savia,5000,3550,5550,FALSE
45,Potasio_savia,4300,3550,5550,FALSE
46,Potasio_savia,4400,3550,5550,FALSE
47,Potasio_savia,4600,3550,5550,FALSE
48,Potasio_savia,4300,3550,5550,FALSE
49,Potasio_savia,4800,3550,5550,FALSE
50,Potasio_savia,4600,3550,5550,FALSE
51,Potasio_savia,3800,3550,5550,FALSE
52,Potasio_savia,4300,3550,5550,FALSE
53,Potasio_savia,4800,3550,5550,FALSE
54,Potasio_savia,4800,3550,5550,FALSE
55,Potasio_savia,4900,3550,5550,FALSE
56,Potasio_savia,3800,3550,5550,FALSE
1,Calcio_savia,1200,412.5,2512.5,FALSE
2,Calcio_savia,1000,412.5,2512.5,FALSE
3,Calcio_savia,940,412.5,2512.5,FALSE
4,Calcio_savia,1400,412.5,2512.5,FALSE
5,Calcio_savia,1600,412.5,2512.5,FALSE
6,Calcio_savia,1500,412.5,2512.5,FALSE
7,Calcio_savia,1200,412.5,2512.5,FALSE
8,Calcio_savia,1400,412.5,2512.5,FALSE
9,Calcio_savia,1600,412.5,2512.5,FALSE
10,Calcio_savia,1700,412.5,2512.5,FALSE
11,Calcio_savia,2000,412.5,2512.5,FALSE
12,Calcio_savia,1800,412.5,2512.5,FALSE
13,Calcio_savia,1000,412.5,2512.5,FALSE
14,Calcio_savia,2000,412.5,2512.5,FALSE
15,Calcio_savia,1700,412.5,2512.5,FALSE
16,Calcio_savia,1900,412.5,2512.5,FALSE
17,Calcio_savia,2300,412.5,2512.5,FALSE
18,Calcio_savia,1800,412.5,2512.5,FALSE
19,Calcio_savia,1800,412.5,2512.5,FALSE
20,Calcio_savia,1300,412.5,2512.5,FALSE
21,Calcio_savia,1300,412.5,2512.5,FALSE
22,Calcio_savia,1200,412.5,2512.5,FALSE
23,Calcio_savia,1500,412.5,2512.5,FALSE
24,Calcio_savia,1600,412.5,2512.5,FALSE
25,Calcio_savia,1600,412.5,2512.5,FALSE
26,Calcio_savia,1200,412.5,2512.5,FALSE
27,Calcio_savia,750,412.5,2512.5,FALSE
28,Calcio_savia,1200,412.5,2512.5,FALSE
29,Calcio_savia,950,412.5,2512.5,FALSE
30,Calcio_savia,780,412.5,2512.5,FALSE
31,Calcio_savia,1000,412.5,2512.5,FALSE
32,Calcio_savia,1300,412.5,2512.5,FALSE
33,Calcio_savia,1400,412.5,2512.5,FALSE
34,Calcio_savia,1500,412.5,2512.5,FALSE
35,Calcio_savia,1700,412.5,2512.5,FALSE
36,Calcio_savia,1600,412.5,2512.5,FALSE
37,Calcio_savia,1900,412.5,2512.5,FALSE
38,Calcio_savia,2000,412.5,2512.5,FALSE
39,Calcio_savia,2300,412.5,2512.5,FALSE
40,Calcio_savia,1800,412.5,2512.5,FALSE
41,Calcio_savia,1500,412.5,2512.5,FALSE
42,Calcio_savia,1500,412.5,2512.5,FALSE
43,Calcio_savia,1900,412.5,2512.5,FALSE
44,Calcio_savia,1700,412.5,2512.5,FALSE
45,Calcio_savia,1900,412.5,2512.5,FALSE
46,Calcio_savia,1700,412.5,2512.5,FALSE
47,Calcio_savia,1800,412.5,2512.5,FALSE
48,Calcio_savia,1400,412.5,2512.5,FALSE
49,Calcio_savia,1400,412.5,2512.5,FALSE
50,Calcio_savia,1300,412.5,2512.5,FALSE
51,Calcio_savia,1500,412.5,2512.5,FALSE
52,Calcio_savia,1300,412.5,2512.5,FALSE
53,Calcio_savia,1200,412.5,2512.5,FALSE
54,Calcio_savia,940,412.5,2512.5,FALSE
55,Calcio_savia,860,412.5,2512.5,FALSE
56,Calcio_savia,1200,412.5,2512.5,FALSE
1,Suelo_CE,324.6402235809403,67.83627674395288,386.75954863274785,FALSE
2,Suelo_CE,337.15086656957567,67.83627674395288,386.75954863274785,FALSE
3,Suelo_CE,298.9352269157599,67.83627674395288,386.75954863274785,FALSE
4,Suelo_CE,271.87702244030226,67.83627674395288,386.75954863274785,FALSE
5,Suelo_CE,305.8781793251412,67.83627674395288,386.75954863274785,FALSE
6,Suelo_CE,148.85795091202448,67.83627674395288,386.75954863274785,FALSE
7,Suelo_CE,200.9358476625796,67.83627674395288,386.75954863274785,FALSE
8,Suelo_CE,185.1994995630996,67.83627674395288,386.75954863274785,FALSE
9,Suelo_CE,134.24655651633088,67.83627674395288,386.75954863274785,FALSE
10,Suelo_CE,157.04766448983474,67.83627674395288,386.75954863274785,FALSE
11,Suelo_CE,131.81644067334886,67.83627674395288,386.75954863274785,FALSE
12,Suelo_CE,159.69332848488125,67.83627674395288,386.75954863274785,FALSE
13,Suelo_CE,145.5237110627009,67.83627674395288,386.75954863274785,FALSE
14,Suelo_CE,213.67980437274474,67.83627674395288,386.75954863274785,FALSE
15,Suelo_CE,221.56053182485203,67.83627674395288,386.75954863274785,FALSE
16,Suelo_CE,178.32928128728045,67.83627674395288,386.75954863274785,FALSE
17,Suelo_CE,175.6150853678236,67.83627674395288,386.75954863274785,FALSE
18,Suelo_CE,181.8089981297853,67.83627674395288,386.75954863274785,FALSE
19,Suelo_CE,166.27803468695151,67.83627674395288,386.75954863274785,FALSE
20,Suelo_CE,127.48522014555596,67.83627674395288,386.75954863274785,FALSE
21,Suelo_CE,200.32890913760988,67.83627674395288,386.75954863274785,FALSE
22,Suelo_CE,228.71581992531452,67.83627674395288,386.75954863274785,FALSE
23,Suelo_CE,179.35144908473524,67.83627674395288,386.75954863274785,FALSE
24,Suelo_CE,266.9609037597214,67.83627674395288,386.75954863274785,FALSE
25,Suelo_CE,256.1258580393511,67.83627674395288,386.75954863274785,FALSE
26,Suelo_CE,289.3965930392144,67.83627674395288,386.75954863274785,FALSE
27,Suelo_CE,351.43520700006127,67.83627674395288,386.75954863274785,FALSE
28,Suelo_CE,333.52374826493326,67.83627674395288,386.75954863274785,FALSE
29,Suelo_CE,330.833363690577,67.83627674395288,386.75954863274785,FALSE
30,Suelo_CE,287.7751290165133,67.83627674395288,386.75954863274785,FALSE
31,Suelo_CE,264.7594785419162,67.83627674395288,386.75954863274785,FALSE
32,Suelo_CE,193.102799608652,67.83627674395288,386.75954863274785,FALSE
33,Suelo_CE,242.41409310091885,67.83627674395288,386.75954863274785,FALSE
34,Suelo_CE,208.2163027681082,67.83627674395288,386.75954863274785,FALSE
35,Suelo_CE,310.7478583740179,67.83627674395288,386.75954863274785,FALSE
36,Suelo_CE,261.6401581224542,67.83627674395288,386.75954863274785,FALSE
37,Suelo_CE,126.97960998163278,67.83627674395288,386.75954863274785,FALSE
38,Suelo_CE,216.55137943988112,67.83627674395288,386.75954863274785,FALSE
39,Suelo_CE,242.55184562597793,67.83627674395288,386.75954863274785,FALSE
40,Suelo_CE,214.47950679586268,67.83627674395288,386.75954863274785,FALSE
41,Suelo_CE,247.49351752792455,67.83627674395288,386.75954863274785,FALSE
42,Suelo_CE,229.1841886509458,67.83627674395288,386.75954863274785,FALSE
43,Suelo_CE,240.96117387771207,67.83627674395288,386.75954863274785,FALSE
44,Suelo_CE,248.17605435765364,67.83627674395288,386.75954863274785,FALSE
45,Suelo_CE,243.04254133330625,67.83627674395288,386.75954863274785,FALSE
46,Suelo_CE,256.94972184499886,67.83627674395288,386.75954863274785,FALSE
47,Suelo_CE,234.60588568763936,67.83627674395288,386.75954863274785,FALSE
48,Suelo_CE,188.17683841530146,67.83627674395288,386.75954863274785,FALSE
49,Suelo_CE,267.7705754186346,67.83627674395288,386.75954863274785,FALSE
50,Suelo_CE,282.38406347892305,67.83627674395288,386.75954863274785,FALSE
51,Suelo_CE,234.38527309722323,67.83627674395288,386.75954863274785,FALSE
52,Suelo_CE,226.6385519772481,67.83627674395288,386.75954863274785,FALSE
53,Suelo_CE,202.91811991894707,67.83627674395288,386.75954863274785,FALSE
54,Suelo_CE,240.6377270123093,67.83627674395288,386.75954863274785,FALSE
55,Suelo_CE,263.02659313464585,67.83627674395288,386.75954863274785,FALSE
56,Suelo_CE,309.70448809759563,67.83627674395288,386.75954863274785,FALSE
1,Suelo_CE_corregida_OLS,568.7059999973585,329.8012882548919,626.4956080930526,FALSE
2,Suelo_CE_corregida_OLS,580.3446511696878,329.8012882548919,626.4956080930526,FALSE
3,Suelo_CE_corregida_OLS,544.7926415997391,329.8012882548919,626.4956080930526,FALSE
4,Suelo_CE_corregida_OLS,519.6203939762178,329.8012882548919,626.4956080930526,FALSE
5,Suelo_CE_corregida_OLS,551.2516702261818,329.8012882548919,626.4956080930526,FALSE
6,Suelo_CE_corregida_OLS,405.1757517334531,329.8012882548919,626.4956080930526,FALSE
7,Suelo_CE_corregida_OLS,453.62381908049406,329.8012882548919,626.4956080930526,FALSE
8,Suelo_CE_corregida_OLS,438.98429444354707,329.8012882548919,626.4956080930526,FALSE
9,Suelo_CE_corregida_OLS,391.58277152713356,329.8012882548919,626.4956080930526,FALSE
10,Suelo_CE_corregida_OLS,412.7946422748846,329.8012882548919,626.4956080930526,FALSE
11,Suelo_CE_corregida_OLS,389.32203475841084,329.8012882548919,626.4956080930526,FALSE
12,Suelo_CE_corregida_OLS,415.25590348947674,329.8012882548919,626.4956080930526,FALSE
13,Suelo_CE_corregida_OLS,402.07390840162464,329.8012882548919,626.4956080930526,FALSE
14,Suelo_CE_corregida_OLS,465.479522007962,329.8012882548919,626.4956080930526,FALSE
15,Suelo_CE_corregida_OLS,472.8109627566596,329.8012882548919,626.4956080930526,FALSE
16,Suelo_CE_corregida_OLS,432.5929303815548,329.8012882548919,626.4956080930526,FALSE
17,Suelo_CE_corregida_OLS,430.0679139176843,329.8012882548919,626.4956080930526,FALSE
18,Suelo_CE_corregida_OLS,435.8301109601372,329.8012882548919,626.4956080930526,FALSE
19,Suelo_CE_corregida_OLS,421.3816556692683,329.8012882548919,626.4956080930526,FALSE
20,Suelo_CE_corregida_OLS,385.2927003014059,329.8012882548919,626.4956080930526,FALSE
21,Suelo_CE_corregida_OLS,453.059184170717,329.8012882548919,626.4956080930526,FALSE
22,Suelo_CE_corregida_OLS,479.46752727652085,329.8012882548919,626.4956080930526,FALSE
23,Suelo_CE_corregida_OLS,433.543853083527,329.8012882548919,626.4956080930526,FALSE
24,Suelo_CE_corregida_OLS,515.0469287676699,329.8012882548919,626.4956080930526,FALSE
25,Suelo_CE_corregida_OLS,504.9670857340086,329.8012882548919,626.4956080930526,FALSE
26,Suelo_CE_corregida_OLS,535.9188505043825,329.8012882548919,626.4956080930526,FALSE
27,Suelo_CE_corregida_OLS,593.6333730721611,329.8012882548919,626.4956080930526,FALSE
28,Suelo_CE_corregida_OLS,576.9703430108742,329.8012882548919,626.4956080930526,FALSE
29,Suelo_CE_corregida_OLS,574.4674782413472,329.8012882548919,626.4956080930526,FALSE
30,Suelo_CE_corregida_OLS,534.410402524065,329.8012882548919,626.4956080930526,FALSE
31,Suelo_CE_corregida_OLS,512.9989428875452,329.8012882548919,626.4956080930526,FALSE
32,Suelo_CE_corregida_OLS,446.33673447592827,329.8012882548919,626.4956080930526,FALSE
33,Suelo_CE_corregida_OLS,492.2110308117851,329.8012882548919,626.4956080930526,FALSE
34,Suelo_CE_corregida_OLS,460.3968264651701,329.8012882548919,626.4956080930526,FALSE
35,Suelo_CE_corregida_OLS,555.7819326453505,329.8012882548919,626.4956080930526,FALSE
36,Suelo_CE_corregida_OLS,510.09703910132,329.8012882548919,626.4956080930526,FALSE
37,Suelo_CE_corregida_OLS,384.8223311659092,329.8012882548919,626.4956080930526,FALSE
38,Suelo_CE_corregida_OLS,468.1509482929206,329.8012882548919,626.4956080930526,FALSE
39,Suelo_CE_corregida_OLS,492.339181985847,329.8012882548919,626.4956080930526,FALSE
40,Suelo_CE_corregida_OLS,466.2234851721901,329.8012882548919,626.4956080930526,FALSE
41,Suelo_CE_corregida_OLS,496.936419356228,329.8012882548919,626.4956080930526,FALSE
42,Suelo_CE_corregida_OLS,479.9032507019746,329.8012882548919,626.4956080930526,FALSE
43,Suelo_CE_corregida_OLS,490.85938005843815,329.8012882548919,626.4956080930526,FALSE
44,Suelo_CE_corregida_OLS,497.5713833689292,329.8012882548919,626.4956080930526,FALSE
45,Suelo_CE_corregida_OLS,492.79567620237873,329.8012882548919,626.4956080930526,FALSE
46,Suelo_CE_corregida_OLS,505.73352623240646,329.8012882548919,626.4956080930526,FALSE
47,Suelo_CE_corregida_OLS,484.9470554552132,329.8012882548919,626.4956080930526,FALSE
48,Suelo_CE_corregida_OLS,441.7541127777539,329.8012882548919,626.4956080930526,FALSE
49,Suelo_CE_corregida_OLS,515.8001663119599,329.8012882548919,626.4956080930526,FALSE
50,Suelo_CE_corregida_OLS,529.3950942544487,329.8012882548919,626.4956080930526,FALSE
51,Suelo_CE_corregida_OLS,484.74181956234855,329.8012882548919,626.4956080930526,FALSE
52,Suelo_CE_corregida_OLS,477.53504490443294,329.8012882548919,626.4956080930526,FALSE
53,Suelo_CE_corregida_OLS,455.4679269605941,329.8012882548919,626.4956080930526,FALSE
54,Suelo_CE_corregida_OLS,490.55847743955104,329.8012882548919,626.4956080930526,FALSE
55,Suelo_CE_corregida_OLS,511.386839593164,329.8012882548919,626.4956080930526,FALSE
56,Suelo_CE_corregida_OLS,554.8112852772005,329.8012882548919,626.4956080930526,FALSE
1,Suelo_N,22.427024753216713,4.556341356288007,27.097778697366273,FALSE
2,Suelo_N,23.560660362417142,4.556341356288007,27.097778697366273,FALSE
3,Suelo_N,20.902369398335367,4.556341356288007,27.097778697366273,FALSE
4,Suelo_N,18.73628086611692,4.556341356288007,27.097778697366273,FALSE
5,Suelo_N,21.150811636635034,4.556341356288007,27.097778697366273,FALSE
6,Suelo_N,10.55382148641013,4.556341356288007,27.097778697366273,FALSE
7,Suelo_N,14.123732236809962,4.556341356288007,27.097778697366273,FALSE
8,Suelo_N,12.466164086525746,4.556341356288007,27.097778697366273,FALSE
9,Suelo_N,8.709670951393623,4.556341356288007,27.097778697366273,FALSE
10,Suelo_N,10.5044462927879,4.556341356288007,27.097778697366273,FALSE
11,Suelo_N,9.041590553866788,4.556341356288007,27.097778697366273,FALSE
12,Suelo_N,10.742533285444937,4.556341356288007,27.097778697366273,FALSE
13,Suelo_N,9.964649182665944,4.556341356288007,27.097778697366273,FALSE
14,Suelo_N,14.866279584705195,4.556341356288007,27.097778697366273,FALSE
15,Suelo_N,15.339998739322306,4.556341356288007,27.097778697366273,FALSE
16,Suelo_N,12.275055004772081,4.556341356288007,27.097778697366273,FALSE
17,Suelo_N,11.948453872332482,4.556341356288007,27.097778697366273,FALSE
18,Suelo_N,12.633121782604167,4.556341356288007,27.097778697366273,FALSE
19,Suelo_N,11.259529776952602,4.556341356288007,27.097778697366273,FALSE
20,Suelo_N,8.319925793702573,4.556341356288007,27.097778697366273,FALSE
21,Suelo_N,13.671251145031947,4.556341356288007,27.097778697366273,FALSE
22,Suelo_N,16.016362224247217,4.556341356288007,27.097778697366273,FALSE
23,Suelo_N,12.563214588997907,4.556341356288007,27.097778697366273,FALSE
24,Suelo_N,18.452394886895814,4.556341356288007,27.097778697366273,FALSE
25,Suelo_N,17.726247836111167,4.556341356288007,27.097778697366273,FALSE
26,Suelo_N,20.31907248702906,4.556341356288007,27.097778697366273,FALSE
27,Suelo_N,24.674324396962845,4.556341356288007,27.097778697366273,FALSE
28,Suelo_N,23.115512683275966,4.556341356288007,27.097778697366273,FALSE
29,Suelo_N,23.051969831657853,4.556341356288007,27.097778697366273,FALSE
30,Suelo_N,20.266920604752585,4.556341356288007,27.097778697366273,FALSE
31,Suelo_N,18.63539592107022,4.556341356288007,27.097778697366273,FALSE
32,Suelo_N,13.585240219156278,4.556341356288007,27.097778697366273,FALSE
33,Suelo_N,16.732262330262238,4.556341356288007,27.097778697366273,FALSE
34,Suelo_N,14.341133983357802,4.556341356288007,27.097778697366273,FALSE
35,Suelo_N,21.60809473204378,4.556341356288007,27.097778697366273,FALSE
36,Suelo_N,18.17630048949416,4.556341356288007,27.097778697366273,FALSE
37,Suelo_N,8.792749658504807,4.556341356288007,27.097778697366273,FALSE
38,Suelo_N,14.96107532768393,4.556341356288007,27.097778697366273,FALSE
39,Suelo_N,17.125574705023062,4.556341356288007,27.097778697366273,FALSE
40,Suelo_N,14.896289638923177,4.556341356288007,27.097778697366273,FALSE
41,Suelo_N,17.160500587598666,4.556341356288007,27.097778697366273,FALSE
42,Suelo_N,15.755493495217394,4.556341356288007,27.097778697366273,FALSE
43,Suelo_N,16.58198554388247,4.556341356288007,27.097778697366273,FALSE
44,Suelo_N,17.193494884141167,4.556341356288007,27.097778697366273,FALSE
45,Suelo_N,16.957993920739654,4.556341356288007,27.097778697366273,FALSE
46,Suelo_N,18.098133134069215,4.556341356288007,27.097778697366273,FALSE
47,Suelo_N,16.370593814432546,4.556341356288007,27.097778697366273,FALSE
48,Suelo_N,13.134799884721755,4.556341356288007,27.097778697366273,FALSE
49,Suelo_N,18.67277101463703,4.556341356288007,27.097778697366273,FALSE
50,Suelo_N,19.612267168869977,4.556341356288007,27.097778697366273,FALSE
51,Suelo_N,16.167463196993857,4.556341356288007,27.097778697366273,FALSE
52,Suelo_N,15.664691750326035,4.556341356288007,27.097778697366273,FALSE
53,Suelo_N,14.268376489088714,4.556341356288007,27.097778697366273,FALSE
54,Suelo_N,16.906989679135897,4.556341356288007,27.097778697366273,FALSE
55,Suelo_N,18.48154829250872,4.556341356288007,27.097778697366273,FALSE
56,Suelo_N,21.564362627899754,4.556341356288007,27.097778697366273,FALSE
1,Suelo_P,31.98278557698091,5.746132873212623,38.62513156497045,FALSE
2,Suelo_P,33.26813010971999,5.746132873212623,38.62513156497045,FALSE
3,Suelo_P,29.280772308596628,5.746132873212623,38.62513156497045,FALSE
4,Suelo_P,27.05917647910598,5.746132873212623,38.62513156497045,FALSE
5,Suelo_P,30.062505935158978,5.746132873212623,38.62513156497045,FALSE
6,Suelo_P,14.678825809389854,5.746132873212623,38.62513156497045,FALSE
7,Suelo_P,19.85889325347906,5.746132873212623,38.62513156497045,FALSE
8,Suelo_P,17.940420264903995,5.746132873212623,38.62513156497045,FALSE
9,Suelo_P,12.961889519778692,5.746132873212623,38.62513156497045,FALSE
10,Suelo_P,15.16904986527205,5.746132873212623,38.62513156497045,FALSE
11,Suelo_P,12.667347528310373,5.746132873212623,38.62513156497045,FALSE
12,Suelo_P,15.39784089115294,5.746132873212623,38.62513156497045,FALSE
13,Suelo_P,13.920440598608678,5.746132873212623,38.62513156497045,FALSE
14,Suelo_P,20.866984207334028,5.746132873212623,38.62513156497045,FALSE
15,Suelo_P,21.65602791257174,5.746132873212623,38.62513156497045,FALSE
16,Suelo_P,17.16568873879705,5.746132873212623,38.62513156497045,FALSE
17,Suelo_P,16.984244434043607,5.746132873212623,38.62513156497045,FALSE
18,Suelo_P,17.738206878881982,5.746132873212623,38.62513156497045,FALSE
19,Suelo_P,16.05217296569518,5.746132873212623,38.62513156497045,FALSE
20,Suelo_P,12.215007861599805,5.746132873212623,38.62513156497045,FALSE
21,Suelo_P,19.499108760555256,5.746132873212623,38.62513156497045,FALSE
22,Suelo_P,22.510711138719692,5.746132873212623,38.62513156497045,FALSE
23,Suelo_P,17.648656674545162,5.746132873212623,38.62513156497045,FALSE
24,Suelo_P,26.200105430127255,5.746132873212623,38.62513156497045,FALSE
25,Suelo_P,25.326578967775372,5.746132873212623,38.62513156497045,FALSE
26,Suelo_P,28.36166907241274,5.746132873212623,38.62513156497045,FALSE
27,Suelo_P,34.762463810698314,5.746132873212623,38.62513156497045,FALSE
28,Suelo_P,32.88484736563646,5.746132873212623,38.62513156497045,FALSE
29,Suelo_P,32.599996026109245,5.746132873212623,38.62513156497045,FALSE
30,Suelo_P,28.378436944740066,5.746132873212623,38.62513156497045,FALSE
31,Suelo_P,26.282479916542062,5.746132873212623,38.62513156497045,FALSE
32,Suelo_P,18.522970665932903,5.746132873212623,38.62513156497045,FALSE
33,Suelo_P,23.650899525702513,5.746132873212623,38.62513156497045,FALSE
34,Suelo_P,20.624922736594954,5.746132873212623,38.62513156497045,FALSE
35,Suelo_P,30.20570722286271,5.746132873212623,38.62513156497045,FALSE
36,Suelo_P,25.802104223548298,5.746132873212623,38.62513156497045,FALSE
37,Suelo_P,11.910044883022156,5.746132873212623,38.62513156497045,FALSE
38,Suelo_P,20.9846774760165,5.746132873212623,38.62513156497045,FALSE
39,Suelo_P,24.008035062235408,5.746132873212623,38.62513156497045,FALSE
40,Suelo_P,20.867765845073283,5.746132873212623,38.62513156497045,FALSE
41,Suelo_P,23.927717431718307,5.746132873212623,38.62513156497045,FALSE
42,Suelo_P,22.435996795891672,5.746132873212623,38.62513156497045,FALSE
43,Suelo_P,23.610598726230702,5.746132873212623,38.62513156497045,FALSE
44,Suelo_P,24.189551566518677,5.746132873212623,38.62513156497045,FALSE
45,Suelo_P,23.76125323608293,5.746132873212623,38.62513156497045,FALSE
46,Suelo_P,25.34556469232888,5.746132873212623,38.62513156497045,FALSE
47,Suelo_P,22.87395482604952,5.746132873212623,38.62513156497045,FALSE
48,Suelo_P,18.120869755194413,5.746132873212623,38.62513156497045,FALSE
49,Suelo_P,26.334588472618876,5.746132873212623,38.62513156497045,FALSE
50,Suelo_P,27.598567677766354,5.746132873212623,38.62513156497045,FALSE
51,Suelo_P,23.028856445181873,5.746132873212623,38.62513156497045,FALSE
52,Suelo_P,22.065631172485908,5.746132873212623,38.62513156497045,FALSE
53,Suelo_P,19.63696663157556,5.746132873212623,38.62513156497045,FALSE
54,Suelo_P,23.73661571011339,5.746132873212623,38.62513156497045,FALSE
55,Suelo_P,25.910174385632427,5.746132873212623,38.62513156497045,FALSE
56,Suelo_P,30.478867544831353,5.746132873212623,38.62513156497045,FALSE
1,Suelo_K,64.70673585216969,14.331215074921861,75.93526567403921,FALSE
2,Suelo_K,67.21999493961627,14.331215074921861,75.93526567403921,FALSE
3,Suelo_K,59.09602907016894,14.331215074921861,75.93526567403921,FALSE
4,Suelo_K,53.581284404288716,14.331215074921861,75.93526567403921,FALSE
5,Suelo_K,60.05966081203442,14.331215074921861,75.93526567403921,FALSE
6,Suelo_K,29.460809057147817,14.331215074921861,75.93526567403921,FALSE
7,Suelo_K,39.99255671661046,14.331215074921861,75.93526567403921,FALSE
8,Suelo_K,36.68296721220198,14.331215074921861,75.93526567403921,FALSE
9,Suelo_K,26.446414214170325,14.331215074921861,75.93526567403921,FALSE
10,Suelo_K,31.333473314183614,14.331215074921861,75.93526567403921,FALSE
11,Suelo_K,26.27119483133049,14.331215074921861,75.93526567403921,FALSE
12,Suelo_K,31.321462867702863,14.331215074921861,75.93526567403921,FALSE
13,Suelo_K,28.80742594513706,14.331215074921861,75.93526567403921,FALSE
14,Suelo_K,42.67746640007951,14.331215074921861,75.93526567403921,FALSE
15,Suelo_K,44.04155765452988,14.331215074921861,75.93526567403921,FALSE
16,Suelo_K,35.39507101505339,14.331215074921861,75.93526567403921,FALSE
17,Suelo_K,34.49482236840592,14.331215074921861,75.93526567403921,FALSE
18,Suelo_K,36.220590190047126,14.331215074921861,75.93526567403921,FALSE
19,Suelo_K,33.216993375202875,14.331215074921861,75.93526567403921,FALSE
20,Suelo_K,25.14689648991577,14.331215074921861,75.93526567403921,FALSE
21,Suelo_K,39.7143568280938,14.331215074921861,75.93526567403921,FALSE
22,Suelo_K,45.32212661886285,14.331215074921861,75.93526567403921,FALSE
23,Suelo_K,35.44873722959188,14.331215074921861,75.93526567403921,FALSE
24,Suelo_K,52.566904640460635,14.331215074921861,75.93526567403921,FALSE
25,Suelo_K,50.507535519646744,14.331215074921861,75.93526567403921,FALSE
26,Suelo_K,57.3018633136179,14.331215074921861,75.93526567403921,FALSE
27,Suelo_K,70.29822852883609,14.331215074921861,75.93526567403921,FALSE
28,Suelo_K,66.53310510692116,14.331215074921861,75.93526567403921,FALSE
29,Suelo_K,65.97664102156239,14.331215074921861,75.93526567403921,FALSE
30,Suelo_K,57.024401066147774,14.331215074921861,75.93526567403921,FALSE
31,Suelo_K,52.72037646258289,14.331215074921861,75.93526567403921,FALSE
32,Suelo_K,37.89851268036552,14.331215074921861,75.93526567403921,FALSE
33,Suelo_K,47.93557930942905,14.331215074921861,75.93526567403921,FALSE
34,Suelo_K,41.43281521066445,14.331215074921861,75.93526567403921,FALSE
35,Suelo_K,61.14814020345857,14.331215074921861,75.93526567403921,FALSE
36,Suelo_K,51.98373933827696,14.331215074921861,75.93526567403921,FALSE
37,Suelo_K,25.5489102087029,14.331215074921861,75.93526567403921,FALSE
38,Suelo_K,43.42859168005735,14.331215074921861,75.93526567403921,FALSE
39,Suelo_K,48.48168930321162,14.331215074921861,75.93526567403921,FALSE
40,Suelo_K,42.694481335514574,14.331215074921861,75.93526567403921,FALSE
41,Suelo_K,49.5427734555225,14.331215074921861,75.93526567403921,FALSE
42,Suelo_K,45.30510053468727,14.331215074921861,75.93526567403921,FALSE
43,Suelo_K,47.60023961859808,14.331215074921861,75.93526567403921,FALSE
44,Suelo_K,49.33806394464203,14.331215074921861,75.93526567403921,FALSE
45,Suelo_K,48.39161924588045,14.331215074921861,75.93526567403921,FALSE
46,Suelo_K,51.26088032070851,14.331215074921861,75.93526567403921,FALSE
47,Suelo_K,46.90070074451129,14.331215074921861,75.93526567403921,FALSE
48,Suelo_K,37.6826563287205,14.331215074921861,75.93526567403921,FALSE
49,Suelo_K,53.17385740973218,14.331215074921861,75.93526567403921,FALSE
50,Suelo_K,55.73599966372686,14.331215074921861,75.93526567403921,FALSE
51,Suelo_K,46.51699711271385,14.331215074921861,75.93526567403921,FALSE
52,Suelo_K,44.98154834421699,14.331215074921861,75.93526567403921,FALSE
53,Suelo_K,40.1047884150544,14.331215074921861,75.93526567403921,FALSE
54,Suelo_K,47.82461431167745,14.331215074921861,75.93526567403921,FALSE
55,Suelo_K,52.057169240358554,14.331215074921861,75.93526567403921,FALSE
56,Suelo_K,61.612798291081795,14.331215074921861,75.93526567403921,FALSE
1,Suelo_pH,8.360371652669484,4.55016300716845,10.801279839084234,FALSE
2,Suelo_pH,8.217142527949312,4.55016300716845,10.801279839084234,FALSE
3,Suelo_pH,8.231251924454888,4.55016300716845,10.801279839084234,FALSE
4,Suelo_pH,7.42520932324566,4.55016300716845,10.801279839084234,FALSE
5,Suelo_pH,7.0918728539374545,4.55016300716845,10.801279839084234,FALSE
6,Suelo_pH,8.352391409188108,4.55016300716845,10.801279839084234,FALSE
7,Suelo_pH,7.1257731622419325,4.55016300716845,10.801279839084234,FALSE
8,Suelo_pH,8.676340309296256,4.55016300716845,10.801279839084234,FALSE
9,Suelo_pH,8.355867033529973,4.55016300716845,10.801279839084234,FALSE
10,Suelo_pH,7.019653100617845,4.55016300716845,10.801279839084234,FALSE
11,Suelo_pH,6.212117508429258,4.55016300716845,10.801279839084234,FALSE
12,Suelo_pH,6.534018154170608,4.55016300716845,10.801279839084234,FALSE
13,Suelo_pH,6.823911223043582,4.55016300716845,10.801279839084234,FALSE
14,Suelo_pH,7.041364067333705,4.55016300716845,10.801279839084234,FALSE
15,Suelo_pH,6.8348240819865955,4.55016300716845,10.801279839084234,FALSE
16,Suelo_pH,6.543405977416025,4.55016300716845,10.801279839084234,FALSE
17,Suelo_pH,7.150641894744437,4.55016300716845,10.801279839084234,FALSE
18,Suelo_pH,6.911888973434174,4.55016300716845,10.801279839084234,FALSE
19,Suelo_pH,6.619416589371271,4.55016300716845,10.801279839084234,FALSE
20,Suelo_pH,8.618405408688286,4.55016300716845,10.801279839084234,FALSE
21,Suelo_pH,9.06164002492853,4.55016300716845,10.801279839084234,FALSE
22,Suelo_pH,6.798711077414722,4.55016300716845,10.801279839084234,FALSE
23,Suelo_pH,8.670240740899265,4.55016300716845,10.801279839084234,FALSE
24,Suelo_pH,7.066919836938569,4.55016300716845,10.801279839084234,FALSE
25,Suelo_pH,7.020968261576204,4.55016300716845,10.801279839084234,FALSE
26,Suelo_pH,8.589729757483079,4.55016300716845,10.801279839084234,FALSE
27,Suelo_pH,8.532817089257899,4.55016300716845,10.801279839084234,FALSE
28,Suelo_pH,8.598419743679832,4.55016300716845,10.801279839084234,FALSE
29,Suelo_pH,8.54937924767802,4.55016300716845,10.801279839084234,FALSE
30,Suelo_pH,8.67311239861547,4.55016300716845,10.801279839084234,FALSE
31,Suelo_pH,8.693843336757977,4.55016300716845,10.801279839084234,FALSE
32,Suelo_pH,6.6933551093884605,4.55016300716845,10.801279839084234,FALSE
33,Suelo_pH,6.6013683990650165,4.55016300716845,10.801279839084234,FALSE
34,Suelo_pH,8.638052762327872,4.55016300716845,10.801279839084234,FALSE
35,Suelo_pH,6.680445520543301,4.55016300716845,10.801279839084234,FALSE
36,Suelo_pH,8.667666223947801,4.55016300716845,10.801279839084234,FALSE
37,Suelo_pH,8.567286987597425,4.55016300716845,10.801279839084234,FALSE
38,Suelo_pH,6.631368433301368,4.55016300716845,10.801279839084234,FALSE
39,Suelo_pH,7.475420374491737,4.55016300716845,10.801279839084234,FALSE
40,Suelo_pH,8.317815276870693,4.55016300716845,10.801279839084234,FALSE
41,Suelo_pH,6.493447803874131,4.55016300716845,10.801279839084234,FALSE
42,Suelo_pH,6.616224100728196,4.55016300716845,10.801279839084234,FALSE
43,Suelo_pH,6.934701451703636,4.55016300716845,10.801279839084234,FALSE
44,Suelo_pH,6.841660356244952,4.55016300716845,10.801279839084234,FALSE
45,Suelo_pH,8.450982683866304,4.55016300716845,10.801279839084234,FALSE
46,Suelo_pH,8.133049562655302,4.55016300716845,10.801279839084234,FALSE
47,Suelo_pH,7.067695768867427,4.55016300716845,10.801279839084234,FALSE
48,Suelo_pH,8.168347282392022,4.55016300716845,10.801279839084234,FALSE
49,Suelo_pH,8.475496056864344,4.55016300716845,10.801279839084234,FALSE
50,Suelo_pH,6.998413441942849,4.55016300716845,10.801279839084234,FALSE
51,Suelo_pH,8.261402224406721,4.55016300716845,10.801279839084234,FALSE
52,Suelo_pH,7.002848472223735,4.55016300716845,10.801279839084234,FALSE
53,Suelo_pH,7.114376127756552,4.55016300716845,10.801279839084234,FALSE
54,Suelo_pH,8.349157243537224,4.55016300716845,10.801279839084234,FALSE
55,Suelo_pH,8.449226259820819,4.55016300716845,10.801279839084234,FALSE
56,Suelo_pH,8.299016280380203,4.55016300716845,10.801279839084234,FALSE
1,Suelo_T,16.390856305908574,15.843135495969952,17.07638857286498,FALSE
2,Suelo_T,16.36011865982005,15.843135495969952,17.07638857286498,FALSE
3,Suelo_T,16.304335526651716,15.843135495969952,17.07638857286498,FALSE
4,Suelo_T,16.333889117557277,15.843135495969952,17.07638857286498,FALSE
5,Suelo_T,16.457688607156356,15.843135495969952,17.07638857286498,FALSE
6,Suelo_T,16.006800261883832,15.843135495969952,17.07638857286498,FALSE
7,Suelo_T,15.935461193644215,15.843135495969952,17.07638857286498,FALSE
8,Suelo_T,15.629953510551685,15.843135495969952,17.07638857286498,TRUE
9,Suelo_T,16.219063677723863,15.843135495969952,17.07638857286498,FALSE
10,Suelo_T,16.297675315344055,15.843135495969952,17.07638857286498,FALSE
11,Suelo_T,15.845158233713603,15.843135495969952,17.07638857286498,FALSE
12,Suelo_T,16.24488757423928,15.843135495969952,17.07638857286498,FALSE
13,Suelo_T,16.587488417945256,15.843135495969952,17.07638857286498,FALSE
14,Suelo_T,16.34828161043097,15.843135495969952,17.07638857286498,FALSE
15,Suelo_T,16.45210968892871,15.843135495969952,17.07638857286498,FALSE
16,Suelo_T,16.404440793303923,15.843135495969952,17.07638857286498,FALSE
17,Suelo_T,16.108180467084274,15.843135495969952,17.07638857286498,FALSE
18,Suelo_T,16.411153349030926,15.843135495969952,17.07638857286498,FALSE
19,Suelo_T,16.35445327649193,15.843135495969952,17.07638857286498,FALSE
20,Suelo_T,15.996168585176823,15.843135495969952,17.07638857286498,FALSE
21,Suelo_T,16.222399562334573,15.843135495969952,17.07638857286498,FALSE
22,Suelo_T,16.249920116280524,15.843135495969952,17.07638857286498,FALSE
23,Suelo_T,16.38293786938734,15.843135495969952,17.07638857286498,FALSE
24,Suelo_T,16.513726474009,15.843135495969952,17.07638857286498,FALSE
25,Suelo_T,16.337856589118964,15.843135495969952,17.07638857286498,FALSE
26,Suelo_T,16.306028690856877,15.843135495969952,17.07638857286498,FALSE
27,Suelo_T,16.29326404711778,15.843135495969952,17.07638857286498,FALSE
28,Suelo_T,16.553360689663215,15.843135495969952,17.07638857286498,FALSE
29,Suelo_T,16.555892325811563,15.843135495969952,17.07638857286498,FALSE
30,Suelo_T,16.59755296532245,15.843135495969952,17.07638857286498,FALSE
31,Suelo_T,17.13188575892372,15.843135495969952,17.07638857286498,TRUE
32,Suelo_T,17.217162578176637,15.843135495969952,17.07638857286498,TRUE
33,Suelo_T,16.88959875188627,15.843135495969952,17.07638857286498,FALSE
34,Suelo_T,17.266533371940447,15.843135495969952,17.07638857286498,TRUE
35,Suelo_T,16.929640308754806,15.843135495969952,17.07638857286498,FALSE
36,Suelo_T,16.95038721713169,15.843135495969952,17.07638857286498,FALSE
37,Suelo_T,17.095034890751798,15.843135495969952,17.07638857286498,TRUE
38,Suelo_T,16.26624602182283,15.843135495969952,17.07638857286498,FALSE
39,Suelo_T,16.569129671904555,15.843135495969952,17.07638857286498,FALSE
40,Suelo_T,16.84853679988465,15.843135495969952,17.07638857286498,FALSE
41,Suelo_T,16.319340574133697,15.843135495969952,17.07638857286498,FALSE
42,Suelo_T,16.458807870927757,15.843135495969952,17.07638857286498,FALSE
43,Suelo_T,16.47939119316805,15.843135495969952,17.07638857286498,FALSE
44,Suelo_T,16.530103495043477,15.843135495969952,17.07638857286498,FALSE
45,Suelo_T,16.596337119273574,15.843135495969952,17.07638857286498,FALSE
46,Suelo_T,16.42002005507297,15.843135495969952,17.07638857286498,FALSE
47,Suelo_T,16.520251381960204,15.843135495969952,17.07638857286498,FALSE
48,Suelo_T,16.717538904966478,15.843135495969952,17.07638857286498,FALSE
49,Suelo_T,16.660593379482005,15.843135495969952,17.07638857286498,FALSE
50,Suelo_T,16.62503709663575,15.843135495969952,17.07638857286498,FALSE
51,Suelo_T,16.71447169759264,15.843135495969952,17.07638857286498,FALSE
52,Suelo_T,16.739859540222213,15.843135495969952,17.07638857286498,FALSE
53,Suelo_T,16.968217113342373,15.843135495969952,17.07638857286498,FALSE
54,Suelo_T,16.61021252649387,15.843135495969952,17.07638857286498,FALSE
55,Suelo_T,16.515090257826976,15.843135495969952,17.07638857286498,FALSE
56,Suelo_T,16.57371549283729,15.843135495969952,17.07638857286498,FALSE
1,Suelo_Hv,14.840328765734377,14.680174549033797,14.850353642688663,FALSE
2,Suelo_Hv,14.772671519790729,14.680174549033797,14.850353642688663,FALSE
3,Suelo_Hv,14.759608853712594,14.680174549033797,14.850353642688663,FALSE
4,Suelo_Hv,14.826978230382531,14.680174549033797,14.850353642688663,FALSE
5,Suelo_Hv,14.726391360087236,14.680174549033797,14.850353642688663,FALSE
6,Suelo_Hv,15.03269131416882,14.680174549033797,14.850353642688663,TRUE
7,Suelo_Hv,14.733609465511103,14.680174549033797,14.850353642688663,FALSE
8,Suelo_Hv,14.541577600093,14.680174549033797,14.850353642688663,TRUE
9,Suelo_Hv,14.745240864528704,14.680174549033797,14.850353642688663,FALSE
10,Suelo_Hv,14.693171625422769,14.680174549033797,14.850353642688663,FALSE
11,Suelo_Hv,14.586305647917328,14.680174549033797,14.850353642688663,TRUE
12,Suelo_Hv,14.779971419273359,14.680174549033797,14.850353642688663,FALSE
13,Suelo_Hv,15.030052093858945,14.680174549033797,14.850353642688663,TRUE
14,Suelo_Hv,14.691481955342187,14.680174549033797,14.850353642688663,FALSE
15,Suelo_Hv,14.771259660054069,14.680174549033797,14.850353642688663,FALSE
16,Suelo_Hv,14.774624934352808,14.680174549033797,14.850353642688663,FALSE
17,Suelo_Hv,14.776197480845244,14.680174549033797,14.850353642688663,FALSE
18,Suelo_Hv,14.771366557204301,14.680174549033797,14.850353642688663,FALSE
19,Suelo_Hv,14.728083828448181,14.680174549033797,14.850353642688663,FALSE
20,Suelo_Hv,14.736776045855486,14.680174549033797,14.850353642688663,FALSE
21,Suelo_Hv,14.770859378318859,14.680174549033797,14.850353642688663,FALSE
22,Suelo_Hv,14.769496169007805,14.680174549033797,14.850353642688663,FALSE
23,Suelo_Hv,14.80213411241923,14.680174549033797,14.850353642688663,FALSE
24,Suelo_Hv,14.771244702156883,14.680174549033797,14.850353642688663,FALSE
25,Suelo_Hv,14.774673330269287,14.680174549033797,14.850353642688663,FALSE
26,Suelo_Hv,14.740244243031377,14.680174549033797,14.850353642688663,FALSE
27,Suelo_Hv,14.818866518158394,14.680174549033797,14.850353642688663,FALSE
28,Suelo_Hv,14.785946992859733,14.680174549033797,14.850353642688663,FALSE
29,Suelo_Hv,14.278038013040021,14.680174549033797,14.850353642688663,TRUE
30,Suelo_Hv,14.758842554034423,14.680174549033797,14.850353642688663,FALSE
31,Suelo_Hv,15.473366317610523,14.680174549033797,14.850353642688663,TRUE
32,Suelo_Hv,13.192515236975582,14.680174549033797,14.850353642688663,TRUE
33,Suelo_Hv,14.962808925389428,14.680174549033797,14.850353642688663,TRUE
34,Suelo_Hv,14.756739558849672,14.680174549033797,14.850353642688663,FALSE
35,Suelo_Hv,15.21210180877236,14.680174549033797,14.850353642688663,TRUE
36,Suelo_Hv,14.767257461653461,14.680174549033797,14.850353642688663,FALSE
37,Suelo_Hv,14.238334138657187,14.680174549033797,14.850353642688663,TRUE
38,Suelo_Hv,14.76168545262504,14.680174549033797,14.850353642688663,FALSE
39,Suelo_Hv,14.830855972565306,14.680174549033797,14.850353642688663,FALSE
40,Suelo_Hv,15.00214330744854,14.680174549033797,14.850353642688663,TRUE
41,Suelo_Hv,16.300318901746977,14.680174549033797,14.850353642688663,TRUE
42,Suelo_Hv,14.838557267230524,14.680174549033797,14.850353642688663,FALSE
43,Suelo_Hv,14.77447718229922,14.680174549033797,14.850353642688663,FALSE
44,Suelo_Hv,14.771440404066292,14.680174549033797,14.850353642688663,FALSE
45,Suelo_Hv,14.771509758998496,14.680174549033797,14.850353642688663,FALSE
46,Suelo_Hv,14.77185603034208,14.680174549033797,14.850353642688663,FALSE
47,Suelo_Hv,14.771425110311512,14.680174549033797,14.850353642688663,FALSE
48,Suelo_Hv,14.77098792792661,14.680174549033797,14.850353642688663,FALSE
49,Suelo_Hv,14.77120636943765,14.680174549033797,14.850353642688663,FALSE
50,Suelo_Hv,14.771442654143952,14.680174549033797,14.850353642688663,FALSE
51,Suelo_Hv,14.771407308141105,14.680174549033797,14.850353642688663,FALSE
52,Suelo_Hv,14.78830495169316,14.680174549033797,14.850353642688663,FALSE
53,Suelo_Hv,14.723062330157436,14.680174549033797,14.850353642688663,FALSE
54,Suelo_Hv,14.7725972264649,14.680174549033797,14.850353642688663,FALSE
55,Suelo_Hv,14.77112535472331,14.680174549033797,14.850353642688663,FALSE
56,Suelo_Hv,14.722571869669686,14.680174549033797,14.850353642688663,FALSE
