Variable_suelo,Variable_cultivo,Escenario,Clase_distancia,n_pares,Distancia_media_m,Asociacion_cruzada_media,DE_asociacion
Suelo_CE,Altura,Original,"[1.82,5.4]",257,3.6451846732626887,-0.11133219730552799,0.6436997469767821
Suelo_CE,Altura,Original,"(5.4,8.07]",259,6.701124478376243,-0.10327103845669464,0.5412149023252936
Suelo_CE,Altura,Original,"(8.07,11.2]",254,9.731098454161252,-0.10148658605731638,0.5820562274364989
Suelo_CE,Altura,Original,"(11.2,15.9]",257,13.789795449215488,-0.08910015159033426,0.6641244322272809
Suelo_CE,Altura,Original,"(15.9,21.8]",258,18.87249627748128,0.014519671445134453,0.7091182001303659
Suelo_CE,Altura,Original,"(21.8,34.9]",255,26.95148510136917,0.4082118773588234,0.8530541083016995
Suelo_CE,Altura,Residual_ajustado,"[1.82,5.4]",257,3.6451846732626887,0.027600101285908337,0.6901464975839211
Suelo_CE,Altura,Residual_ajustado,"(5.4,8.07]",259,6.701124478376243,-0.05970069413426835,0.680849238897828
Suelo_CE,Altura,Residual_ajustado,"(8.07,11.2]",254,9.731098454161252,0.09597493268406987,0.6826900583396456
Suelo_CE,Altura,Residual_ajustado,"(11.2,15.9]",257,13.789795449215488,-0.09838145421400157,0.6733189591857708
Suelo_CE,Altura,Residual_ajustado,"(15.9,21.8]",258,18.87249627748128,0.017910426136659587,0.6608006062082236
Suelo_CE,Altura,Residual_ajustado,"(21.8,34.9]",255,26.95148510136917,0.01437265624268062,0.7345461041519682
Suelo_CE,Calcio_savia,Original,"[1.82,5.4]",257,3.6451846732626887,-0.47029841111473064,0.7734311981867914
Suelo_CE,Calcio_savia,Original,"(5.4,8.07]",259,6.701124478376243,-0.31967043653490423,0.6249607777318733
Suelo_CE,Calcio_savia,Original,"(8.07,11.2]",254,9.731098454161252,-0.1325650921373332,0.49952388255126834
Suelo_CE,Calcio_savia,Original,"(11.2,15.9]",257,13.789795449215488,-0.006416235284434288,0.5606865812533596
Suelo_CE,Calcio_savia,Original,"(15.9,21.8]",258,18.87249627748128,0.30477200036318497,0.6849833189423263
Suelo_CE,Calcio_savia,Original,"(21.8,34.9]",255,26.95148510136917,0.6776391870608188,0.7171721147452262
Suelo_CE,Calcio_savia,Residual_ajustado,"[1.82,5.4]",257,3.6451846732626887,0.041124735530702845,0.6352243377730563
Suelo_CE,Calcio_savia,Residual_ajustado,"(5.4,8.07]",259,6.701124478376243,-0.03840079563181772,0.7197309025094912
Suelo_CE,Calcio_savia,Residual_ajustado,"(8.07,11.2]",254,9.731098454161252,2.230493653888647e-4,0.7489565534347316
Suelo_CE,Calcio_savia,Residual_ajustado,"(11.2,15.9]",257,13.789795449215488,-0.04048704408630339,0.6369850623463467
Suelo_CE,Calcio_savia,Residual_ajustado,"(15.9,21.8]",258,18.87249627748128,0.012273078902228918,0.6866834849503348
Suelo_CE,Calcio_savia,Residual_ajustado,"(21.8,34.9]",255,26.95148510136917,0.013390175192873695,0.7015593828409965
Suelo_CE,Diametro,Original,"[1.82,5.4]",257,3.6451846732626887,0.07714052678776007,0.7206784822198253
Suelo_CE,Diametro,Original,"(5.4,8.07]",259,6.701124478376243,-0.041428788480969224,0.6869310721783521
Suelo_CE,Diametro,Original,"(8.07,11.2]",254,9.731098454161252,-0.08427518283536617,0.7049051144907134
Suelo_CE,Diametro,Original,"(11.2,15.9]",257,13.789795449215488,0.06665614809529806,0.9215003215330814
Suelo_CE,Diametro,Original,"(15.9,21.8]",258,18.87249627748128,-0.0775007137562593,0.5808336509600731
Suelo_CE,Diametro,Original,"(21.8,34.9]",255,26.95148510136917,0.049228181049976324,0.4865519466365743
Suelo_CE,Diametro,Residual_ajustado,"[1.82,5.4]",257,3.6451846732626887,0.049901777220150295,0.7846936692286084
Suelo_CE,Diametro,Residual_ajustado,"(5.4,8.07]",259,6.701124478376243,-0.025889059267843118,0.6677238113478298
Suelo_CE,Diametro,Residual_ajustado,"(8.07,11.2]",254,9.731098454161252,-0.03480232027571546,0.8241770257804562
Suelo_CE,Diametro,Residual_ajustado,"(11.2,15.9]",257,13.789795449215488,0.05285964790308369,0.8180367096599279
Suelo_CE,Diametro,Residual_ajustado,"(15.9,21.8]",258,18.87249627748128,-0.09421286281456744,0.5402492962824019
Suelo_CE,Diametro,Residual_ajustado,"(21.8,34.9]",255,26.95148510136917,0.04103716630627339,0.4480446008352425
Suelo_CE,Macollas,Original,"[1.82,5.4]",257,3.6451846732626887,0.4310293104251521,0.7455534330690935
Suelo_CE,Macollas,Original,"(5.4,8.07]",259,6.701124478376243,0.35870638922060555,0.6672294248718289
Suelo_CE,Macollas,Original,"(8.07,11.2]",254,9.731098454161252,0.13834616738514993,0.6111724244719005
Suelo_CE,Macollas,Original,"(11.2,15.9]",257,13.789795449215488,-0.12249169072876903,0.6373313439818981
Suelo_CE,Macollas,Original,"(15.9,21.8]",258,18.87249627748128,-0.43580870712531244,0.7491902769533952
Suelo_CE,Macollas,Original,"(21.8,34.9]",255,26.95148510136917,-0.42575411372525446,0.7114018454508252
Suelo_CE,Macollas,Residual_ajustado,"[1.82,5.4]",257,3.6451846732626887,0.024841319478081863,0.6309520944599896
Suelo_CE,Macollas,Residual_ajustado,"(5.4,8.07]",259,6.701124478376243,0.06776490390776414,0.6691125441110396
Suelo_CE,Macollas,Residual_ajustado,"(8.07,11.2]",254,9.731098454161252,0.02336297119407682,0.6978009500468196
Suelo_CE,Macollas,Residual_ajustado,"(11.2,15.9]",257,13.789795449215488,-0.08716674536429729,0.7114649069067807
Suelo_CE,Macollas,Residual_ajustado,"(15.9,21.8]",258,18.87249627748128,-0.08237180902523997,0.7314684153273239
Suelo_CE,Macollas,Residual_ajustado,"(21.8,34.9]",255,26.95148510136917,0.04650738292885249,0.6690982116440917
Suelo_CE,NDVI,Original,"[1.82,5.4]",257,3.6451846732626887,0.03354046254218579,0.6611840320467804
Suelo_CE,NDVI,Original,"(5.4,8.07]",259,6.701124478376243,-0.08704714930707226,0.6931582716832337
Suelo_CE,NDVI,Original,"(8.07,11.2]",254,9.731098454161252,-0.11245408647278117,0.6582792759236461
Suelo_CE,NDVI,Original,"(11.2,15.9]",257,13.789795449215488,-0.01215342130012796,0.7410467586540653
Suelo_CE,NDVI,Original,"(15.9,21.8]",258,18.87249627748128,0.06353161288219562,0.7515481378133229
Suelo_CE,NDVI,Original,"(21.8,34.9]",255,26.95148510136917,0.09191658905362741,0.6839517359085422
Suelo_CE,NDVI,Residual_ajustado,"[1.82,5.4]",257,3.6451846732626887,0.1833620878760847,0.6991372656115519
Suelo_CE,NDVI,Residual_ajustado,"(5.4,8.07]",259,6.701124478376243,-0.03141784293658394,0.6692169145751072
Suelo_CE,NDVI,Residual_ajustado,"(8.07,11.2]",254,9.731098454161252,-0.02383683473078898,0.6985620319620358
Suelo_CE,NDVI,Residual_ajustado,"(11.2,15.9]",257,13.789795449215488,-0.11154730582278283,0.7167715261757295
Suelo_CE,NDVI,Residual_ajustado,"(15.9,21.8]",258,18.87249627748128,-0.15935896955209763,0.7554687761708577
Suelo_CE,NDVI,Residual_ajustado,"(21.8,34.9]",255,26.95148510136917,0.10739870456124218,0.774113033121104
Suelo_CE,Nitratos,Original,"[1.82,5.4]",257,3.6451846732626887,-0.12058037766941339,0.7475289774097413
Suelo_CE,Nitratos,Original,"(5.4,8.07]",259,6.701124478376243,0.06421677418602047,0.593279976281207
Suelo_CE,Nitratos,Original,"(8.07,11.2]",254,9.731098454161252,0.10932550671114695,0.6143847534034372
Suelo_CE,Nitratos,Original,"(11.2,15.9]",257,13.789795449215488,-0.06294268464256915,0.6502727011012313
Suelo_CE,Nitratos,Original,"(15.9,21.8]",258,18.87249627748128,-0.07611329225182675,0.6584095785490882
Suelo_CE,Nitratos,Original,"(21.8,34.9]",255,26.95148510136917,0.09957474097647598,0.8240391195489516
Suelo_CE,Nitratos,Residual_ajustado,"[1.82,5.4]",257,3.6451846732626887,-0.0234263475494443,0.6589778712144517
Suelo_CE,Nitratos,Residual_ajustado,"(5.4,8.07]",259,6.701124478376243,0.08466693645269913,0.7033017261278753
Suelo_CE,Nitratos,Residual_ajustado,"(8.07,11.2]",254,9.731098454161252,-0.021794621581801742,0.6965603275544536
Suelo_CE,Nitratos,Residual_ajustado,"(11.2,15.9]",257,13.789795449215488,-0.06412495846559048,0.7095370186500455
Suelo_CE,Nitratos,Residual_ajustado,"(15.9,21.8]",258,18.87249627748128,0.053402165371035454,0.7505575989288724
Suelo_CE,Nitratos,Residual_ajustado,"(21.8,34.9]",255,26.95148510136917,-0.009929448093935535,0.6932137111351584
Suelo_CE,Potasio_savia,Original,"[1.82,5.4]",257,3.6451846732626887,-0.34901307961123407,0.8272921030800542
Suelo_CE,Potasio_savia,Original,"(5.4,8.07]",259,6.701124478376243,-0.17089537516152128,0.6145788994751155
Suelo_CE,Potasio_savia,Original,"(8.07,11.2]",254,9.731098454161252,-0.09213491258211556,0.5709759460501135
Suelo_CE,Potasio_savia,Original,"(11.2,15.9]",257,13.789795449215488,-0.028257940923439223,0.5798550867921478
Suelo_CE,Potasio_savia,Original,"(15.9,21.8]",258,18.87249627748128,0.2618929006308761,0.7707973868720948
Suelo_CE,Potasio_savia,Original,"(21.8,34.9]",255,26.95148510136917,0.4276321732841861,0.8074511709777572
Suelo_CE,Potasio_savia,Residual_ajustado,"[1.82,5.4]",257,3.6451846732626887,-0.08809932077602557,0.7671945775745741
Suelo_CE,Potasio_savia,Residual_ajustado,"(5.4,8.07]",259,6.701124478376243,0.12821406965611956,0.6899500168720162
Suelo_CE,Potasio_savia,Residual_ajustado,"(8.07,11.2]",254,9.731098454161252,-0.00968046224044761,0.7150430755928167
Suelo_CE,Potasio_savia,Residual_ajustado,"(11.2,15.9]",257,13.789795449215488,-0.03961723562223897,0.7150197593823837
Suelo_CE,Potasio_savia,Residual_ajustado,"(15.9,21.8]",258,18.87249627748128,0.10321762079157362,0.7702209225238213
Suelo_CE,Potasio_savia,Residual_ajustado,"(21.8,34.9]",255,26.95148510136917,-0.05692363755654253,0.7115809848273376
Suelo_CE_corregida_OLS,Altura,Original,"[1.82,5.4]",257,3.6451846732626887,-0.1113321973055277,0.6436997469767821
Suelo_CE_corregida_OLS,Altura,Original,"(5.4,8.07]",259,6.701124478376243,-0.10327103845669305,0.5412149023252955
Suelo_CE_corregida_OLS,Altura,Original,"(8.07,11.2]",254,9.731098454161252,-0.10148658605731453,0.5820562274365004
Suelo_CE_corregida_OLS,Altura,Original,"(11.2,15.9]",257,13.789795449215488,-0.0891001515903347,0.6641244322272789
Suelo_CE_corregida_OLS,Altura,Original,"(15.9,21.8]",258,18.87249627748128,0.01451967144513406,0.7091182001303648
Suelo_CE_corregida_OLS,Altura,Original,"(21.8,34.9]",255,26.95148510136917,0.4082118773588214,0.8530541083017027
Suelo_CE_corregida_OLS,Altura,Residual_ajustado,"[1.82,5.4]",257,3.6451846732626887,0.027600101285906658,0.6901464975839168
Suelo_CE_corregida_OLS,Altura,Residual_ajustado,"(5.4,8.07]",259,6.701124478376243,-0.05970069413426603,0.6808492388978271
Suelo_CE_corregida_OLS,Altura,Residual_ajustado,"(8.07,11.2]",254,9.731098454161252,0.09597493268407097,0.6826900583396512
Suelo_CE_corregida_OLS,Altura,Residual_ajustado,"(11.2,15.9]",257,13.789795449215488,-0.09838145421400121,0.6733189591857677
Suelo_CE_corregida_OLS,Altura,Residual_ajustado,"(15.9,21.8]",258,18.87249627748128,0.01791042613665872,0.6608006062082254
Suelo_CE_corregida_OLS,Altura,Residual_ajustado,"(21.8,34.9]",255,26.95148510136917,0.014372656242680755,0.7345461041519659
Suelo_CE_corregida_OLS,Calcio_savia,Original,"[1.82,5.4]",257,3.6451846732626887,-0.4702984111147267,0.7734311981867912
Suelo_CE_corregida_OLS,Calcio_savia,Original,"(5.4,8.07]",259,6.701124478376243,-0.3196704365349044,0.6249607777318762
Suelo_CE_corregida_OLS,Calcio_savia,Original,"(8.07,11.2]",254,9.731098454161252,-0.1325650921373338,0.4995238825512687
Suelo_CE_corregida_OLS,Calcio_savia,Original,"(11.2,15.9]",257,13.789795449215488,-0.006416235284434496,0.5606865812533557
Suelo_CE_corregida_OLS,Calcio_savia,Original,"(15.9,21.8]",258,18.87249627748128,0.3047720003631823,0.6849833189423257
Suelo_CE_corregida_OLS,Calcio_savia,Original,"(21.8,34.9]",255,26.95148510136917,0.6776391870608183,0.7171721147452289
Suelo_CE_corregida_OLS,Calcio_savia,Residual_ajustado,"[1.82,5.4]",257,3.6451846732626887,0.041124735530703053,0.6352243377730564
Suelo_CE_corregida_OLS,Calcio_savia,Residual_ajustado,"(5.4,8.07]",259,6.701124478376243,-0.03840079563181809,0.7197309025094899
Suelo_CE_corregida_OLS,Calcio_savia,Residual_ajustado,"(8.07,11.2]",254,9.731098454161252,2.2304936538851148e-4,0.7489565534347334
Suelo_CE_corregida_OLS,Calcio_savia,Residual_ajustado,"(11.2,15.9]",257,13.789795449215488,-0.040487044086303305,0.6369850623463479
Suelo_CE_corregida_OLS,Calcio_savia,Residual_ajustado,"(15.9,21.8]",258,18.87249627748128,0.012273078902229104,0.6866834849503338
Suelo_CE_corregida_OLS,Calcio_savia,Residual_ajustado,"(21.8,34.9]",255,26.95148510136917,0.013390175192873223,0.7015593828410018
Suelo_CE_corregida_OLS,Diametro,Original,"[1.82,5.4]",257,3.6451846732626887,0.07714052678775994,0.7206784822198187
Suelo_CE_corregida_OLS,Diametro,Original,"(5.4,8.07]",259,6.701124478376243,-0.04142878848096824,0.6869310721783485
Suelo_CE_corregida_OLS,Diametro,Original,"(8.07,11.2]",254,9.731098454161252,-0.0842751828353664,0.7049051144907195
Suelo_CE_corregida_OLS,Diametro,Original,"(11.2,15.9]",257,13.789795449215488,0.06665614809529732,0.9215003215330835
Suelo_CE_corregida_OLS,Diametro,Original,"(15.9,21.8]",258,18.87249627748128,-0.07750071375625862,0.580833650960077
Suelo_CE_corregida_OLS,Diametro,Original,"(21.8,34.9]",255,26.95148510136917,0.049228181049975485,0.48655194663657597
Suelo_CE_corregida_OLS,Diametro,Residual_ajustado,"[1.82,5.4]",257,3.6451846732626887,0.04990177722015075,0.7846936692286045
Suelo_CE_corregida_OLS,Diametro,Residual_ajustado,"(5.4,8.07]",259,6.701124478376243,-0.025889059267842324,0.6677238113478268
Suelo_CE_corregida_OLS,Diametro,Residual_ajustado,"(8.07,11.2]",254,9.731098454161252,-0.034802320275717835,0.8241770257804606
Suelo_CE_corregida_OLS,Diametro,Residual_ajustado,"(11.2,15.9]",257,13.789795449215488,0.05285964790308433,0.8180367096599311
Suelo_CE_corregida_OLS,Diametro,Residual_ajustado,"(15.9,21.8]",258,18.87249627748128,-0.0942128628145673,0.540249296282401
Suelo_CE_corregida_OLS,Diametro,Residual_ajustado,"(21.8,34.9]",255,26.95148510136917,0.04103716630627333,0.44804460083524533
Suelo_CE_corregida_OLS,Macollas,Original,"[1.82,5.4]",257,3.6451846732626887,0.43102931042514864,0.7455534330690894
Suelo_CE_corregida_OLS,Macollas,Original,"(5.4,8.07]",259,6.701124478376243,0.35870638922060627,0.6672294248718303
Suelo_CE_corregida_OLS,Macollas,Original,"(8.07,11.2]",254,9.731098454161252,0.13834616738515143,0.611172424471898
Suelo_CE_corregida_OLS,Macollas,Original,"(11.2,15.9]",257,13.789795449215488,-0.1224916907287682,0.6373313439818892
Suelo_CE_corregida_OLS,Macollas,Original,"(15.9,21.8]",258,18.87249627748128,-0.43580870712531083,0.749190276953396
Suelo_CE_corregida_OLS,Macollas,Original,"(21.8,34.9]",255,26.95148510136917,-0.4257541137252552,0.7114018454508302
Suelo_CE_corregida_OLS,Macollas,Residual_ajustado,"[1.82,5.4]",257,3.6451846732626887,0.02484131947808108,0.6309520944599872
Suelo_CE_corregida_OLS,Macollas,Residual_ajustado,"(5.4,8.07]",259,6.701124478376243,0.0677649039077658,0.6691125441110344
Suelo_CE_corregida_OLS,Macollas,Residual_ajustado,"(8.07,11.2]",254,9.731098454161252,0.02336297119407821,0.6978009500468224
Suelo_CE_corregida_OLS,Macollas,Residual_ajustado,"(11.2,15.9]",257,13.789795449215488,-0.0871667453642961,0.7114649069067777
Suelo_CE_corregida_OLS,Macollas,Residual_ajustado,"(15.9,21.8]",258,18.87249627748128,-0.08237180902524299,0.7314684153273252
Suelo_CE_corregida_OLS,Macollas,Residual_ajustado,"(21.8,34.9]",255,26.95148510136917,0.04650738292885329,0.6690982116440924
Suelo_CE_corregida_OLS,NDVI,Original,"[1.82,5.4]",257,3.6451846732626887,0.03354046254218853,0.661184032046775
Suelo_CE_corregida_OLS,NDVI,Original,"(5.4,8.07]",259,6.701124478376243,-0.08704714930707101,0.6931582716832357
Suelo_CE_corregida_OLS,NDVI,Original,"(8.07,11.2]",254,9.731098454161252,-0.11245408647278327,0.6582792759236477
Suelo_CE_corregida_OLS,NDVI,Original,"(11.2,15.9]",257,13.789795449215488,-0.012153421300128557,0.7410467586540637
Suelo_CE_corregida_OLS,NDVI,Original,"(15.9,21.8]",258,18.87249627748128,0.06353161288219493,0.7515481378133227
Suelo_CE_corregida_OLS,NDVI,Original,"(21.8,34.9]",255,26.95148510136917,0.09191658905362675,0.683951735908548
Suelo_CE_corregida_OLS,NDVI,Residual_ajustado,"[1.82,5.4]",257,3.6451846732626887,0.18336208787608693,0.6991372656115509
Suelo_CE_corregida_OLS,NDVI,Residual_ajustado,"(5.4,8.07]",259,6.701124478376243,-0.031417842936581786,0.6692169145751033
Suelo_CE_corregida_OLS,NDVI,Residual_ajustado,"(8.07,11.2]",254,9.731098454161252,-0.02383683473079123,0.6985620319620387
Suelo_CE_corregida_OLS,NDVI,Residual_ajustado,"(11.2,15.9]",257,13.789795449215488,-0.11154730582278087,0.7167715261757277
Suelo_CE_corregida_OLS,NDVI,Residual_ajustado,"(15.9,21.8]",258,18.87249627748128,-0.1593589695521022,0.7554687761708544
Suelo_CE_corregida_OLS,NDVI,Residual_ajustado,"(21.8,34.9]",255,26.95148510136917,0.10739870456124327,0.7741130331211016
Suelo_CE_corregida_OLS,Nitratos,Original,"[1.82,5.4]",257,3.6451846732626887,-0.12058037766941372,0.7475289774097384
Suelo_CE_corregida_OLS,Nitratos,Original,"(5.4,8.07]",259,6.701124478376243,0.06421677418601919,0.5932799762812063
Suelo_CE_corregida_OLS,Nitratos,Original,"(8.07,11.2]",254,9.731098454161252,0.10932550671114756,0.6143847534034373
Suelo_CE_corregida_OLS,Nitratos,Original,"(11.2,15.9]",257,13.789795449215488,-0.06294268464256804,0.6502727011012327
Suelo_CE_corregida_OLS,Nitratos,Original,"(15.9,21.8]",258,18.87249627748128,-0.07611329225182774,0.658409578549086
Suelo_CE_corregida_OLS,Nitratos,Original,"(21.8,34.9]",255,26.95148510136917,0.09957474097647659,0.8240391195489548
Suelo_CE_corregida_OLS,Nitratos,Residual_ajustado,"[1.82,5.4]",257,3.6451846732626887,-0.023426347549445666,0.6589778712144494
Suelo_CE_corregida_OLS,Nitratos,Residual_ajustado,"(5.4,8.07]",259,6.701124478376243,0.08466693645269834,0.7033017261278747
Suelo_CE_corregida_OLS,Nitratos,Residual_ajustado,"(8.07,11.2]",254,9.731098454161252,-0.021794621581798766,0.6965603275544552
Suelo_CE_corregida_OLS,Nitratos,Residual_ajustado,"(11.2,15.9]",257,13.789795449215488,-0.0641249584655922,0.7095370186500454
Suelo_CE_corregida_OLS,Nitratos,Residual_ajustado,"(15.9,21.8]",258,18.87249627748128,0.053402165371034684,0.7505575989288688
Suelo_CE_corregida_OLS,Nitratos,Residual_ajustado,"(21.8,34.9]",255,26.95148510136917,-0.009929448093934314,0.6932137111351595
Suelo_CE_corregida_OLS,Potasio_savia,Original,"[1.82,5.4]",257,3.6451846732626887,-0.3490130796112339,0.8272921030800529
Suelo_CE_corregida_OLS,Potasio_savia,Original,"(5.4,8.07]",259,6.701124478376243,-0.17089537516151965,0.61457889947512
Suelo_CE_corregida_OLS,Potasio_savia,Original,"(8.07,11.2]",254,9.731098454161252,-0.09213491258211413,0.5709759460501111
Suelo_CE_corregida_OLS,Potasio_savia,Original,"(11.2,15.9]",257,13.789795449215488,-0.028257940923441027,0.5798550867921437
Suelo_CE_corregida_OLS,Potasio_savia,Original,"(15.9,21.8]",258,18.87249627748128,0.2618929006308757,0.7707973868720921
Suelo_CE_corregida_OLS,Potasio_savia,Original,"(21.8,34.9]",255,26.95148510136917,0.42763217328418496,0.8074511709777619
Suelo_CE_corregida_OLS,Potasio_savia,Residual_ajustado,"[1.82,5.4]",257,3.6451846732626887,-0.08809932077602883,0.7671945775745684
Suelo_CE_corregida_OLS,Potasio_savia,Residual_ajustado,"(5.4,8.07]",259,6.701124478376243,0.1282140696561194,0.6899500168720154
Suelo_CE_corregida_OLS,Potasio_savia,Residual_ajustado,"(8.07,11.2]",254,9.731098454161252,-0.009680462240442262,0.715043075592819
Suelo_CE_corregida_OLS,Potasio_savia,Residual_ajustado,"(11.2,15.9]",257,13.789795449215488,-0.039617235622241925,0.7150197593823824
Suelo_CE_corregida_OLS,Potasio_savia,Residual_ajustado,"(15.9,21.8]",258,18.87249627748128,0.10321762079157397,0.7702209225238199
Suelo_CE_corregida_OLS,Potasio_savia,Residual_ajustado,"(21.8,34.9]",255,26.95148510136917,-0.05692363755654244,0.7115809848273379
Suelo_Hv,Altura,Original,"[1.82,5.4]",257,3.6451846732626887,0.08186196148194574,0.6615331304210956
Suelo_Hv,Altura,Original,"(5.4,8.07]",259,6.701124478376243,0.06142774643807521,0.7062786531079694
Suelo_Hv,Altura,Original,"(8.07,11.2]",254,9.731098454161252,0.022456106163860536,0.6208238430432208
Suelo_Hv,Altura,Original,"(11.2,15.9]",257,13.789795449215488,-0.050313594387260865,0.49902474463541896
Suelo_Hv,Altura,Original,"(15.9,21.8]",258,18.87249627748128,0.014270146487251875,0.5551763886110194
Suelo_Hv,Altura,Original,"(21.8,34.9]",255,26.95148510136917,-0.13550430572974967,0.998426257800308
Suelo_Hv,Altura,Residual_ajustado,"[1.82,5.4]",257,3.6451846732626887,0.016307438198471233,0.746293306310961
Suelo_Hv,Altura,Residual_ajustado,"(5.4,8.07]",259,6.701124478376243,-0.010997736029482268,0.6918059263675098
Suelo_Hv,Altura,Residual_ajustado,"(8.07,11.2]",254,9.731098454161252,0.05751392771380534,0.6891462359260903
Suelo_Hv,Altura,Residual_ajustado,"(11.2,15.9]",257,13.789795449215488,-0.03141684872787397,0.5501958409552702
Suelo_Hv,Altura,Residual_ajustado,"(15.9,21.8]",258,18.87249627748128,-0.026059171433827674,0.6828922562415622
Suelo_Hv,Altura,Residual_ajustado,"(21.8,34.9]",255,26.95148510136917,0.020145144333989073,0.8470706162011772
Suelo_Hv,Calcio_savia,Original,"[1.82,5.4]",257,3.6451846732626887,0.07121008537881088,0.6947231206179647
Suelo_Hv,Calcio_savia,Original,"(5.4,8.07]",259,6.701124478376243,0.14840220878288798,0.8419533962724899
Suelo_Hv,Calcio_savia,Original,"(8.07,11.2]",254,9.731098454161252,0.014618747012344927,0.41186018756180726
Suelo_Hv,Calcio_savia,Original,"(11.2,15.9]",257,13.789795449215488,-0.02069145801100107,0.4854729177089197
Suelo_Hv,Calcio_savia,Original,"(15.9,21.8]",258,18.87249627748128,0.0024707332607195468,0.7264149404463563
Suelo_Hv,Calcio_savia,Original,"(21.8,34.9]",255,26.95148510136917,-0.21792379491179778,0.8421989694259304
Suelo_Hv,Calcio_savia,Residual_ajustado,"[1.82,5.4]",257,3.6451846732626887,-0.021002050776134044,0.7552131699057351
Suelo_Hv,Calcio_savia,Residual_ajustado,"(5.4,8.07]",259,6.701124478376243,0.015733876462926608,0.6407818655506581
Suelo_Hv,Calcio_savia,Residual_ajustado,"(8.07,11.2]",254,9.731098454161252,0.0212228528844372,0.6139421946306103
Suelo_Hv,Calcio_savia,Residual_ajustado,"(11.2,15.9]",257,13.789795449215488,-0.019058815062225808,0.6314433277933251
Suelo_Hv,Calcio_savia,Residual_ajustado,"(15.9,21.8]",258,18.87249627748128,0.002007853210649303,0.618456079259579
Suelo_Hv,Calcio_savia,Residual_ajustado,"(21.8,34.9]",255,26.95148510136917,0.009375525037431017,0.7958080092560941
Suelo_Hv,Diametro,Original,"[1.82,5.4]",257,3.6451846732626887,0.059389903321285284,0.5942574160591862
Suelo_Hv,Diametro,Original,"(5.4,8.07]",259,6.701124478376243,-0.02524278153834172,0.4915285248697563
Suelo_Hv,Diametro,Original,"(8.07,11.2]",254,9.731098454161252,-0.04177509864426728,0.970682112443435
Suelo_Hv,Diametro,Original,"(11.2,15.9]",257,13.789795449215488,0.04631046454712144,0.9814468774415399
Suelo_Hv,Diametro,Original,"(15.9,21.8]",258,18.87249627748128,-0.034944711919783794,0.405107423741242
Suelo_Hv,Diametro,Original,"(21.8,34.9]",255,26.95148510136917,-0.022223662059717254,0.5516692101090654
Suelo_Hv,Diametro,Residual_ajustado,"[1.82,5.4]",257,3.6451846732626887,0.07052010655953814,0.6197635426727828
Suelo_Hv,Diametro,Residual_ajustado,"(5.4,8.07]",259,6.701124478376243,-0.0640158783124636,0.606013531089362
Suelo_Hv,Diametro,Residual_ajustado,"(8.07,11.2]",254,9.731098454161252,-0.0487345337852055,0.9097273198095022
Suelo_Hv,Diametro,Residual_ajustado,"(11.2,15.9]",257,13.789795449215488,0.07873903366460429,0.8572196180466314
Suelo_Hv,Diametro,Residual_ajustado,"(15.9,21.8]",258,18.87249627748128,-0.07157654866204663,0.5044099391037047
Suelo_Hv,Diametro,Residual_ajustado,"(21.8,34.9]",255,26.95148510136917,0.02966844284650541,0.5101413695375336
Suelo_Hv,Macollas,Original,"[1.82,5.4]",257,3.6451846732626887,-0.031072989738404565,0.6745535977485224
Suelo_Hv,Macollas,Original,"(5.4,8.07]",259,6.701124478376243,-0.08100345593037726,0.7539851138310936
Suelo_Hv,Macollas,Original,"(8.07,11.2]",254,9.731098454161252,-0.02714469502352556,0.6098162234890621
Suelo_Hv,Macollas,Original,"(11.2,15.9]",257,13.789795449215488,-0.030834396788706576,0.6862718713751323
Suelo_Hv,Macollas,Original,"(15.9,21.8]",258,18.87249627748128,0.004002612863013114,0.6122404598931133
Suelo_Hv,Macollas,Original,"(21.8,34.9]",255,26.95148510136917,0.15749030449926466,0.8042289867756646
Suelo_Hv,Macollas,Residual_ajustado,"[1.82,5.4]",257,3.6451846732626887,-0.02866549237263495,0.6149103232343783
Suelo_Hv,Macollas,Residual_ajustado,"(5.4,8.07]",259,6.701124478376243,0.014366990893389957,0.7428243939345288
Suelo_Hv,Macollas,Residual_ajustado,"(8.07,11.2]",254,9.731098454161252,-0.007860195911102628,0.727170012872885
Suelo_Hv,Macollas,Residual_ajustado,"(11.2,15.9]",257,13.789795449215488,0.02028094101593126,0.7053496995053041
Suelo_Hv,Macollas,Residual_ajustado,"(15.9,21.8]",258,18.87249627748128,-0.02563425615919062,0.6770068781247374
Suelo_Hv,Macollas,Residual_ajustado,"(21.8,34.9]",255,26.95148510136917,0.0146025509398632,0.7179491660997889
Suelo_Hv,NDVI,Original,"[1.82,5.4]",257,3.6451846732626887,0.062145555941757497,0.7480965471744122
Suelo_Hv,NDVI,Original,"(5.4,8.07]",259,6.701124478376243,-0.011501378378357498,0.6752104885116048
Suelo_Hv,NDVI,Original,"(8.07,11.2]",254,9.731098454161252,0.005414542138986469,0.5640836137728787
Suelo_Hv,NDVI,Original,"(11.2,15.9]",257,13.789795449215488,0.07376014755878413,0.6874071324108676
Suelo_Hv,NDVI,Original,"(15.9,21.8]",258,18.87249627748128,-0.10539481573731968,0.6325725249314803
Suelo_Hv,NDVI,Original,"(21.8,34.9]",255,26.95148510136917,-0.030505091197410347,0.7976480709254391
Suelo_Hv,NDVI,Residual_ajustado,"[1.82,5.4]",257,3.6451846732626887,0.020776070868305106,0.6591560793546468
Suelo_Hv,NDVI,Residual_ajustado,"(5.4,8.07]",259,6.701124478376243,-0.04730905218909817,0.7453614959053092
Suelo_Hv,NDVI,Residual_ajustado,"(8.07,11.2]",254,9.731098454161252,0.014553885126642135,0.6594489685316771
Suelo_Hv,NDVI,Residual_ajustado,"(11.2,15.9]",257,13.789795449215488,0.035537788308683,0.5814040258814805
Suelo_Hv,NDVI,Residual_ajustado,"(15.9,21.8]",258,18.87249627748128,-0.08236590083136966,0.7163563269832486
Suelo_Hv,NDVI,Residual_ajustado,"(21.8,34.9]",255,26.95148510136917,0.05583340829882347,0.7523250555608104
Suelo_Hv,Nitratos,Original,"[1.82,5.4]",257,3.6451846732626887,-0.049259529539650404,0.7363977204568045
Suelo_Hv,Nitratos,Original,"(5.4,8.07]",259,6.701124478376243,0.03066074139525307,0.696149503405279
Suelo_Hv,Nitratos,Original,"(8.07,11.2]",254,9.731098454161252,0.05243190229248065,0.5095335072345614
Suelo_Hv,Nitratos,Original,"(11.2,15.9]",257,13.789795449215488,-0.05148827849446719,0.5605419632820018
Suelo_Hv,Nitratos,Original,"(15.9,21.8]",258,18.87249627748128,0.0015699189613167322,0.6867014600505378
Suelo_Hv,Nitratos,Original,"(21.8,34.9]",255,26.95148510136917,0.024319532748938968,0.8365701798655749
Suelo_Hv,Nitratos,Residual_ajustado,"[1.82,5.4]",257,3.6451846732626887,-0.04524912531578213,0.7344830064357208
Suelo_Hv,Nitratos,Residual_ajustado,"(5.4,8.07]",259,6.701124478376243,0.018173871755584495,0.6657676646788212
Suelo_Hv,Nitratos,Residual_ajustado,"(8.07,11.2]",254,9.731098454161252,0.060953505679756624,0.6813308915475318
Suelo_Hv,Nitratos,Residual_ajustado,"(11.2,15.9]",257,13.789795449215488,-0.07717705289765174,0.6398596790090716
Suelo_Hv,Nitratos,Residual_ajustado,"(15.9,21.8]",258,18.87249627748128,0.02467723205757348,0.6488005519991635
Suelo_Hv,Nitratos,Residual_ajustado,"(21.8,34.9]",255,26.95148510136917,0.004648690366748352,0.807167955760226
Suelo_Hv,Potasio_savia,Original,"[1.82,5.4]",257,3.6451846732626887,0.04629213967031419,0.5954247274128481
Suelo_Hv,Potasio_savia,Original,"(5.4,8.07]",259,6.701124478376243,0.06665002983469044,0.7252079654250919
Suelo_Hv,Potasio_savia,Original,"(8.07,11.2]",254,9.731098454161252,0.027903683095545157,0.692280759199118
Suelo_Hv,Potasio_savia,Original,"(11.2,15.9]",257,13.789795449215488,0.024753210061093277,0.5473823478853023
Suelo_Hv,Potasio_savia,Original,"(15.9,21.8]",258,18.87249627748128,-0.016933661895434424,0.6738055830457416
Suelo_Hv,Potasio_savia,Original,"(21.8,34.9]",255,26.95148510136917,-0.16391008409821328,0.8698923867204444
Suelo_Hv,Potasio_savia,Residual_ajustado,"[1.82,5.4]",257,3.6451846732626887,-0.018762911492455906,0.6946916148367887
Suelo_Hv,Potasio_savia,Residual_ajustado,"(5.4,8.07]",259,6.701124478376243,0.014488632981066741,0.6879071224692116
Suelo_Hv,Potasio_savia,Residual_ajustado,"(8.07,11.2]",254,9.731098454161252,0.031358198323602135,0.6465525281660296
Suelo_Hv,Potasio_savia,Residual_ajustado,"(11.2,15.9]",257,13.789795449215488,-0.03754643273210466,0.5972163182923386
Suelo_Hv,Potasio_savia,Residual_ajustado,"(15.9,21.8]",258,18.87249627748128,0.02746541001369674,0.6671743740513858
Suelo_Hv,Potasio_savia,Residual_ajustado,"(21.8,34.9]",255,26.95148510136917,-0.017767807010386417,0.7941654694663014
Suelo_K,Altura,Original,"[1.82,5.4]",257,3.6451846732626887,-0.11080454040685567,0.6460691177511819
Suelo_K,Altura,Original,"(5.4,8.07]",259,6.701124478376243,-0.10113414881722903,0.5426235566289914
Suelo_K,Altura,Original,"(8.07,11.2]",254,9.731098454161252,-0.09784091247055605,0.5771397287213296
Suelo_K,Altura,Original,"(11.2,15.9]",257,13.789795449215488,-0.08967209862081053,0.6615033886117083
Suelo_K,Altura,Original,"(15.9,21.8]",258,18.87249627748128,0.01222878500239224,0.7062318911215952
Suelo_K,Altura,Original,"(21.8,34.9]",255,26.95148510136917,0.40451826679372105,0.8590908807900123
Suelo_K,Altura,Residual_ajustado,"[1.82,5.4]",257,3.6451846732626887,0.02847896394268373,0.6904433969621975
Suelo_K,Altura,Residual_ajustado,"(5.4,8.07]",259,6.701124478376243,-0.059267901630704174,0.6799767089663863
Suelo_K,Altura,Residual_ajustado,"(8.07,11.2]",254,9.731098454161252,0.09467724666124727,0.6827566855248438
Suelo_K,Altura,Residual_ajustado,"(11.2,15.9]",257,13.789795449215488,-0.0998500553655918,0.6729750989956389
Suelo_K,Altura,Residual_ajustado,"(15.9,21.8]",258,18.87249627748128,0.01894119444855218,0.6581272031315378
Suelo_K,Altura,Residual_ajustado,"(21.8,34.9]",255,26.95148510136917,0.014423007584958214,0.7378047463036297
Suelo_K,Calcio_savia,Original,"[1.82,5.4]",257,3.6451846732626887,-0.4672708198043149,0.7789487520518065
Suelo_K,Calcio_savia,Original,"(5.4,8.07]",259,6.701124478376243,-0.3151407604509823,0.6260392030721352
Suelo_K,Calcio_savia,Original,"(8.07,11.2]",254,9.731098454161252,-0.12931037504244294,0.4959239614762566
Suelo_K,Calcio_savia,Original,"(11.2,15.9]",257,13.789795449215488,-0.008134664991294591,0.5555852267667121
Suelo_K,Calcio_savia,Original,"(15.9,21.8]",258,18.87249627748128,0.29651236060385083,0.6819954786785671
Suelo_K,Calcio_savia,Original,"(21.8,34.9]",255,26.95148510136917,0.6767172535286564,0.7252913118956426
Suelo_K,Calcio_savia,Residual_ajustado,"[1.82,5.4]",257,3.6451846732626887,0.04147776665990202,0.6350211210047515
Suelo_K,Calcio_savia,Residual_ajustado,"(5.4,8.07]",259,6.701124478376243,-0.03765517736050287,0.718035179642478
Suelo_K,Calcio_savia,Residual_ajustado,"(8.07,11.2]",254,9.731098454161252,1.4081417751145444e-4,0.7498708563075525
Suelo_K,Calcio_savia,Residual_ajustado,"(11.2,15.9]",257,13.789795449215488,-0.04046569281754536,0.635257511959481
Suelo_K,Calcio_savia,Residual_ajustado,"(15.9,21.8]",258,18.87249627748128,0.01184629018400541,0.6859115872029552
Suelo_K,Calcio_savia,Residual_ajustado,"(21.8,34.9]",255,26.95148510136917,0.01326092064101806,0.7025182435991543
Suelo_K,Diametro,Original,"[1.82,5.4]",257,3.6451846732626887,0.07768812830075135,0.7166190833983168
Suelo_K,Diametro,Original,"(5.4,8.07]",259,6.701124478376243,-0.04101060667214941,0.6798334974676177
Suelo_K,Diametro,Original,"(8.07,11.2]",254,9.731098454161252,-0.08379370781113438,0.7022512726489837
Suelo_K,Diametro,Original,"(11.2,15.9]",257,13.789795449215488,0.06657067529580628,0.9306579413728561
Suelo_K,Diametro,Original,"(15.9,21.8]",258,18.87249627748128,-0.07832884259984778,0.5826896137934373
Suelo_K,Diametro,Original,"(21.8,34.9]",255,26.95148510136917,0.04836087758920588,0.48965269349866514
Suelo_K,Diametro,Residual_ajustado,"[1.82,5.4]",257,3.6451846732626887,0.05017054284206372,0.7841098722824942
Suelo_K,Diametro,Residual_ajustado,"(5.4,8.07]",259,6.701124478376243,-0.02517964835822698,0.6635846962385498
Suelo_K,Diametro,Residual_ajustado,"(8.07,11.2]",254,9.731098454161252,-0.03480220554240123,0.8267140930154461
Suelo_K,Diametro,Residual_ajustado,"(11.2,15.9]",257,13.789795449215488,0.05256660904679962,0.8208253727643311
Suelo_K,Diametro,Residual_ajustado,"(15.9,21.8]",258,18.87249627748128,-0.09680067950412602,0.5390446522125908
Suelo_K,Diametro,Residual_ajustado,"(21.8,34.9]",255,26.95148510136917,0.042728089395992104,0.44944978439289157
Suelo_K,Macollas,Original,"[1.82,5.4]",257,3.6451846732626887,0.42876037895002855,0.7496917103860322
Suelo_K,Macollas,Original,"(5.4,8.07]",259,6.701124478376243,0.3559781021957272,0.66810319997572
Suelo_K,Macollas,Original,"(8.07,11.2]",254,9.731098454161252,0.13717574661389578,0.6057923726410408
Suelo_K,Macollas,Original,"(11.2,15.9]",257,13.789795449215488,-0.12091483391822196,0.6344182690077563
Suelo_K,Macollas,Original,"(15.9,21.8]",258,18.87249627748128,-0.4315286520851402,0.7513755354536944
Suelo_K,Macollas,Original,"(21.8,34.9]",255,26.95148510136917,-0.4253637450486373,0.7150471622432494
Suelo_K,Macollas,Residual_ajustado,"[1.82,5.4]",257,3.6451846732626887,0.0290980864403204,0.6302495094288427
Suelo_K,Macollas,Residual_ajustado,"(5.4,8.07]",259,6.701124478376243,0.06925893844635093,0.6704190644460106
Suelo_K,Macollas,Residual_ajustado,"(8.07,11.2]",254,9.731098454161252,0.020368427529163725,0.6976980940650515
Suelo_K,Macollas,Residual_ajustado,"(11.2,15.9]",257,13.789795449215488,-0.09127988021240052,0.7109034060457978
Suelo_K,Macollas,Residual_ajustado,"(15.9,21.8]",258,18.87249627748128,-0.08446324251248831,0.730963501113193
Suelo_K,Macollas,Residual_ajustado,"(21.8,34.9]",255,26.95148510136917,0.04959089450119315,0.6706279181550289
Suelo_K,NDVI,Original,"[1.82,5.4]",257,3.6451846732626887,0.03824613778110533,0.6594885613922027
Suelo_K,NDVI,Original,"(5.4,8.07]",259,6.701124478376243,-0.08536625220476443,0.695688986155887
Suelo_K,NDVI,Original,"(8.07,11.2]",254,9.731098454161252,-0.1143899543435512,0.65682538181084
Suelo_K,NDVI,Original,"(11.2,15.9]",257,13.789795449215488,-0.016570306229171397,0.741157648361653
Suelo_K,NDVI,Original,"(15.9,21.8]",258,18.87249627748128,0.062482539456610926,0.7535968344022632
Suelo_K,NDVI,Original,"(21.8,34.9]",255,26.95148510136917,0.09208849967551296,0.6884680728629865
Suelo_K,NDVI,Residual_ajustado,"[1.82,5.4]",257,3.6451846732626887,0.19001572101001798,0.7013689580922958
Suelo_K,NDVI,Residual_ajustado,"(5.4,8.07]",259,6.701124478376243,-0.029626971525205388,0.6692620554771631
Suelo_K,NDVI,Residual_ajustado,"(8.07,11.2]",254,9.731098454161252,-0.027802715648441893,0.6990253223617536
Suelo_K,NDVI,Residual_ajustado,"(11.2,15.9]",257,13.789795449215488,-0.11771463453513618,0.7154247768328067
Suelo_K,NDVI,Residual_ajustado,"(15.9,21.8]",258,18.87249627748128,-0.16325812586045876,0.7576323667835593
Suelo_K,NDVI,Residual_ajustado,"(21.8,34.9]",255,26.95148510136917,0.11196303140363299,0.7790908001233317
Suelo_K,Nitratos,Original,"[1.82,5.4]",257,3.6451846732626887,-0.1226630690021599,0.7490671058519687
Suelo_K,Nitratos,Original,"(5.4,8.07]",259,6.701124478376243,0.0644080492805049,0.5916183338203609
Suelo_K,Nitratos,Original,"(8.07,11.2]",254,9.731098454161252,0.11098387372753053,0.6122236578261224
Suelo_K,Nitratos,Original,"(11.2,15.9]",257,13.789795449215488,-0.06100162415215645,0.6481568913996435
Suelo_K,Nitratos,Original,"(15.9,21.8]",258,18.87249627748128,-0.07742017844611611,0.6571536779778557
Suelo_K,Nitratos,Original,"(21.8,34.9]",255,26.95148510136917,0.09975881773345104,0.8297048154333115
Suelo_K,Nitratos,Residual_ajustado,"[1.82,5.4]",257,3.6451846732626887,-0.023688558755611436,0.658640812465302
Suelo_K,Nitratos,Residual_ajustado,"(5.4,8.07]",259,6.701124478376243,0.08617673649726974,0.7033303354983553
Suelo_K,Nitratos,Residual_ajustado,"(8.07,11.2]",254,9.731098454161252,-0.021739497870930432,0.6966765158571262
Suelo_K,Nitratos,Residual_ajustado,"(11.2,15.9]",257,13.789795449215488,-0.066262873999641,0.7076369319825762
Suelo_K,Nitratos,Residual_ajustado,"(15.9,21.8]",258,18.87249627748128,0.055004666740767594,0.7517691297602114
Suelo_K,Nitratos,Residual_ajustado,"(21.8,34.9]",255,26.95148510136917,-0.010504230662134092,0.6956906714310755
Suelo_K,Potasio_savia,Original,"[1.82,5.4]",257,3.6451846732626887,-0.34827766515938663,0.8317138542143468
Suelo_K,Potasio_savia,Original,"(5.4,8.07]",259,6.701124478376243,-0.16604409723610727,0.6134543237302953
Suelo_K,Potasio_savia,Original,"(8.07,11.2]",254,9.731098454161252,-0.09054062059508784,0.5643762754723851
Suelo_K,Potasio_savia,Original,"(11.2,15.9]",257,13.789795449215488,-0.030351349807586907,0.5740350684528612
Suelo_K,Potasio_savia,Original,"(15.9,21.8]",258,18.87249627748128,0.26016492532793395,0.7709640036444819
Suelo_K,Potasio_savia,Original,"(21.8,34.9]",255,26.95148510136917,0.42425729255442923,0.8158181653846929
Suelo_K,Potasio_savia,Residual_ajustado,"[1.82,5.4]",257,3.6451846732626887,-0.08921389878815375,0.7686107358813917
Suelo_K,Potasio_savia,Residual_ajustado,"(5.4,8.07]",259,6.701124478376243,0.13053855708257542,0.6889577001999374
Suelo_K,Potasio_savia,Residual_ajustado,"(8.07,11.2]",254,9.731098454161252,-0.010902466098777222,0.7159558559404998
Suelo_K,Potasio_savia,Residual_ajustado,"(11.2,15.9]",257,13.789795449215488,-0.04246680996735288,0.7144439340901659
Suelo_K,Potasio_savia,Residual_ajustado,"(15.9,21.8]",258,18.87249627748128,0.10748165981204792,0.7695619345320156
Suelo_K,Potasio_savia,Residual_ajustado,"(21.8,34.9]",255,26.95148510136917,-0.05813297655377869,0.7140959974263696
Suelo_N,Altura,Original,"[1.82,5.4]",257,3.6451846732626887,-0.11383059593123862,0.6428448944514698
Suelo_N,Altura,Original,"(5.4,8.07]",259,6.701124478376243,-0.10253892327341295,0.5471562057431734
Suelo_N,Altura,Original,"(8.07,11.2]",254,9.731098454161252,-0.10075057715326492,0.5834818249949788
Suelo_N,Altura,Original,"(11.2,15.9]",257,13.789795449215488,-0.09612936397439237,0.6698855121788957
Suelo_N,Altura,Original,"(15.9,21.8]",258,18.87249627748128,0.021276437706497047,0.7058081967758759
Suelo_N,Altura,Original,"(21.8,34.9]",255,26.95148510136917,0.4096166711093374,0.8479596404885055
Suelo_N,Altura,Residual_ajustado,"[1.82,5.4]",257,3.6451846732626887,0.026498284377744784,0.6883920466279726
Suelo_N,Altura,Residual_ajustado,"(5.4,8.07]",259,6.701124478376243,-0.05948621177142115,0.6821767402664122
Suelo_N,Altura,Residual_ajustado,"(8.07,11.2]",254,9.731098454161252,0.09732317457253863,0.6841813369497742
Suelo_N,Altura,Residual_ajustado,"(11.2,15.9]",257,13.789795449215488,-0.10275412536052057,0.6747308473391291
Suelo_N,Altura,Residual_ajustado,"(15.9,21.8]",258,18.87249627748128,0.02256887653276554,0.66402423965093
Suelo_N,Altura,Residual_ajustado,"(21.8,34.9]",255,26.95148510136917,0.012994609289606761,0.7311518195780102
Suelo_N,Calcio_savia,Original,"[1.82,5.4]",257,3.6451846732626887,-0.47252107301889146,0.7764752577017096
Suelo_N,Calcio_savia,Original,"(5.4,8.07]",259,6.701124478376243,-0.3234599991419951,0.6292425242889462
Suelo_N,Calcio_savia,Original,"(8.07,11.2]",254,9.731098454161252,-0.13470297567077297,0.4992467452774067
Suelo_N,Calcio_savia,Original,"(11.2,15.9]",257,13.789795449215488,-0.0080634115575093,0.5532387081822422
Suelo_N,Calcio_savia,Original,"(15.9,21.8]",258,18.87249627748128,0.3138188665507182,0.686584984657351
Suelo_N,Calcio_savia,Original,"(21.8,34.9]",255,26.95148510136917,0.6789000324160778,0.7139033623761278
Suelo_N,Calcio_savia,Residual_ajustado,"[1.82,5.4]",257,3.6451846732626887,0.04145100137513902,0.6344140248499393
Suelo_N,Calcio_savia,Residual_ajustado,"(5.4,8.07]",259,6.701124478376243,-0.03765193496528787,0.7229210206938623
Suelo_N,Calcio_savia,Residual_ajustado,"(8.07,11.2]",254,9.731098454161252,0.0012355429522843096,0.7591602725661183
Suelo_N,Calcio_savia,Residual_ajustado,"(11.2,15.9]",257,13.789795449215488,-0.04270984537890286,0.6409769881536324
Suelo_N,Calcio_savia,Residual_ajustado,"(15.9,21.8]",258,18.87249627748128,0.014440259107970196,0.6835257677952585
Suelo_N,Calcio_savia,Residual_ajustado,"(21.8,34.9]",255,26.95148510136917,0.012275596283875236,0.6824745372734364
Suelo_N,Diametro,Original,"[1.82,5.4]",257,3.6451846732626887,0.07544088664183508,0.7206792915475018
Suelo_N,Diametro,Original,"(5.4,8.07]",259,6.701124478376243,-0.04222492930622647,0.6893103030236828
Suelo_N,Diametro,Original,"(8.07,11.2]",254,9.731098454161252,-0.07976933480456319,0.707952075424077
Suelo_N,Diametro,Original,"(11.2,15.9]",257,13.789795449215488,0.06367849450666116,0.9237013262098654
Suelo_N,Diametro,Original,"(15.9,21.8]",258,18.87249627748128,-0.07806591080185397,0.5773817453289346
Suelo_N,Diametro,Original,"(21.8,34.9]",255,26.95148510136917,0.05069357264062868,0.48200897703667445
Suelo_N,Diametro,Residual_ajustado,"[1.82,5.4]",257,3.6451846732626887,0.048486249277331576,0.7921420179470171
Suelo_N,Diametro,Residual_ajustado,"(5.4,8.07]",259,6.701124478376243,-0.027075322299926072,0.6705428825403592
Suelo_N,Diametro,Residual_ajustado,"(8.07,11.2]",254,9.731098454161252,-0.032364268334768014,0.8297955393992099
Suelo_N,Diametro,Residual_ajustado,"(11.2,15.9]",257,13.789795449215488,0.051573741264003325,0.8157142718386634
Suelo_N,Diametro,Residual_ajustado,"(15.9,21.8]",258,18.87249627748128,-0.09491549976663388,0.5337149160693633
Suelo_N,Diametro,Residual_ajustado,"(21.8,34.9]",255,26.95148510136917,0.04277642944999309,0.4382166872527955
Suelo_N,Macollas,Original,"[1.82,5.4]",257,3.6451846732626887,0.43526533962460856,0.7488023743964165
Suelo_N,Macollas,Original,"(5.4,8.07]",259,6.701124478376243,0.36084975930888785,0.6669731680453329
Suelo_N,Macollas,Original,"(8.07,11.2]",254,9.731098454161252,0.13994121626678963,0.6067929457928927
Suelo_N,Macollas,Original,"(11.2,15.9]",257,13.789795449215488,-0.12493459974885618,0.6275318883316446
Suelo_N,Macollas,Original,"(15.9,21.8]",258,18.87249627748128,-0.44099599681714813,0.758913218810253
Suelo_N,Macollas,Original,"(21.8,34.9]",255,26.95148510136917,-0.42655827010766545,0.7109155095237121
Suelo_N,Macollas,Residual_ajustado,"[1.82,5.4]",257,3.6451846732626887,0.02871806793007199,0.6269946051026546
Suelo_N,Macollas,Residual_ajustado,"(5.4,8.07]",259,6.701124478376243,0.06310668680566728,0.6680337258577687
Suelo_N,Macollas,Residual_ajustado,"(8.07,11.2]",254,9.731098454161252,0.023534724680467845,0.7016275816925701
Suelo_N,Macollas,Residual_ajustado,"(11.2,15.9]",257,13.789795449215488,-0.08833503970754228,0.7090486873347454
Suelo_N,Macollas,Residual_ajustado,"(15.9,21.8]",258,18.87249627748128,-0.08173604263813446,0.7356627342065619
Suelo_N,Macollas,Residual_ajustado,"(21.8,34.9]",255,26.95148510136917,0.04696269794473318,0.6720709635451899
Suelo_N,NDVI,Original,"[1.82,5.4]",257,3.6451846732626887,0.034167484445749303,0.6600125501245167
Suelo_N,NDVI,Original,"(5.4,8.07]",259,6.701124478376243,-0.08938881463633394,0.694262036754913
Suelo_N,NDVI,Original,"(8.07,11.2]",254,9.731098454161252,-0.11155236456031223,0.6596634051844388
Suelo_N,NDVI,Original,"(11.2,15.9]",257,13.789795449215488,-0.012240537667634138,0.7415263561859798
Suelo_N,NDVI,Original,"(15.9,21.8]",258,18.87249627748128,0.06347524176292808,0.7532071484704265
Suelo_N,NDVI,Original,"(21.8,34.9]",255,26.95148510136917,0.09272318289796619,0.6826688446682331
Suelo_N,NDVI,Residual_ajustado,"[1.82,5.4]",257,3.6451846732626887,0.1879071031087065,0.6991543770198374
Suelo_N,NDVI,Residual_ajustado,"(5.4,8.07]",259,6.701124478376243,-0.03307239003579775,0.6655582548944984
Suelo_N,NDVI,Residual_ajustado,"(8.07,11.2]",254,9.731098454161252,-0.02749079989600496,0.7018742302747006
Suelo_N,NDVI,Residual_ajustado,"(11.2,15.9]",257,13.789795449215488,-0.11157224743675853,0.7139617116545454
Suelo_N,NDVI,Residual_ajustado,"(15.9,21.8]",258,18.87249627748128,-0.1597306608568657,0.7630753583565332
Suelo_N,NDVI,Residual_ajustado,"(21.8,34.9]",255,26.95148510136917,0.10784589683823456,0.7780668229509214
Suelo_N,Nitratos,Original,"[1.82,5.4]",257,3.6451846732626887,-0.11699914081566083,0.7471074849258971
Suelo_N,Nitratos,Original,"(5.4,8.07]",259,6.701124478376243,0.0629178914731381,0.5920320538910941
Suelo_N,Nitratos,Original,"(8.07,11.2]",254,9.731098454161252,0.10768883233460858,0.6196330372474074
Suelo_N,Nitratos,Original,"(11.2,15.9]",257,13.789795449215488,-0.06544578065815117,0.6490936407094834
Suelo_N,Nitratos,Original,"(15.9,21.8]",258,18.87249627748128,-0.07301176627241467,0.6588381818132714
Suelo_N,Nitratos,Original,"(21.8,34.9]",255,26.95148510136917,0.09827634043268957,0.8224681194783836
Suelo_N,Nitratos,Residual_ajustado,"[1.82,5.4]",257,3.6451846732626887,-0.022391444498417318,0.653748904384439
Suelo_N,Nitratos,Residual_ajustado,"(5.4,8.07]",259,6.701124478376243,0.08367424918033542,0.7018044092787362
Suelo_N,Nitratos,Residual_ajustado,"(8.07,11.2]",254,9.731098454161252,-0.02116112354052255,0.6975418083675472
Suelo_N,Nitratos,Residual_ajustado,"(11.2,15.9]",257,13.789795449215488,-0.06594428951077765,0.7102746418367969
Suelo_N,Nitratos,Residual_ajustado,"(15.9,21.8]",258,18.87249627748128,0.05434458941693716,0.7576180991660999
Suelo_N,Nitratos,Residual_ajustado,"(21.8,34.9]",255,26.95148510136917,-0.009318988707574609,0.6922416822648492
Suelo_N,Potasio_savia,Original,"[1.82,5.4]",257,3.6451846732626887,-0.3525316000212643,0.8309782846076627
Suelo_N,Potasio_savia,Original,"(5.4,8.07]",259,6.701124478376243,-0.1708449328388694,0.6157160325287824
Suelo_N,Potasio_savia,Original,"(8.07,11.2]",254,9.731098454161252,-0.09250005378504791,0.5693071851628421
Suelo_N,Potasio_savia,Original,"(11.2,15.9]",257,13.789795449215488,-0.03147741794638813,0.5746769473884278
Suelo_N,Potasio_savia,Original,"(15.9,21.8]",258,18.87249627748128,0.26752075840716427,0.771523260807788
Suelo_N,Potasio_savia,Original,"(21.8,34.9]",255,26.95148510136917,0.4293389398799025,0.807972776341181
Suelo_N,Potasio_savia,Residual_ajustado,"[1.82,5.4]",257,3.6451846732626887,-0.09032199814338941,0.7700404678352454
Suelo_N,Potasio_savia,Residual_ajustado,"(5.4,8.07]",259,6.701124478376243,0.13227681352595727,0.6939015846877336
Suelo_N,Potasio_savia,Residual_ajustado,"(8.07,11.2]",254,9.731098454161252,-0.01277924593832613,0.7195748515926721
Suelo_N,Potasio_savia,Residual_ajustado,"(11.2,15.9]",257,13.789795449215488,-0.03901884033580673,0.715180278295828
Suelo_N,Potasio_savia,Residual_ajustado,"(15.9,21.8]",258,18.87249627748128,0.10271074541904704,0.7659920227296885
Suelo_N,Potasio_savia,Residual_ajustado,"(21.8,34.9]",255,26.95148510136917,-0.0558749321446577,0.7054530936406234
Suelo_P,Altura,Original,"[1.82,5.4]",257,3.6451846732626887,-0.11342521379355552,0.6444387264250212
Suelo_P,Altura,Original,"(5.4,8.07]",259,6.701124478376243,-0.10522734441933883,0.5417927578748075
Suelo_P,Altura,Original,"(8.07,11.2]",254,9.731098454161252,-0.10274028430120107,0.5842262070508033
Suelo_P,Altura,Original,"(11.2,15.9]",257,13.789795449215488,-0.09181244087730854,0.6612177702442388
Suelo_P,Altura,Original,"(15.9,21.8]",258,18.87249627748128,0.020062088405128665,0.7015697445860237
Suelo_P,Altura,Original,"(21.8,34.9]",255,26.95148510136917,0.4105527579582844,0.8565873276650531
Suelo_P,Altura,Residual_ajustado,"[1.82,5.4]",257,3.6451846732626887,0.028402294892373135,0.6907421204334775
Suelo_P,Altura,Residual_ajustado,"(5.4,8.07]",259,6.701124478376243,-0.06007510843027968,0.6776380316485291
Suelo_P,Altura,Residual_ajustado,"(8.07,11.2]",254,9.731098454161252,0.0950116454745525,0.686253456294386
Suelo_P,Altura,Residual_ajustado,"(11.2,15.9]",257,13.789795449215488,-0.10052306637762752,0.668934468393768
Suelo_P,Altura,Residual_ajustado,"(15.9,21.8]",258,18.87249627748128,0.02036384695619376,0.6597301559374574
Suelo_P,Altura,Residual_ajustado,"(21.8,34.9]",255,26.95148510136917,0.013983215188526979,0.7388836595428365
Suelo_P,Calcio_savia,Original,"[1.82,5.4]",257,3.6451846732626887,-0.4737901375398243,0.7749375340348363
Suelo_P,Calcio_savia,Original,"(5.4,8.07]",259,6.701124478376243,-0.32402218437620833,0.6270392688439067
Suelo_P,Calcio_savia,Original,"(8.07,11.2]",254,9.731098454161252,-0.1342342873753654,0.494531673195954
Suelo_P,Calcio_savia,Original,"(11.2,15.9]",257,13.789795449215488,-0.0060994901836621766,0.5516876290196147
Suelo_P,Calcio_savia,Original,"(15.9,21.8]",258,18.87249627748128,0.309061282635264,0.6866836964784034
Suelo_P,Calcio_savia,Original,"(21.8,34.9]",255,26.95148510136917,0.6829321186274298,0.716104008158282
Suelo_P,Calcio_savia,Residual_ajustado,"[1.82,5.4]",257,3.6451846732626887,0.03997927732999989,0.6336894691558497
Suelo_P,Calcio_savia,Residual_ajustado,"(5.4,8.07]",259,6.701124478376243,-0.03724248054191102,0.7220346052711972
Suelo_P,Calcio_savia,Residual_ajustado,"(8.07,11.2]",254,9.731098454161252,1.1203338978649195e-4,0.7480675182685815
Suelo_P,Calcio_savia,Residual_ajustado,"(11.2,15.9]",257,13.789795449215488,-0.04059320348011496,0.633549090732295
Suelo_P,Calcio_savia,Residual_ajustado,"(15.9,21.8]",258,18.87249627748128,0.01257483670409659,0.6820183688515882
Suelo_P,Calcio_savia,Residual_ajustado,"(21.8,34.9]",255,26.95148510136917,0.012853018696309284,0.7089662115653564
Suelo_P,Diametro,Original,"[1.82,5.4]",257,3.6451846732626887,0.07632197668256961,0.7110035056728956
Suelo_P,Diametro,Original,"(5.4,8.07]",259,6.701124478376243,-0.04234512756312643,0.6888531436767729
Suelo_P,Diametro,Original,"(8.07,11.2]",254,9.731098454161252,-0.08399638495375558,0.7083522743969558
Suelo_P,Diametro,Original,"(11.2,15.9]",257,13.789795449215488,0.06592571776076027,0.9258734625042624
Suelo_P,Diametro,Original,"(15.9,21.8]",258,18.87249627748128,-0.07586827252314943,0.5798995779622185
Suelo_P,Diametro,Original,"(21.8,34.9]",255,26.95148510136917,0.0494055646511439,0.48759424009010094
Suelo_P,Diametro,Residual_ajustado,"[1.82,5.4]",257,3.6451846732626887,0.05159096971744759,0.775261341356583
Suelo_P,Diametro,Residual_ajustado,"(5.4,8.07]",259,6.701124478376243,-0.02815745785795922,0.669421663690448
Suelo_P,Diametro,Residual_ajustado,"(8.07,11.2]",254,9.731098454161252,-0.03603989780247727,0.8324263636061383
Suelo_P,Diametro,Residual_ajustado,"(11.2,15.9]",257,13.789795449215488,0.053620908740838975,0.818398892095956
Suelo_P,Diametro,Residual_ajustado,"(15.9,21.8]",258,18.87249627748128,-0.0938106309060495,0.5386540392469109
Suelo_P,Diametro,Residual_ajustado,"(21.8,34.9]",255,26.95148510136917,0.04106809760695432,0.45105811231690285
Suelo_P,Macollas,Original,"[1.82,5.4]",257,3.6451846732626887,0.43283993956147093,0.748386890223283
Suelo_P,Macollas,Original,"(5.4,8.07]",259,6.701124478376243,0.3615705061214659,0.6675004624871816
Suelo_P,Macollas,Original,"(8.07,11.2]",254,9.731098454161252,0.138930718653158,0.6084975464590223
Suelo_P,Macollas,Original,"(11.2,15.9]",257,13.789795449215488,-0.12164760496310359,0.6288250641784036
Suelo_P,Macollas,Original,"(15.9,21.8]",258,18.87249627748128,-0.43765966015504637,0.7539313010052484
Suelo_P,Macollas,Original,"(21.8,34.9]",255,26.95148510136917,-0.43031695432834455,0.7112538629536868
Suelo_P,Macollas,Residual_ajustado,"[1.82,5.4]",257,3.6451846732626887,0.02471648670499858,0.6307423340066013
Suelo_P,Macollas,Residual_ajustado,"(5.4,8.07]",259,6.701124478376243,0.06578191638093336,0.6705057560847971
Suelo_P,Macollas,Residual_ajustado,"(8.07,11.2]",254,9.731098454161252,0.02376959142011039,0.70299668481243
Suelo_P,Macollas,Residual_ajustado,"(11.2,15.9]",257,13.789795449215488,-0.08420872196531237,0.7033862043406681
Suelo_P,Macollas,Residual_ajustado,"(15.9,21.8]",258,18.87249627748128,-0.08383402514088181,0.7328323238408933
Suelo_P,Macollas,Residual_ajustado,"(21.8,34.9]",255,26.95148510136917,0.04676391723602608,0.67192313280796645
Suelo_P,NDVI,Original,"[1.82,5.4]",257,3.6451846732626887,0.031279312864772035,0.6618364452231462
Suelo_P,NDVI,Original,"(5.4,8.07]",259,6.701124478376243,-0.08913508633598727,0.6899963620042674
Suelo_P,NDVI,Original,"(8.07,11.2]",254,9.731098454161252,-0.11181847536874782,0.6571045167338677
Suelo_P,NDVI,Original,"(11.2,15.9]",257,13.789795449215488,-0.010860903682082288,0.7396390210256726
Suelo_P,NDVI,Original,"(15.9,21.8]",258,18.87249627748128,0.06626041680963929,0.7515106262150205
Suelo_P,NDVI,Original,"(21.8,34.9]",255,26.95148510136917,0.09193686876443817,0.6863025468444663
Suelo_P,NDVI,Residual_ajustado,"[1.82,5.4]",257,3.6451846732626887,0.18271817829340056,0.6998722267783577
Suelo_P,NDVI,Residual_ajustado,"(5.4,8.07]",259,6.701124478376243,-0.03342255618335958,0.6702581630950094
Suelo_P,NDVI,Residual_ajustado,"(8.07,11.2]",254,9.731098454161252,-0.023295957980162152,0.7022968061093691
Suelo_P,NDVI,Residual_ajustado,"(11.2,15.9]",257,13.789795449215488,-0.10838828068859825,0.7100799054553876
Suelo_P,NDVI,Residual_ajustado,"(15.9,21.8]",258,18.87249627748128,-0.16064848037461063,0.7573153862981368
Suelo_P,NDVI,Residual_ajustado,"(21.8,34.9]",255,26.95148510136917,0.10747639340125574,0.7765871081086984
Suelo_P,Nitratos,Original,"[1.82,5.4]",257,3.6451846732626887,-0.12032439880504293,0.7471370189767819
Suelo_P,Nitratos,Original,"(5.4,8.07]",259,6.701124478376243,0.06349934175555344,0.5934698790432495
Suelo_P,Nitratos,Original,"(8.07,11.2]",254,9.731098454161252,0.10956282936201432,0.6142859863248336
Suelo_P,Nitratos,Original,"(11.2,15.9]",257,13.789795449215488,-0.06193214275424539,0.6469028741703011
Suelo_P,Nitratos,Original,"(15.9,21.8]",258,18.87249627748128,-0.07701052088003084,0.6584332074949796
Suelo_P,Nitratos,Original,"(21.8,34.9]",255,26.95148510136917,0.09928237131744785,0.8252858367095786
Suelo_P,Nitratos,Residual_ajustado,"[1.82,5.4]",257,3.6451846732626887,-0.025287535488038273,0.6592962901938627
Suelo_P,Nitratos,Residual_ajustado,"(5.4,8.07]",259,6.701124478376243,0.08559928587045676,0.7046672253078229
Suelo_P,Nitratos,Residual_ajustado,"(8.07,11.2]",254,9.731098454161252,-0.020152343882166513,0.6962635034774854
Suelo_P,Nitratos,Residual_ajustado,"(11.2,15.9]",257,13.789795449215488,-0.06372667131714477,0.7059360301387338
Suelo_P,Nitratos,Residual_ajustado,"(15.9,21.8]",258,18.87249627748128,0.05268991756514153,0.7509766764006388
Suelo_P,Nitratos,Residual_ajustado,"(21.8,34.9]",255,26.95148510136917,-0.01036934909631793,0.6955924079158399
Suelo_P,Potasio_savia,Original,"[1.82,5.4]",257,3.6451846732626887,-0.3524593918644646,0.8275287017213864
Suelo_P,Potasio_savia,Original,"(5.4,8.07]",259,6.701124478376243,-0.17176684484802288,0.6165738577828301
Suelo_P,Potasio_savia,Original,"(8.07,11.2]",254,9.731098454161252,-0.09274945434213033,0.5715360655878439
Suelo_P,Potasio_savia,Original,"(11.2,15.9]",257,13.789795449215488,-0.030728562183640444,0.5740778872653544
Suelo_P,Potasio_savia,Original,"(15.9,21.8]",258,18.87249627748128,0.2664414427220933,0.7700460522404867
Suelo_P,Potasio_savia,Original,"(21.8,34.9]",255,26.95148510136917,0.4309692850973496,0.8117770845668877
Suelo_P,Potasio_savia,Residual_ajustado,"[1.82,5.4]",257,3.6451846732626887,-0.08859839294586551,0.7693231725083591
Suelo_P,Potasio_savia,Residual_ajustado,"(5.4,8.07]",259,6.701124478376243,0.129337490408747,0.6897490062600212
Suelo_P,Potasio_savia,Residual_ajustado,"(8.07,11.2]",254,9.731098454161252,-0.007891236176344294,0.7178469640104796
Suelo_P,Potasio_savia,Residual_ajustado,"(11.2,15.9]",257,13.789795449215488,-0.04085362421813615,0.7126824592122772
Suelo_P,Potasio_savia,Residual_ajustado,"(15.9,21.8]",258,18.87249627748128,0.10205418399880788,0.7701831913746872
Suelo_P,Potasio_savia,Residual_ajustado,"(21.8,34.9]",255,26.95148510136917,-0.05616883542370584,0.7180069090337705
Suelo_pH,Altura,Original,"[1.82,5.4]",257,3.6451846732626887,-0.14784172945466018,0.6560491517582115
Suelo_pH,Altura,Original,"(5.4,8.07]",259,6.701124478376243,-0.1417722225148691,0.6376323101966068
Suelo_pH,Altura,Original,"(8.07,11.2]",254,9.731098454161252,-0.10745682303813876,0.6068443704370351
Suelo_pH,Altura,Original,"(11.2,15.9]",257,13.789795449215488,0.1301503467202914,0.6677090705452035
Suelo_pH,Altura,Original,"(15.9,21.8]",258,18.87249627748128,0.04578922666597195,0.7112255523597291
Suelo_pH,Altura,Original,"(21.8,34.9]",255,26.95148510136917,0.24783635565580206,0.862928709636824
Suelo_pH,Altura,Residual_ajustado,"[1.82,5.4]",257,3.6451846732626887,0.026224207343814056,0.660328508636959
Suelo_pH,Altura,Residual_ajustado,"(5.4,8.07]",259,6.701124478376243,-0.03759749404201075,0.7215544812132398
Suelo_pH,Altura,Residual_ajustado,"(8.07,11.2]",254,9.731098454161252,-0.0274931859326967,0.6625397008621225
Suelo_pH,Altura,Residual_ajustado,"(11.2,15.9]",257,13.789795449215488,0.014011397876023207,0.764481970211479
Suelo_pH,Altura,Residual_ajustado,"(15.9,21.8]",258,18.87249627748128,0.01373059714052786,0.7650352891236265
Suelo_pH,Altura,Residual_ajustado,"(21.8,34.9]",255,26.95148510136917,-0.00964208944309272,0.6538480325781568
Suelo_pH,Calcio_savia,Original,"[1.82,5.4]",257,3.6451846732626887,-0.3622460482330735,0.7477018556700727
Suelo_pH,Calcio_savia,Original,"(5.4,8.07]",259,6.701124478376243,-0.11367748629376934,0.7109153666289754
Suelo_pH,Calcio_savia,Original,"(8.07,11.2]",254,9.731098454161252,-0.0121342264573264,0.6176704023762778
Suelo_pH,Calcio_savia,Original,"(11.2,15.9]",257,13.789795449215488,-0.04780318986161338,0.6286201752766069
Suelo_pH,Calcio_savia,Original,"(15.9,21.8]",258,18.87249627748128,-0.06190802636435117,0.7384202102823486
Suelo_pH,Calcio_savia,Original,"(21.8,34.9]",255,26.95148510136917,0.651190534208138,0.6904763969255273
Suelo_pH,Calcio_savia,Residual_ajustado,"[1.82,5.4]",257,3.6451846732626887,-0.013170792180972956,0.6815661989346916
Suelo_pH,Calcio_savia,Residual_ajustado,"(5.4,8.07]",259,6.701124478376243,0.007143339398617404,0.703803380247656
Suelo_pH,Calcio_savia,Residual_ajustado,"(8.07,11.2]",254,9.731098454161252,0.003994536652170708,0.6912452991005932
Suelo_pH,Calcio_savia,Residual_ajustado,"(11.2,15.9]",257,13.789795449215488,0.028171371849812,0.7465157616906316
Suelo_pH,Calcio_savia,Residual_ajustado,"(15.9,21.8]",258,18.87249627748128,-0.033867868975737674,0.7719854428733445
Suelo_pH,Calcio_savia,Residual_ajustado,"(21.8,34.9]",255,26.95148510136917,-0.01018665416487848,0.6006309653232469
Suelo_pH,Diametro,Original,"[1.82,5.4]",257,3.6451846732626887,0.05716658696859727,0.8140900340539708
Suelo_pH,Diametro,Original,"(5.4,8.07]",259,6.701124478376243,-0.09366856455157417,0.6751433532082185
Suelo_pH,Diametro,Original,"(8.07,11.2]",254,9.731098454161252,-0.12647493987335853,0.7101228865657485
Suelo_pH,Diametro,Original,"(11.2,15.9]",257,13.789795449215488,0.13049273533039782,0.7969300482343779
Suelo_pH,Diametro,Original,"(15.9,21.8]",258,18.87249627748128,0.027369763981332177,0.6437640649865108
Suelo_pH,Diametro,Original,"(21.8,34.9]",255,26.95148510136917,0.006755457424776866,0.3575594822015829
Suelo_pH,Diametro,Residual_ajustado,"[1.82,5.4]",257,3.6451846732626887,0.042973895797924704,0.8693113485837537
Suelo_pH,Diametro,Residual_ajustado,"(5.4,8.07]",259,6.701124478376243,-0.036597686475565314,0.7043733443726032
Suelo_pH,Diametro,Residual_ajustado,"(8.07,11.2]",254,9.731098454161252,-0.0141714085753528,0.6962983886115975
Suelo_pH,Diametro,Residual_ajustado,"(11.2,15.9]",257,13.789795449215488,-0.0075761036110018895,0.721496269864056
Suelo_pH,Diametro,Residual_ajustado,"(15.9,21.8]",258,18.87249627748128,0.011185715261833111,0.5838278053668173
Suelo_pH,Diametro,Residual_ajustado,"(21.8,34.9]",255,26.95148510136917,0.008552223240024208,0.4061826222284713
Suelo_pH,Macollas,Original,"[1.82,5.4]",257,3.6451846732626887,0.18435840511367454,0.7702391397099622
Suelo_pH,Macollas,Original,"(5.4,8.07]",259,6.701124478376243,0.11941634605207806,0.6574605488580088
Suelo_pH,Macollas,Original,"(8.07,11.2]",254,9.731098454161252,0.01187992881292014,0.635644214035336
Suelo_pH,Macollas,Original,"(11.2,15.9]",257,13.789795449215488,0.18039755833432092,0.639151752118588
Suelo_pH,Macollas,Original,"(15.9,21.8]",258,18.87249627748128,0.03309429025356694,0.6551615867138627
Suelo_pH,Macollas,Original,"(21.8,34.9]",255,26.95148510136917,-0.5501729032108617,0.5208701193317486
Suelo_pH,Macollas,Residual_ajustado,"[1.82,5.4]",257,3.6451846732626887,0.0405065419812072,0.7206513440389957
Suelo_pH,Macollas,Residual_ajustado,"(5.4,8.07]",259,6.701124478376243,0.008378791952289591,0.6999107368480084
Suelo_pH,Macollas,Residual_ajustado,"(8.07,11.2]",254,9.731098454161252,-0.05465356715988866,0.7406861239036727
Suelo_pH,Macollas,Residual_ajustado,"(11.2,15.9]",257,13.789795449215488,0.024228620858647985,0.8131135952186822
Suelo_pH,Macollas,Residual_ajustado,"(15.9,21.8]",258,18.87249627748128,-0.02624274557459348,0.5963063061919215
Suelo_pH,Macollas,Residual_ajustado,"(21.8,34.9]",255,26.95148510136917,0.022543647092835205,0.570386574335313
Suelo_pH,NDVI,Original,"[1.82,5.4]",257,3.6451846732626887,0.05909090459078786,0.7215102239318791
Suelo_pH,NDVI,Original,"(5.4,8.07]",259,6.701124478376243,-0.10270781673609827,0.6915657484015364
Suelo_pH,NDVI,Original,"(8.07,11.2]",254,9.731098454161252,-0.26987798384684225,0.6830838997872355
Suelo_pH,NDVI,Original,"(11.2,15.9]",257,13.789795449215488,0.062260815490865484,0.6796135394030947
Suelo_pH,NDVI,Original,"(15.9,21.8]",258,18.87249627748128,0.20318893100551078,0.701765049547504
Suelo_pH,NDVI,Original,"(21.8,34.9]",255,26.95148510136917,0.03096019172850591,0.602938252718859
Suelo_pH,NDVI,Residual_ajustado,"[1.82,5.4]",257,3.6451846732626887,0.06509201689755624,0.7149497801670287
Suelo_pH,NDVI,Residual_ajustado,"(5.4,8.07]",259,6.701124478376243,-0.010547413387533053,0.715286354201508
Suelo_pH,NDVI,Residual_ajustado,"(8.07,11.2]",254,9.731098454161252,-0.060426530921955414,0.6893009263958588
Suelo_pH,NDVI,Residual_ajustado,"(11.2,15.9]",257,13.789795449215488,0.004591446202509864,0.8556317677992918
Suelo_pH,NDVI,Residual_ajustado,"(15.9,21.8]",258,18.87249627748128,-0.051642487765082526,0.6702783263503642
Suelo_pH,NDVI,Residual_ajustado,"(21.8,34.9]",255,26.95148510136917,0.02097952869568863,0.6639054076295497
Suelo_pH,Nitratos,Original,"[1.82,5.4]",257,3.6451846732626887,-0.1901746642973825,0.7074029977562297
Suelo_pH,Nitratos,Original,"(5.4,8.07]",259,6.701124478376243,0.11090744023479737,0.631201188717783
Suelo_pH,Nitratos,Original,"(8.07,11.2]",254,9.731098454161252,0.22797520350152636,0.6290462585244121
Suelo_pH,Nitratos,Original,"(11.2,15.9]",257,13.789795449215488,0.013574813528967068,0.6579297193945759
Suelo_pH,Nitratos,Original,"(15.9,21.8]",258,18.87249627748128,-0.24706885361459474,0.6875764535296313
Suelo_pH,Nitratos,Original,"(21.8,34.9]",255,26.95148510136917,0.10307183134000418,0.7282831849920725
Suelo_pH,Nitratos,Residual_ajustado,"[1.82,5.4]",257,3.6451846732626887,-0.05714391962006243,0.6637712870242197
Suelo_pH,Nitratos,Residual_ajustado,"(5.4,8.07]",259,6.701124478376243,0.02181334440904517,0.7031990290183265
Suelo_pH,Nitratos,Residual_ajustado,"(8.07,11.2]",254,9.731098454161252,0.0857441993441897,0.732904677615692
Suelo_pH,Nitratos,Residual_ajustado,"(11.2,15.9]",257,13.789795449215488,-0.03395822701698834,0.7506654771559654
Suelo_pH,Nitratos,Residual_ajustado,"(15.9,21.8]",258,18.87249627748128,-0.032446972121711715,0.669870456252953
Suelo_pH,Nitratos,Residual_ajustado,"(21.8,34.9]",255,26.95148510136917,0.012138586264866457,0.6093928397730377
Suelo_pH,Potasio_savia,Original,"[1.82,5.4]",257,3.6451846732626887,-0.21326534424600088,0.7973498315549119
Suelo_pH,Potasio_savia,Original,"(5.4,8.07]",259,6.701124478376243,-0.11509956668591534,0.6464576940805149
Suelo_pH,Potasio_savia,Original,"(8.07,11.2]",254,9.731098454161252,-0.0817644656266013,0.6093138353540409
Suelo_pH,Potasio_savia,Original,"(11.2,15.9]",257,13.789795449215488,0.008925589423887612,0.6334619098727118
Suelo_pH,Potasio_savia,Original,"(15.9,21.8]",258,18.87249627748128,0.038168963271917475,0.6550591972219151
Suelo_pH,Potasio_savia,Original,"(21.8,34.9]",255,26.95148510136917,0.4004621380409651,0.804843825533964
Suelo_pH,Potasio_savia,Residual_ajustado,"[1.82,5.4]",257,3.6451846732626887,-0.02270742223251448,0.76541852671627
Suelo_pH,Potasio_savia,Residual_ajustado,"(5.4,8.07]",259,6.701124478376243,-0.005779483996091369,0.6980055945212836
Suelo_pH,Potasio_savia,Residual_ajustado,"(8.07,11.2]",254,9.731098454161252,0.08551650441900718,0.6139241754614876
Suelo_pH,Potasio_savia,Residual_ajustado,"(11.2,15.9]",257,13.789795449215488,-0.08343752411962625,0.7424217114892507
Suelo_pH,Potasio_savia,Residual_ajustado,"(15.9,21.8]",258,18.87249627748128,0.020376687042863464,0.7153975121574696
Suelo_pH,Potasio_savia,Residual_ajustado,"(21.8,34.9]",255,26.95148510136917,0.014483167444656208,0.6011357862591278
Suelo_T,Altura,Original,"[1.82,5.4]",257,3.6451846732626887,-0.08468977983702404,0.49675122694853757
Suelo_T,Altura,Original,"(5.4,8.07]",259,6.701124478376243,-0.04291580889053508,0.6268846062431588
Suelo_T,Altura,Original,"(8.07,11.2]",254,9.731098454161252,-0.06777757971811471,0.6425381320933052
Suelo_T,Altura,Original,"(11.2,15.9]",257,13.789795449215488,-0.002207053648082188,0.7942712722902878
Suelo_T,Altura,Original,"(15.9,21.8]",258,18.87249627748128,0.05400485025879572,0.8537061505543063
Suelo_T,Altura,Original,"(21.8,34.9]",255,26.95148510136917,0.15215457454601103,0.6976919532059707
Suelo_T,Altura,Residual_ajustado,"[1.82,5.4]",257,3.6451846732626887,-0.052602552545165056,0.6791053237625384
Suelo_T,Altura,Residual_ajustado,"(5.4,8.07]",259,6.701124478376243,-0.009514296683693559,0.6884365721468741
Suelo_T,Altura,Residual_ajustado,"(8.07,11.2]",254,9.731098454161252,0.038654620017050834,0.6934180960059171
Suelo_T,Altura,Residual_ajustado,"(11.2,15.9]",257,13.789795449215488,0.039296645164777835,0.7211434458566449
Suelo_T,Altura,Residual_ajustado,"(15.9,21.8]",258,18.87249627748128,-0.004953910295623234,0.8032040843166979
Suelo_T,Altura,Residual_ajustado,"(21.8,34.9]",255,26.95148510136917,-5.752901667507606e-4,0.5519330304600908
Suelo_T,Calcio_savia,Original,"[1.82,5.4]",257,3.6451846732626887,-0.13433596360763114,0.6686881274959574
Suelo_T,Calcio_savia,Original,"(5.4,8.07]",259,6.701124478376243,-0.16029593340474232,0.6020259107377245
Suelo_T,Calcio_savia,Original,"(8.07,11.2]",254,9.731098454161252,-0.14570175771876803,0.6438170153203376
Suelo_T,Calcio_savia,Original,"(11.2,15.9]",257,13.789795449215488,0.06458390311801203,0.7558677002895051
Suelo_T,Calcio_savia,Original,"(15.9,21.8]",258,18.87249627748128,0.21727127936208812,0.8074970457876686
Suelo_T,Calcio_savia,Original,"(21.8,34.9]",255,26.95148510136917,0.16907024561796005,0.5604579931799207
Suelo_T,Calcio_savia,Residual_ajustado,"[1.82,5.4]",257,3.6451846732626887,0.031008498104697503,0.756870594886979
Suelo_T,Calcio_savia,Residual_ajustado,"(5.4,8.07]",259,6.701124478376243,-0.04766075476069073,0.6135397200914804
Suelo_T,Calcio_savia,Residual_ajustado,"(8.07,11.2]",254,9.731098454161252,-0.01175505190887609,0.63297670830876
Suelo_T,Calcio_savia,Residual_ajustado,"(11.2,15.9]",257,13.789795449215488,0.008472877221860768,0.756820322532312
Suelo_T,Calcio_savia,Residual_ajustado,"(15.9,21.8]",258,18.87249627748128,0.010633141358535393,0.7519192804993218
Suelo_T,Calcio_savia,Residual_ajustado,"(21.8,34.9]",255,26.95148510136917,9.185353508520912e-6,0.6114779476487833
Suelo_T,Diametro,Original,"[1.82,5.4]",257,3.6451846732626887,-0.06853168261134589,0.9886201202216278
Suelo_T,Diametro,Original,"(5.4,8.07]",259,6.701124478376243,0.042604056076786016,0.7030128496378236
Suelo_T,Diametro,Original,"(8.07,11.2]",254,9.731098454161252,0.024378238132209885,0.8563011612593824
Suelo_T,Diametro,Original,"(11.2,15.9]",257,13.789795449215488,-0.027191947078937347,0.6209544121673601
Suelo_T,Diametro,Original,"(15.9,21.8]",258,18.87249627748128,0.015968794113369343,0.46296382511257206
Suelo_T,Diametro,Original,"(21.8,34.9]",255,26.95148510136917,0.02856371638510904,0.33729630497752067
Suelo_T,Diametro,Residual_ajustado,"[1.82,5.4]",257,3.6451846732626887,-0.08721755898371619,0.9297902700301509
Suelo_T,Diametro,Residual_ajustado,"(5.4,8.07]",259,6.701124478376243,0.04353189161548265,0.7421691225965653
Suelo_T,Diametro,Residual_ajustado,"(8.07,11.2]",254,9.731098454161252,0.052820508919865165,0.8131037386555645
Suelo_T,Diametro,Residual_ajustado,"(11.2,15.9]",257,13.789795449215488,-0.032448875631399476,0.6743630890269687
Suelo_T,Diametro,Residual_ajustado,"(15.9,21.8]",258,18.87249627748128,0.056676863428239264,0.531226238103637
Suelo_T,Diametro,Residual_ajustado,"(21.8,34.9]",255,26.95148510136917,-0.009654269372294412,0.37147176848985014
Suelo_T,Macollas,Original,"[1.82,5.4]",257,3.6451846732626887,0.12259536214267275,0.6938219543894752
Suelo_T,Macollas,Original,"(5.4,8.07]",259,6.701124478376243,0.14060297256891144,0.6924454723209811
Suelo_T,Macollas,Original,"(8.07,11.2]",254,9.731098454161252,0.07492275699978092,0.6926879611120388
Suelo_T,Macollas,Original,"(11.2,15.9]",257,13.789795449215488,-0.07980525751934739,0.8010164769222586
Suelo_T,Macollas,Original,"(15.9,21.8]",258,18.87249627748128,-0.17394893500049255,0.7433216532568091
Suelo_T,Macollas,Original,"(21.8,34.9]",255,26.95148510136917,-0.10524809497628167,0.5071803731381914
Suelo_T,Macollas,Residual_ajustado,"[1.82,5.4]",257,3.6451846732626887,-0.07643264487018868,0.7209584245041628
Suelo_T,Macollas,Residual_ajustado,"(5.4,8.07]",259,6.701124478376243,0.015680941853148538,0.7685637597903958
Suelo_T,Macollas,Residual_ajustado,"(8.07,11.2]",254,9.731098454161252,0.013650963370397546,0.6981251949217797
Suelo_T,Macollas,Residual_ajustado,"(11.2,15.9]",257,13.789795449215488,0.05133482497249209,0.7499259615550302
Suelo_T,Macollas,Residual_ajustado,"(15.9,21.8]",258,18.87249627748128,0.05194282916898403,0.6865894668615252
Suelo_T,Macollas,Residual_ajustado,"(21.8,34.9]",255,26.95148510136917,-0.0508471178835182,0.4603571597305553
Suelo_T,NDVI,Original,"[1.82,5.4]",257,3.6451846732626887,-0.043808807890128115,0.7421044852510386
Suelo_T,NDVI,Original,"(5.4,8.07]",259,6.701124478376243,-0.039461455829770196,0.7374031551807755
Suelo_T,NDVI,Original,"(8.07,11.2]",254,9.731098454161252,-0.0022224281852093243,0.7345905672533516
Suelo_T,NDVI,Original,"(11.2,15.9]",257,13.789795449215488,0.03620430830007662,0.7376464313846741
Suelo_T,NDVI,Original,"(15.9,21.8]",258,18.87249627748128,0.05034850686907244,0.68541804016987
Suelo_T,NDVI,Original,"(21.8,34.9]",255,26.95148510136917,0.007569588226801175,0.4886681269425356
Suelo_T,NDVI,Residual_ajustado,"[1.82,5.4]",257,3.6451846732626887,-0.03112643200900089,0.7058537571788736
Suelo_T,NDVI,Residual_ajustado,"(5.4,8.07]",259,6.701124478376243,-0.02312934364929718,0.6993243707487706
Suelo_T,NDVI,Residual_ajustado,"(8.07,11.2]",254,9.731098454161252,-0.004246539504734041,0.7064452019156744
Suelo_T,NDVI,Residual_ajustado,"(11.2,15.9]",257,13.789795449215488,0.062139988518592225,0.7541405039699711
Suelo_T,NDVI,Residual_ajustado,"(15.9,21.8]",258,18.87249627748128,0.07080479416178782,0.7393420424651765
Suelo_T,NDVI,Residual_ajustado,"(21.8,34.9]",255,26.95148510136917,-0.06661631457487376,0.5089744669182326
Suelo_T,Nitratos,Original,"[1.82,5.4]",257,3.6451846732626887,0.0584027254434258,0.6983680344763016
Suelo_T,Nitratos,Original,"(5.4,8.07]",259,6.701124478376243,-3.0876024614738296e-4,0.710629971215449
Suelo_T,Nitratos,Original,"(8.07,11.2]",254,9.731098454161252,-0.09013124894772573,0.6766014694862696
Suelo_T,Nitratos,Original,"(11.2,15.9]",257,13.789795449215488,-0.028893262374053364,0.7706932911635375
Suelo_T,Nitratos,Original,"(15.9,21.8]",258,18.87249627748128,0.038517473482881794,0.7327751035424726
Suelo_T,Nitratos,Original,"(21.8,34.9]",255,26.95148510136917,0.005594593286984449,0.5661744351540894
Suelo_T,Nitratos,Residual_ajustado,"[1.82,5.4]",257,3.6451846732626887,-0.019973336652099553,0.7080030072107053
Suelo_T,Nitratos,Residual_ajustado,"(5.4,8.07]",259,6.701124478376243,-0.03699019426265648,0.6893404550512197
Suelo_T,Nitratos,Residual_ajustado,"(8.07,11.2]",254,9.731098454161252,0.005610758857879144,0.6942185497566526
Suelo_T,Nitratos,Residual_ajustado,"(11.2,15.9]",257,13.789795449215488,0.02314230968980487,0.7974596923263494
Suelo_T,Nitratos,Residual_ajustado,"(15.9,21.8]",258,18.87249627748128,0.011661539985177506,0.7244031541213227
Suelo_T,Nitratos,Residual_ajustado,"(21.8,34.9]",255,26.95148510136917,0.005973150140045779,0.526260595353147
Suelo_T,Potasio_savia,Original,"[1.82,5.4]",257,3.6451846732626887,-0.088916059483027,0.6594549776781125
Suelo_T,Potasio_savia,Original,"(5.4,8.07]",259,6.701124478376243,-0.11836270873497298,0.654505140524053
Suelo_T,Potasio_savia,Original,"(8.07,11.2]",254,9.731098454161252,-0.06283122812827369,0.7317278581493369
Suelo_T,Potasio_savia,Original,"(11.2,15.9]",257,13.789795449215488,0.023713863005538148,0.7479329950341692
Suelo_T,Potasio_savia,Original,"(15.9,21.8]",258,18.87249627748128,0.09573057761283592,0.781464559885996
Suelo_T,Potasio_savia,Original,"(21.8,34.9]",255,26.95148510136917,0.15830388890501454,0.5390624968104437
Suelo_T,Potasio_savia,Residual_ajustado,"[1.82,5.4]",257,3.6451846732626887,0.0015562638827634155,0.677747795194017
Suelo_T,Potasio_savia,Residual_ajustado,"(5.4,8.07]",259,6.701124478376243,-0.020014500383372387,0.6863562315804901
Suelo_T,Potasio_savia,Residual_ajustado,"(8.07,11.2]",254,9.731098454161252,0.02816071965179535,0.7333559909220633
Suelo_T,Potasio_savia,Residual_ajustado,"(11.2,15.9]",257,13.789795449215488,0.030041666414913355,0.7656431548651444
Suelo_T,Potasio_savia,Residual_ajustado,"(15.9,21.8]",258,18.87249627748128,-0.05257735391642883,0.7142340588985552
Suelo_T,Potasio_savia,Residual_ajustado,"(21.8,34.9]",255,26.95148510136917,0.013118746410783248,0.5316616551431045
