Variable_suelo,Variable_cultivo,n_original,Pearson_original,Spearman_original,n_residual,Pearson_residual,Spearman_residual,Cambio_abs_Spearman,Estabilidad_direccion,Magnitud_residual
Suelo_CE,Altura,56,-0.13833448997330142,-0.1281315151642096,56,0.03599044714181764,0.052289815447710185,-0.0758416997164994,Dirección cambia tras ajuste,Muy limitada
Suelo_CE,Calcio_savia,56,-0.45263011651644786,-0.43911176043646266,56,0.11433875627867277,0.19706420139926797,-0.2420475590371947,Dirección cambia tras ajuste,Muy limitada
Suelo_CE,Diametro,56,0.09535291611560139,0.12583325147465166,56,0.10828402333784169,0.08537252221462749,-0.04046072926002417,Dirección estable,Muy limitada
Suelo_CE,Macollas,56,0.4969780309940044,0.5099616849582044,56,0.06999540869110793,0.08646616541353383,-0.4234955195446706,Dirección estable,Muy limitada
Suelo_CE,NDVI,56,0.21026158920464783,0.1512940297894557,56,0.34412083039350866,0.3349965823650034,0.1837025525755477,Dirección estable,Limitada
Suelo_CE,Nitratos,56,-0.10871730009677054,-0.11756060719719202,56,-0.1868351423774937,-0.16001367053998633,0.042453063342794306,Dirección estable,Muy limitada
Suelo_CE,Potasio_savia,56,-0.43606364764113115,-0.3958712403019201,56,-0.3650934627205432,-0.3541353383458647,-0.04173590195605542,Dirección estable,Limitada
Suelo_CE_corregida_OLS,Altura,56,-0.13833448997330935,-0.1281315151642096,56,0.035990447141804896,0.052289815447710185,-0.0758416997164994,Dirección cambia tras ajuste,Muy limitada
Suelo_CE_corregida_OLS,Calcio_savia,56,-0.4526301165164453,-0.43911176043646266,56,0.11433875627867955,0.19706420139926797,-0.2420475590371947,Dirección cambia tras ajuste,Muy limitada
Suelo_CE_corregida_OLS,Diametro,56,0.09535291611560345,0.12583325147465166,56,0.10828402333784491,0.08537252221462749,-0.04046072926002417,Dirección estable,Muy limitada
Suelo_CE_corregida_OLS,Macollas,56,0.49697803099399984,0.5099616849582044,56,0.06999540869109666,0.08646616541353383,-0.4234955195446706,Dirección estable,Muy limitada
Suelo_CE_corregida_OLS,NDVI,56,0.21026158920464785,0.1512940297894557,56,0.3441208303935027,0.3349965823650034,0.1837025525755477,Dirección estable,Limitada
Suelo_CE_corregida_OLS,Nitratos,56,-0.10871730009676757,-0.11756060719719202,56,-0.1868351423774892,-0.16001367053998633,0.042453063342794306,Dirección estable,Muy limitada
Suelo_CE_corregida_OLS,Potasio_savia,56,-0.43606364764112937,-0.3958712403019201,56,-0.3650934627205367,-0.3541353383458647,-0.04173590195605542,Dirección estable,Limitada
Suelo_Hv,Altura,56,0.04183027385305863,-0.10728322915456226,56,-0.22875458461286613,-0.22720437457279563,0.11992114541823337,Dirección estable,Limitada
Suelo_Hv,Calcio_savia,56,-0.007254637388651958,0.0052822380180608695,56,-0.07559349559923606,-0.0796322562019241,0.07435001818386323,Dirección cambia tras ajuste,Muy limitada
Suelo_Hv,Diametro,56,0.16969201572458126,0.06956551663974903,56,0.0545593329350841,0.020027341079972658,-0.04953817555977637,Dirección estable,Muy limitada
Suelo_Hv,Macollas,56,0.09425978885239603,0.07528577211214904,56,0.12073659702221749,-0.04395078605604921,-0.03133498605609983,Dirección cambia tras ajuste,Muy limitada
Suelo_Hv,NDVI,56,0.059871207731670706,-0.10175190416570444,56,0.03987560671333707,-0.07580314422419686,-0.025948759941507582,Dirección estable,Muy limitada
Suelo_Hv,Nitratos,56,-0.07175158115969325,0.16609072102706635,56,0.13535136942266007,0.12597402597402596,-0.040116695053040385,Dirección estable,Muy limitada
Suelo_Hv,Potasio_savia,56,0.1293602945324166,-0.05845055680892751,56,0.007224660128567885,0.022898154477101845,-0.03555240233182566,Dirección cambia tras ajuste,Muy limitada
Suelo_K,Altura,56,-0.13597643715353813,-0.13069482901785479,56,0.039274227788805204,0.06274777853725222,-0.06794705048060257,Dirección cambia tras ajuste,Muy limitada
Suelo_K,Calcio_savia,56,-0.45154861365615745,-0.44559450709499193,56,0.1097797646132245,0.18212888124465818,-0.26346562585033373,Dirección cambia tras ajuste,Muy limitada
Suelo_K,Diametro,56,0.09846014521137264,0.12785013868926848,56,0.11042740411633985,0.10095693779904306,-0.026893200890225413,Dirección estable,Muy limitada
Suelo_K,Macollas,56,0.4961772379480553,0.5146927580690771,56,0.07326959344835782,0.08386876281613123,-0.4308239952529459,Dirección estable,Muy limitada
Suelo_K,NDVI,56,0.21786023339591123,0.15125938494636212,56,0.35359707780944594,0.350786056049214,0.19952667110285185,Dirección estable,Limitada
Suelo_K,Nitratos,56,-0.11395836482604664,-0.11934027286655272,56,-0.18883815548183652,-0.1618591934381408,0.0425189205715881,Dirección estable,Muy limitada
Suelo_K,Potasio_savia,56,-0.4362823517880042,-0.39851404292921744,56,-0.3674427983791712,-0.355228981544771,-0.04328506138444643,Dirección estable,Limitada
Suelo_N,Altura,56,-0.13940489602424969,-0.1343518234490552,56,0.04175265911430587,0.06473000683527,-0.06962181661378519,Dirección cambia tras ajuste,Muy limitada
Suelo_N,Calcio_savia,56,-0.45759518915989383,-0.44288478759222044,56,0.10566117283098748,0.18510227450198322,-0.25778251309023725,Dirección cambia tras ajuste,Muy limitada
Suelo_N,Diametro,56,0.0966592996009521,0.1306190855432339,56,0.1126481634048059,0.09384825700615175,-0.03677082853708215,Dirección estable,Muy limitada
Suelo_N,Macollas,56,0.5014243387434186,0.5187038852717736,56,0.07678257527399761,0.10218728639781272,-0.41651659887396086,Dirección estable,Muy limitada
Suelo_N,NDVI,56,0.2119910637577225,0.15867338136837805,56,0.3505513124541012,0.34832535885167465,0.1896519774832966,Dirección estable,Limitada
Suelo_N,Nitratos,56,-0.10850122173878272,-0.1096547847044551,56,-0.1905084897159746,-0.16486671223513327,0.055211927530678176,Dirección estable,Muy limitada
Suelo_N,Potasio_savia,56,-0.4388224165115457,-0.3917182647447385,56,-0.3645249224349495,-0.35946684894053316,-0.03225141580420532,Dirección estable,Limitada
Suelo_P,Altura,56,-0.1371265607403571,-0.13165179952321562,56,0.04152512788524022,0.05714285714285714,-0.07450894238035849,Dirección cambia tras ajuste,Muy limitada
Suelo_P,Calcio_savia,56,-0.45587680357003246,-0.4479955243759287,56,0.11830172228047175,0.2031818725838793,-0.24481365179204942,Dirección cambia tras ajuste,Limitada
Suelo_P,Diametro,56,0.0989239152763178,0.13178135953131817,56,0.11411784535448873,0.08653451811346549,-0.04524684141785268,Dirección estable,Muy limitada
Suelo_P,Macollas,56,0.4994698930395495,0.514212794130293,56,0.0697778723524262,0.0876965140123035,-0.4265162801179895,Dirección estable,Muy limitada
Suelo_P,NDVI,56,0.20731854083318985,0.15264517867010344,56,0.3458785204853255,0.3446343130553657,0.19198913438526224,Dirección estable,Limitada
Suelo_P,Nitratos,56,-0.10485990148378614,-0.11571249284824053,56,-0.1863521184615057,-0.15461380724538618,0.03890131439714564,Dirección estable,Muy limitada
Suelo_P,Potasio_savia,56,-0.44050114593535195,-0.4060992296906813,56,-0.37206523834811056,-0.3572795625427204,-0.04881966714796088,Dirección estable,Limitada
Suelo_pH,Altura,56,-0.23462425913742452,-0.18308896418636195,56,0.19260757774618287,0.22200956937799043,0.03892060519162849,Dirección cambia tras ajuste,Limitada
Suelo_pH,Calcio_savia,56,-0.4426945003814878,-0.4152387886145772,56,0.1678407570545248,0.18848579096721518,-0.226752997647362,Dirección cambia tras ajuste,Muy limitada
Suelo_pH,Diametro,56,-0.022825223078282116,0.09216149034926946,56,-0.03947729019953645,0.11510594668489404,0.022944456335624586,Dirección estable,Muy limitada
Suelo_pH,Macollas,56,0.1478961920452613,0.08893046122901394,56,-0.1419287111746156,-0.24032809295967192,0.15139763173065798,Dirección cambia tras ajuste,Limitada
Suelo_pH,NDVI,56,0.13255808292987953,0.0995692790508119,56,0.296198215666234,0.29460013670539986,0.19503085765458794,Dirección estable,Limitada
Suelo_pH,Nitratos,56,-0.13760435715829364,-0.12515841063177036,56,0.04583811491693976,0.036295283663704714,-0.08886312696806564,Dirección cambia tras ajuste,Muy limitada
Suelo_pH,Potasio_savia,56,-0.3225875888912326,-0.28175021775953374,56,-0.06892536401403983,-0.030485304169514695,-0.25126491359001907,Dirección estable,Muy limitada
Suelo_T,Altura,56,-0.07525388797382128,-0.13626576445977692,56,-0.09125980355281903,-0.11161995898838004,-0.024645805471396887,Dirección estable,Muy limitada
Suelo_T,Calcio_savia,56,-0.09882654362803968,-0.11075549714492564,56,0.08863681721095087,0.09593465371622359,-0.014820843428702046,Dirección cambia tras ajuste,Muy limitada
Suelo_T,Diametro,56,-0.1465180632188434,-0.16087239376248594,56,-0.2217340935462431,-0.1556390977443609,-0.005233296018125028,Dirección estable,Muy limitada
Suelo_T,Macollas,56,0.1917629959124316,0.21900068863953007,56,-0.05504741045960613,-0.0026657552973342446,-0.21633493334219583,Dirección cambia tras ajuste,Muy limitada
Suelo_T,NDVI,56,-0.07930143841665847,-0.060385961512026846,56,-0.07933962402701848,0.010526315789473684,-0.049859645722553164,Dirección cambia tras ajuste,Muy limitada
Suelo_T,Nitratos,56,0.14637253385022736,0.08973621894353347,56,0.10214803241996324,0.06404647983595352,-0.025689739107579948,Dirección estable,Muy limitada
Suelo_T,Potasio_savia,56,-0.061597916117680736,-0.07825441545763635,56,0.0047251526153966545,-0.09856459330143541,0.020310177843799057,Dirección estable,Muy limitada
