Nodo,X,Y,Replication,Dose_percent,Omission_description,Suelo_CE,Suelo_CE_corregida_OLS,Suelo_N,Suelo_P,Suelo_K,Suelo_pH,Suelo_T,Suelo_Hv,Macollas,Altura,Diametro,NDVI,Nitratos,Potasio_savia,Calcio_savia,RES_Suelo_CE,RES_Suelo_CE_corregida_OLS,RES_Suelo_N,RES_Suelo_P,RES_Suelo_K,RES_Suelo_pH,RES_Suelo_T,RES_Suelo_Hv,RES_Macollas,RES_Altura,RES_Diametro,RES_NDVI,RES_Nitratos,RES_Potasio_savia,RES_Calcio_savia
1,587212.895,517579,1,100,Sin K,324.6402235809403,568.7059999973585,22.427024753216713,31.98278557698091,64.70673585216969,8.360371652669484,16.390856305908574,14.840328765734377,8.666666666666666,28.53333333333333,3.3555555555555556,0.7,4900,4100,1200,36.12587264028343,33.60789931726244,2.3024065233445397,3.616019139848009,7.416115522349795,-0.06680850635297453,-0.1321810432855444,0.4786078703328182,0.2361111111111197,-9.631944444444507,0.15092592592592663,0.007916666666666088,491.6666666666782,175.00000000001125,103.33333333333528
2,587211.104,517578,1,100,Sin Fe,337.15086656957567,580.3446511696878,23.560660362417142,33.26813010971999,67.21999493961627,8.217142527949312,16.36011865982005,14.772671519790729,8.333333333333334,39.13333333333333,3.2999999999999994,0.69,5500,4100,1000,29.430340547831165,27.37904581165253,1.9875186972589138,2.9880538003534642,6.073570346804284,-0.43987326697190465,-0.4205096608710239,-0.05500086347735663,-0.5138888888888848,-0.6486111111111105,0.02037037037036949,-0.017083333333333336,391.66666666666526,-200.00000000000182,103.3333333333324
3,587208.994,517576,1,100,Sin Cu,298.9352269157599,544.7926415997391,20.902369398335367,29.280772308596628,59.09602907016894,8.231251924454888,16.304335526651716,14.759608853712594,7.333333333333333,39.9,3.3444444444444446,0.7,5400,4200,940,25.432895647892593,23.66022282123821,1.7141853924242925,2.3454872861922778,4.808809520750543,-0.10930419871243616,-0.08308839461079151,0.020948008495846833,-0.6076388888888917,-1.6940277777777522,0.11162037037037037,-0.005583333333333284,786.6666666666653,-111.87499999999952,-34.47916666666492
4,587207.025,517574,1,75,Sin P,271.87702244030226,519.6203939762178,18.73628086611692,27.05917647910598,53.581284404288716,7.42520932324566,16.333889117557277,14.826978230382531,7.666666666666667,48.333333333333336,3.3000000000000003,0.66,6100,4400,1400,18.98826723663825,17.664785010247307,1.2074561894849292,2.12693081090076,3.65969946714365,0.19703089249557576,-0.22711853018360734,0.11590846074010397,0.07569444444444559,5.121527777777783,0.12912037037037036,-0.013750000000000017,399.9999999999998,-66.87499999999966,84.02083333333354
5,587204.915,517572,1,75,Completo,305.8781793251412,551.2516702261818,21.150811636635034,30.062505935158978,60.05966081203442,7.0918728539374545,16.457688607156356,14.726391360087236,8,46.5,3.077777777777778,0.68,5800,4400,1600,15.322853675468108,14.254850774287963,0.924958278680166,1.5239587138310033,2.6728981348629617,-0.09404787448716531,-0.12099449395750353,-0.06542289756047917,0.609027777777779,2.7948611111111097,-0.07532407407407386,-0.007749999999999934,-59.99999999999825,153.12499999999974,26.020833333333233
6,587202.983,517570,1,75,Sin N,148.85795091202448,405.1757517334531,10.55382148641013,14.678825809389854,29.460809057147817,8.352391409188108,16.006800261883832,15.03269131416882,5.666666666666667,44.43333333333334,3.3333333333333335,0.65,4100,4100,1500,-78.00813907798843,-72.57097178425634,-5.273727915816377,-7.496049411238319,-15.761008350218596,0.6973753481809251,-0.5562639418497634,0.07808121089545894,-1.1909722222222225,2.588194444444447,0.264675925925926,-0.01375000000000003,-199.99999999999963,-6.875000000000373,-83.97916666666654
7,587201.014,517569,2,100,Sin Cu,200.9358476625796,453.62381908049406,14.123732236809962,19.85889325347906,39.99255671661046,7.1257731622419325,15.935461193644215,14.733609465511103,6.666666666666667,44.699999999999996,3.1333333333333337,0.7,3400,4400,1200,-11.170910288843041,-10.392297841714322,-0.6475907350273116,-0.8420039143253579,-2.199995785677682,-0.8496157887158036,-0.2724699146911905,-0.02381398328014018,0.8368055555555567,2.0809722222222167,-0.11106481481481462,-0.012250000000000006,-1130,-336.87500000000017,-223.64583333333377
8,587198.948,517567,2,100,Sin K,185.1994995630996,438.98429444354707,12.466164086525746,17.940420264903995,36.68296721220198,8.676340309296256,15.629953510551685,14.541577600093,5.666666666666667,42.63333333333333,2.888888888888889,0.69,3800,4400,1400,-41.91927806111296,-38.99750438025883,-3.2415931092726553,-4.191958317629023,-8.512986070487663,0.6143273224833564,-0.7135910257153972,0.1610941011169401,-0.6527777777777807,3.4430555555555804,-0.32731481481481545,-0.008749999999999812,-525.0000000000041,49.999999999996035,-145.8333333333341
9,587197.023,517566,2,100,Control,134.24655651633088,391.58277152713356,8.709670951393623,12.961889519778692,26.446414214170325,8.355867033529973,16.219063677723863,14.745240864528704,4.666666666666667,46.46666666666667,3.333333333333334,0.66,3600,4200,1600,-72.77142250113339,-67.69925435281131,-5.539755510906672,-7.243134341129392,-14.614998531127103,0.04318327722183816,-0.1470418314988843,-0.05996580933906113,-1.163194444444444,3.347638888888895,0.04226851851851901,-0.014249999999999987,409.99999999999955,-36.874999999999744,268.35416666666663
10,587194.69,517564,2,75,Sin P,157.04766448983474,412.7946422748846,10.5044462927879,15.16904986527205,31.333473314183614,7.019653100617845,16.297675315344055,14.693171625422769,6.333333333333333,48.800000000000004,3.2777777777777786,0.69,5400,4700,1700,-34.445517397384634,-32.04466483479342,-2.6075173497703004,-3.5288079483332484,-6.4934445758312185,0.15664184207734305,-0.08383951946972783,-0.03666074779415319,0.8534722222222226,4.5631944444444485,0.09532407407407466,0.009583333333333265,-216.66666666666615,-191.87499999999935,-65.14583333333314
11,587193.167,517562,2,75,Sin Mn,131.81644067334886,389.32203475841084,9.041590553866788,12.667347528310373,26.27119483133049,6.212117508429258,15.845158233713603,14.586305647917328,6,41.13333333333333,3.222222222222222,0.7,5900,4500,2000,-37.70731319734352,-35.07911346749124,-2.614968692805794,-3.7107196978833072,-7.46187491025368,-0.572283215290789,-0.5858808839082866,-0.12605850511040137,0.7868055555555562,-4.443472222222228,-0.05134259259259291,-4.166666666667294e-4,403.33333333333394,-71.87499999999922,46.85416666666676
12,587191.101,517561,2,75,Sin Zn,159.69332848488125,415.25590348947674,10.742533285444937,15.39784089115294,31.321462867702863,6.534018154170608,16.24488757423928,14.779971419273359,5.666666666666667,47.86666666666667,3.2222222222222223,0.69,5400,4900,1800,-42.94785118353757,-39.95438595604921,-3.139649049036518,-4.348957206961871,-8.792580031465178,-0.5446694139521497,-0.2500739909998006,0.14124502180192422,0.5972222222222225,0.7152777777777792,0.10740740740740759,-0.002916666666666742,183.3333333333342,50.00000000000057,-140.8333333333332
13,587189.132,517559,3,100,Control,145.5237110627009,402.07390840162464,9.964649182665944,13.920440598608678,28.80742594513706,6.823911223043582,16.587488417945256,15.030052093858945,7.666666666666667,44.333333333333336,3.3111111111111113,0.67,2800,4300,1000,-56.09891095382487,-52.188816860347,-3.8901524830676264,-5.683365984823557,-11.138227147465376,-0.29275985376104624,0.14653560692532833,0.053903767104181495,0.7083333333333339,-7.051666666666664,-0.08944444444444449,-0.00799999999999998,-339.9999999999983,-252.49999999999991,-536.7500000000001
14,587187.054,517557,3,100,Sin Mo,213.67980437274474,465.479522007962,14.866279584705195,20.866984207334028,42.67746640007951,7.041364067333705,16.34828161043097,14.691481955342187,7.333333333333333,62.333333333333336,3.533333333333333,0.72,4500,4800,2000,19.57178595431475,18.20763247329875,1.5275375842675285,1.9769366012403784,3.994043280529928,-0.15226482684433626,-0.1853875162504944,-0.2125550405593651,-0.4916666666666677,6.901666666666671,-0.11611111111111119,-0.001999999999999988,-320,-632.5000000000005,331.2500000000003
15,587188.6,517555,3,100,Sin Mn,221.56053182485203,472.8109627566596,15.339998739322306,21.65602791257174,44.04155765452988,6.8348240819865955,16.45210968892871,14.771259660054069,7.333333333333333,56.666666666666664,4.022222222222222,0.72,4900,4800,1700,14.546190579563376,13.53232109616806,1.0476907455067583,1.6071387292145745,2.8226264771055676,0.3599866148576562,-0.016807582680864772,-0.1516117525541479,-0.09166666666666747,3.7683333333333326,0.43500000000000005,-3.469446951953614e-18,419.9999999999998,-12.500000000000053,-0.749999999999968
16,587190.678,517557,3,100,Sin Cu,178.32928128728045,432.5929303815548,12.275055004772081,17.16568873879705,35.39507101505339,6.543405977416025,16.404440793303923,14.774624934352808,6.666666666666667,45.333333333333336,3.2777777777777777,0.71,5300,5700,1900,-28.38211966320374,-26.40388592268034,-2.101643170498468,-2.9339911515315173,-5.681721834539772,-0.23597029403820163,0.12166238317133737,-0.15374016732543436,-0.29166666666666596,-5.551666666666668,-0.0761111111111113,-0.005999999999999996,819.9999999999995,647.5,271.24999999999966
17,587192.647,517559,2,75,Completo,175.6150853678236,430.0679139176843,11.948453872332482,16.984244434043607,34.49482236840592,7.150641894744437,16.108180467084274,14.776197480845244,5.333333333333333,37.6,3.255555555555555,0.7,5900,4700,2300,-53.544666965404936,-49.81260367791718,-3.860538451548596,-5.319914932684455,-10.797273261635315,0.32988833852940036,-0.29100982110248413,-0.03437938037696623,0.0534722222222223,-7.1301388888888955,0.09087962962962921,0.00558333333333327,123.33333333333414,28.12500000000046,276.8541666666668
18,587194.713,517560,2,75,Sin Mg y S,181.8089981297853,435.8301109601372,12.633121782604167,17.738206878881982,36.220590190047126,6.911888973434174,16.411153349030926,14.771366557204301,6,49.53333333333333,3.3444444444444446,0.71,5200,5600,1800,2.4429181911009907,2.27264679318221,0.23285391872012703,0.23341653943830892,0.6273014846197039,0.0822242978578974,-0.12670354564957992,-0.0936130251950063,0.1868055555555561,2.756527777777774,-0.24912037037037052,0.019583333333333286,-336.66666666666595,608.1250000000006,-53.14583333333319
19,587196.236,517562,2,75,Sin Mo,166.27803468695151,421.3816556692683,11.259529776952602,16.05217296569518,33.216993375202875,6.619416589371271,16.35445327649193,14.728083828448181,6,48.36666666666667,3.6222222222222222,0.7,5600,5600,1800,9.660603643117716,8.98725956919451,0.5565365236578949,0.8329473167650152,2.019431691493424,-0.8837755613978774,-0.1413376962018469,0.03455409212711599,0.3868055555555564,0.25652777777777636,0.286435185185185,-0.0024166666666667084,-236.6666666666662,408.12500000000085,-121.14583333333329
20,587198.569,517564,2,100,Sin B,127.48522014555596,385.2927003014059,8.319925793702573,12.215007861599805,25.14689648991577,8.618405408688286,15.996168585176823,14.736776045855486,5.666666666666667,46.4,3.4222222222222225,0.71,5700,5000,1300,-90.3141674157372,-84.0192699468651,-6.712979114064046,-9.04159234630073,-18.163239840025685,-0.04288245497147037,-0.2547726916297065,-0.04745896612101833,0.1805555555555559,2.7763888888888895,-0.10231481481481455,-0.0037500000000000033,1000,424.99999999999994,-120.83333333333331
21,587200.494,517565,2,100,Sin Mo,200.32890913760988,453.059184170717,13.671251145031947,19.499108760555256,39.7143568280938,9.06164002492853,16.222399562334573,14.770859378318859,6.666666666666667,45.9,3.622222222222222,0.72,4500,5600,1300,0.8255337182414157,0.7679940180805733,-0.06211565197244168,0.007843876985756781,-0.08482594415077205,0.67199845124698,-0.23642226254971163,0.03776403530430542,-0.02986111111111045,-1.2656944444444465,0.08226851851851803,0.0017500000000000276,-370.0000000000001,483.12500000000006,-163.64583333333331
22,587202.56,517567,2,100,Sin Mg y S,228.71581992531452,479.46752727652085,16.016362224247217,22.510711138719692,45.32212661886285,6.798711077414722,16.249920116280524,14.769496169007805,7,46.03333333333333,5.233333333333333,0.7,4600,4700,1200,6.46379561109554,6.013269057003225,0.5857208166534948,0.7338815646366859,1.1272168249003118,-0.917403021073956,-0.25096763059048793,-0.1350490200849902,0.10347222222222212,0.20097222222222166,1.435601851851852,-0.006250000000000002,30.00000000000005,-216.87500000000003,-195.64583333333331
23,587204.529,517569,1,75,Sin Cu,179.35144908473524,433.543853083527,12.563214588997907,17.648656674545162,35.44873722959188,8.670240740899265,16.38293786938734,14.80213411241923,6.333333333333333,45.06666666666666,3.055555555555556,0.7,5800,4400,1500,-51.264937807597256,-47.69177164241107,-3.594595873203471,-5.014589113219836,-10.236861231291366,1.216134040644348,-0.041455199684659896,0.1030388738959706,-0.5243055555555552,2.5281944444444377,0.026898148148148136,0.01024999999999997,220.00000000000037,13.124999999999709,68.02083333333297
24,587206.461,517570,1,75,Sin Zn,266.9609037597214,515.0469287676699,18.452394886895814,26.200105430127255,52.566904640460635,7.066919836938569,16.513726474009,14.771244702156883,6.333333333333333,38.733333333333334,2.833333333333333,0.67,5600,4400,1600,2.924150774857984,2.7203374658515913,0.15335151834056734,0.21891947741252737,0.35819469416236405,-0.37693490339377195,-0.16072790415717997,0.15128090825994386,-0.8472222222222227,-7.393055555555555,-0.26990740740740765,-0.01624999999999996,300.0000000000001,-25.00000000000009,108.33333333333323
25,587208.571,517572,1,75,Control,256.1258580393511,504.9670857340086,17.726247836111167,25.326578967775372,50.507535519646744,7.020968261576204,16.337856589118964,14.774673330269287,6.333333333333333,41.9,2.844444444444444,0.66,5000,4300,1600,30.598250080977017,28.465552050334022,2.0903338834467613,3.1592064869067062,5.953076815754215,-0.7704332440291126,-0.2447108808403785,0.027794866669506244,-0.5243055555555561,-1.1384722222222237,-0.23087962962963018,0.008249999999999967,759.9999999999994,413.1249999999998,260.0208333333334
26,587210.54,517574,1,100,Sin B,289.3965930392144,535.9188505043825,20.31907248702906,28.36166907241274,57.3018633136179,8.589729757483079,16.306028690856877,14.740244243031377,7.666666666666667,40.93333333333333,3.511111111111111,0.71,4600,4400,1200,10.201632161476681,9.490578399819114,0.8693065451886468,0.8706810099122909,1.8970599365462202,-0.43672527838625963,-0.12440539887675486,-0.025228165370631654,0.06944444444444381,-1.6652777777777792,-0.0018518518518519551,0.002916666666666676,-183.3333333333342,249.99999999999943,228.33333333333317
27,587212.65,517576,1,100,Completo,351.43520700006127,593.6333730721611,24.674324396962845,34.762463810698314,70.29822852883609,8.532817089257899,16.29326404711778,14.818866518158394,7,46.300000000000004,3.411111111111111,0.72,4000,4200,750,17.993936974853476,16.73975956770465,1.418097495298292,1.9518773547310075,4.309844763129509,0.4604469379208786,-0.24844990618658602,-0.0125133461828092,-1.4743055555555564,3.539305555555555,0.05384259259259251,0.016416666666666694,-893.3333333333339,28.124999999999176,-366.47916666666663
28,587214.441,517577,1,100,Sin N,333.52374826493326,576.9703430108742,23.115512683275966,32.88484736563646,66.53310510692116,8.598419743679832,16.553360689663215,14.785946992859733,9.333333333333334,44.300000000000004,3.6222222222222222,0.7,3600,3200,1200,63.77171389938574,59.326825440602036,4.257589737339775,6.437932910368955,12.709666611019632,0.05695425976024784,0.027265633739112973,-0.20822871710711663,1.3923611111111112,3.399305555555558,0.3493981481481481,0.020416666666666663,266.66666666666583,-831.8750000000005,73.52083333333324
29,587215.987,517575,1,100,Sin Zn,330.833363690577,574.4674782413472,23.051969831657853,32.599996026109245,65.97664102156239,8.54937924767802,16.555892325811563,14.278038013040021,9.333333333333334,50.6,3.577777777777778,0.73,3600,4100,950,23.910666330178927,22.24409288696621,1.7225529193929245,2.346770838755185,5.166309986728996,0.21907508443327883,-0.081592904545125,-0.3814913875504063,1.0694444444444442,5.418055555555559,0.27037037037037065,0.027916666666666704,-733.3333333333342,-250.00000000000077,-84.16666666666687
30,587214.196,517574,1,100,Control,287.7751290165133,534.410402524065,20.266920604752585,28.378436944740066,57.024401066147774,8.67311239861547,16.59755296532245,14.758842554034423,8.666666666666666,43.4,3.333333333333334,0.67,2200,3700,780,19.36157668260453,18.01207478782779,1.600633108378498,1.9390252292320669,3.868321273720122,-0.004738529902248628,0.051954643172600956,-0.02760151625884618,0.7256944444444431,1.3059722222222223,0.05384259259259293,0.0024166666666666967,-1073.3333333333342,-111.8750000000006,-102.47916666666673
31,587212.086,517572,1,100,Sin Mg y S,264.7594785419162,512.9989428875452,18.63539592107022,26.282479916542062,52.72037646258289,8.693843336757977,17.13188575892372,15.473366317610523,9.333333333333334,44.6,3.488888888888889,0.69,5800,4600,1000,-18.888119088747317,-17.57161718826476,-1.212106520597294,-1.7287375121408601,-3.5692003785098825,0.6125620660597169,0.4515051991256057,0.5875837320922229,0.3256944444444445,-0.20736111111110955,-0.29726851851851865,-0.009583333333333333,1146.6666666666658,108.1249999999994,53.52083333333313
32,587210.117,517570,1,75,Sin K,193.102799608652,446.33673447592827,13.585240219156278,18.522970665932903,37.89851268036552,6.6933551093884605,17.217162578176637,13.192515236975582,7,44.5,3.077777777777778,0.67,5200,4200,1300,-52.52560695647043,-48.86457215160735,-3.5090044670062293,-5.571756536560703,-10.79048656091923,-0.8473756267216206,0.6571560811729612,-1.1296400517324932,-0.34722222222222543,5.3902777777778015,0.0773148148148146,-0.006249999999999753,-175.000000000004,199.999999999996,-254.16666666666728
33,587208.007,517569,1,75,Sin Mn,242.41409310091885,492.2110308117851,16.732262330262238,23.650899525702513,47.93557930942905,6.6013683990650165,16.88959875188627,14.962808925389428,6.666666666666667,40.800000000000004,3.0444444444444443,0.68,5200,4700,1400,11.49476591378184,10.693580729590668,0.6588420495158585,1.0384444449089145,2.1078425207146436,-0.5481994968646127,0.27906682133727706,0.2692073759361937,-0.6576388888888888,-3.751805555555551,-0.21754629629629638,-0.013749999999999955,-380.0000000000001,553.1249999999999,-103.97916666666671
34,587206.075,517567,1,75,Sin Mo,208.2163027681082,460.3968264651701,14.341133983357802,20.624922736594954,41.43281521066445,8.638052762327872,17.266533371940447,14.756739558849672,7,42.06666666666666,3.2222222222222228,0.69,5800,4400,1500,-9.796701592170182,-9.113871491196075,-0.7787203040106971,-0.8286907669351271,-1.8594135201752295,0.7696934393491417,0.591249586319568,0.0819724261031022,-0.7243055555555554,-5.018472222222227,-0.10199074074074034,-0.0057500000000000355,-120.00000000000003,-366.87499999999983,28.02083333333326
35,587204.105,517565,2,100,Completo,310.7478583740179,555.7819326453505,21.60809473204378,30.20570722286271,61.14814020345857,6.680445520543301,16.929640308754806,15.21210180877236,7,41.96666666666667,3.077777777777778,0.7,5600,4300,1700,38.70216166525465,36.00462099718641,2.7687288644530224,3.629508621495318,7.254423484882212,-1.0267574585841375,0.5674191683775406,0.361959340856661,0.6368055555555554,-1.819027777777781,-0.29106481481481444,-0.010250000000000009,790.0000000000009,-296.87500000000006,134.35416666666669
36,587202.04,517564,2,100,Sin Zn,261.6401581224542,510.09703910132,18.17630048949416,25.802104223548298,51.98373933827696,8.667666223947801,16.95038721713169,14.767257461653461,5.333333333333333,47.46666666666666,3.211111111111111,0.7,4500,5000,1600,16.113034078500657,14.989955603231367,1.263744611303024,1.783266890794153,3.2680753505738043,0.7025292329126422,0.4923947997021053,0.08896545748853832,-0.819444444444445,1.2597222222222186,-0.10787037037037048,-0.008750000000000008,250,225.00000000000009,116.66666666666664
37,587200.115,517562,2,100,Sin N,126.97960998163278,384.8223311659092,8.792749658504807,11.910044883022156,25.5489102087029,8.567286987597425,17.095034890751798,14.238334138657187,5,40.53333333333334,2.6666666666666665,0.67,3700,5100,1900,-81.3768510674702,-75.70488454807055,-5.648312253357593,-8.302481717645438,-16.179861240068398,0.3909886758874235,0.748432647754797,-0.7746041748841579,-0.8298611111111112,-1.3923611111111058,-0.6177314814814818,-0.01624999999999995,449.99999999999966,643.1250000000001,324.35416666666663
38,587197.782,517560,2,75,Sin N,216.55137943988112,468.1509482929206,14.96107532768393,20.9846774760165,43.42859168005735,6.631368433301368,16.26624602182283,14.76168545262504,4.666666666666667,37.800000000000004,2.8555555555555556,0.67,4000,4300,2000,51.08086276631284,47.52052663150346,3.5503869595312123,5.04419010998824,10.301441319821176,-0.6584804554962329,-0.11732536898366365,-0.21168725422281712,-0.07986111111111047,-5.070138888888889,-0.2246759259259259,-4.166666666666496e-4,-216.66666666666654,-231.87499999999923,-33.1458333333332
39,587196.259,517559,2,75,Sin K,242.55184562597793,492.339181985847,17.125574705023062,24.008035062235408,48.48168930321162,7.475420374491737,16.569129671904555,14.830855972565306,6,40.93333333333333,3.1111111111111116,0.69,5500,4000,2300,58.31901237730006,54.25417721460376,4.448191052934347,6.147695714341718,11.887357109057099,0.29985681059123825,0.1886159878279803,0.489938080282735,0.7638888888888863,0.7986111111111303,0.09907407407407423,0.007083333333333473,208.3333333333301,-425.00000000000335,296.6666666666662
40,587194.193,517557,2,75,Sin Fe,214.47950679586268,466.2234851721901,14.896289638923177,20.867765845073283,42.694481335514574,8.317815276870693,16.84853679988465,15.00214330744854,5,42.03333333333333,3.355555555555556,0.71,6700,4500,1800,11.040498466097196,10.270975723009565,0.7703825515483882,1.094116624945969,2.24434487836787,0.9124160770714597,0.2104321443111836,0.19527392729944792,-0.6527777777777782,0.2819444444444421,0.268518518518519,0.01208333333333333,708.3333333333336,-299.99999999999886,-3.3333333333330533
41,587192.224,517555,3,100,Sin N,247.49351752792455,496.936419356228,17.160500587598666,23.927717431718307,49.5427734555225,6.493447803874131,16.319340574133697,16.300318901746977,7.666666666666667,50.666666666666664,3.6222222222222222,0.7,2900,5200,1500,44.53241347976002,41.4285042602214,3.1140634723029863,4.316408108526564,8.929761659446184,-0.4868378283323631,-0.10210897066048302,1.1164389353186326,0.7083333333333331,0.4749999999999994,0.22833333333333355,0.009999999999999976,-299.99999999999943,427.5000000000001,-280.74999999999994
42,587190.146,517554,3,100,Sin P,229.1841886509458,479.9032507019746,15.755493495217394,22.435996795891672,45.30510053468727,6.616224100728196,16.458807870927757,14.838557267230524,7.333333333333333,49.666666666666664,3.4,0.7,5400,5100,1500,0.2004193891301771,0.18645015770715512,0.0077811055162334,0.06731702512288795,-0.007678791167702648,0.06277609877880205,0.03941488212628769,-0.10178236556688605,-0.3583333333333337,-1.891666666666667,-0.09611111111111116,-1.929879867024198e-17,800.0000000000003,-32.5,-12.750000000000007
43,587191.692,517552,3,100,Sin Mg y S,240.96117387771207,490.85938005843815,16.58198554388247,23.610598726230702,47.60023961859808,6.934701451703636,16.47939119316805,14.77447718229922,7.666666666666667,54.833333333333336,3.4000000000000004,0.72,3400,5000,1900,24.104506564431524,22.42442245689373,1.5459689328554698,2.4349864296235437,4.521089477330524,0.41460003271846607,-0.09634385550014357,-0.3010096596805743,-0.3583333333333335,0.7350000000000041,-0.507222222222222,0.010000000000000005,-1120.0000000000005,-232.49999999999997,299.25
44,587193.77,517553,3,100,Completo,248.17605435765364,497.5713833689292,17.193494884141167,24.189551566518677,49.33806394464203,6.841660356244952,16.530103495043477,14.771440404066292,7.666666666666667,54.666666666666664,3.6999999999999997,0.71,4800,5000,1700,-18.474285350171172,-17.186627661261703,-1.251246186882873,-1.7854297573728672,-3.4398931212393444,0.3304700566210226,0.09303505286903196,-0.2496437167364062,0.17499999999999988,2.614999999999994,0.22166666666666668,-0.004000000000000012,40.00000000000007,87.49999999999994,-70.74999999999999
45,587195.739,517555,2,75,Control,243.04254133330625,492.79567620237873,16.957993920739654,23.76125323608293,48.39161924588045,8.450982683866304,16.596337119273574,14.771509758998496,5,47.599999999999994,3.3111111111111113,0.67,4400,4300,1900,78.91050669137672,73.41044437499649,5.73894100214904,7.828268609814176,15.93182758911815,1.0247483504705692,0.19326246224133345,0.0058686918242196046,0.25347222222222293,3.5365277777777706,0.2242129629629629,0.011583333333333298,243.3333333333334,-11.874999999999407,110.85416666666684
46,587197.805,517557,2,75,Sin B,256.94972184499886,505.73352623240646,18.098133134069215,25.34556469232888,51.26088032070851,8.133049562655302,16.42002005507297,14.77185603034208,4.666666666666667,47,3.2444444444444445,0.71,5800,4400,1700,82.03627865924037,76.31835003669813,6.095601770012275,8.361003719067678,16.552365079302174,0.35821112190794635,0.13210963045694743,0.027186625059064835,0.26388888888888967,2.4319444444444462,-0.075925925925926,0.01208333333333328,133.3333333333337,-249.9999999999993,-178.33333333333317
47,587199.328,517558,2,75,Sin Cu,234.60588568763936,484.9470554552132,16.370593814432546,22.87395482604952,46.90070074451129,7.067695768867427,16.520251381960204,14.771425110311512,5.333333333333333,46.199999999999996,3.088888888888889,0.71,4800,4600,1800,65.38507211175143,60.82773258556752,4.6296443863049594,6.4450968928844325,13.309769330758272,-0.02124375917790749,0.27535112581530463,0.053567268213757006,0.5868055555555566,2.6365277777777685,0.048657407407407344,0.013583333333333305,-696.6666666666658,-211.87499999999963,-81.14583333333357
48,587201.661,517560,2,100,Sin Mn,188.17683841530146,441.7541127777539,13.134799884721755,18.120869755194413,37.6826563287205,8.168347282392022,16.717538904966478,14.77098792792661,6.333333333333333,43,3.4,0.72,5100,4300,1400,-24.232859830925655,-22.54382950071084,-1.5521329056605144,-2.5292367056386036,-4.652034501398802,0.49749713575957377,0.32346893515408165,0.01905816820539224,0.03680555555555545,-1.6323611111111092,-0.07773148148148148,0.0037500000000000077,570.0000000000002,-196.87499999999991,-95.64583333333336
49,587203.586,517562,2,100,Sin Fe,267.7705754186346,515.8001663119599,18.67277101463703,26.334588472618876,53.17385740973218,8.475496056864344,16.660593379482005,14.77120636943765,7,36.6,3.0222222222222226,0.72,4300,4800,1400,21.44562271333448,19.95086281021665,1.516490383552559,2.288900017852229,4.122099864050359,0.18364743415270987,0.05945787171803378,-0.07522861740493045,0.2638888888888881,-4.206944444444441,-0.2689814814814811,0.006250000000000052,-725,75.00000000000054,54.166666666666856
50,587205.651,517563,2,100,Sin P,282.38406347892305,529.3950942544487,19.612267168869977,27.598567677766354,55.73599966372686,6.998413441942849,16.62503709663575,14.771442654143952,4,39.166666666666664,3.1111111111111107,0.68,3600,4600,1300,48.00493721616901,44.658993092208064,3.469929982602095,4.6286706295217215,9.307460685176903,-0.7510472395100539,0.2804914096314616,0.002044674233541155,-2.563194444444444,-4.125694444444445,-0.2755092592592596,-0.016249999999999924,-1050,-216.87499999999991,-7.645833333333474
51,587207.621,517565,1,75,Sin B,234.38527309722323,484.74181956234855,16.167463196993857,23.028856445181873,46.51699711271385,8.261402224406721,16.71447169759264,14.771407308141105,6,40,3.488888888888889,0.68,4800,3800,1500,-1.923743404979791,-1.7896584896521368,-0.25192920113687584,-0.19009238267924428,-0.28618517582270797,0.12139661144978325,0.24706846004951413,0.04550050643258515,-0.5138888888888892,-3.543055555555555,0.18009259259259244,-0.011249999999999953,-949.9999999999994,-424.99999999999983,70.83333333333327
52,587209.552,517567,1,75,Sin Mg y S,226.6385519772481,477.53504490443294,15.664691750326035,22.065631172485908,44.98154834421699,7.002848472223735,16.739859540222213,14.78830495169316,7.666666666666667,42.266666666666666,3.2000000000000006,0.67,5900,4300,1300,-14.123101277880755,-13.138721118814406,-1.152437147631796,-1.673547021557681,-2.706407408340664,-0.1919833755621245,0.022509832614605898,-0.05791202713165205,-0.25763888888888875,-3.4851388888888906,-0.3819907407407404,-0.013749999999999958,280.0000000000001,-266.875,-103.97916666666671
53,587211.663,517569,1,75,Sin Fe,202.91811991894707,455.4679269605941,14.268376489088714,19.63696663157556,40.1047884150544,7.114376127756552,16.968217113342373,14.723062330157436,8.666666666666666,45.300000000000004,3.0555555555555554,0.69,5700,4800,1200,-61.916461727262934,-57.60088434487881,-4.274391632359865,-6.371070443151669,-12.440015089222529,-0.6561902442522636,0.1506196448418067,-0.06504444641716042,0.902777777777776,4.573611111111118,-0.01990740740740778,-0.0012500000000000148,-375,425.0000000000006,-154.16666666666652
54,587213.632,517570,1,100,Sin Mo,240.6377270123093,490.55847743955104,16.906989679135897,23.73661571011339,47.82461431167745,8.349157243537224,16.61021252649387,14.7725972264649,9.666666666666666,45.26666666666667,3.377777777777778,0.72,6000,4800,940,-20.261221723503702,-18.849014569377765,-1.243238151942283,-1.989037028056024,-4.069235507697347,-0.40565150235390746,-0.02810211131751456,0.05826448702484154,0.8590277777777768,-0.874027777777772,-0.15060185185185151,0.008416666666666711,1046.666666666666,108.12499999999937,-74.4791666666669
55,587215.742,517572,1,100,Sin P,263.02659313464585,511.386839593164,18.48154829250872,25.910174385632427,52.057169240358554,8.449226259820819,16.515090257826976,14.77112535472331,10.666666666666666,38.6,3.5222222222222217,0.71,4800,4900,860,-32.74810644455278,-30.46556342536905,-2.0776499278329523,-3.294110517212119,-6.46603678532163,0.3345984061583335,-0.008948242104414184,0.02048997838739451,1.9923611111111086,-3.6673611111111093,0.14717592592592535,0.02041666666666668,66.66666666666598,508.1249999999992,1.5208333333331048
56,587217.533,517574,1,100,Sin Mn,309.70448809759563,554.8112852772005,21.564362627899754,30.478867544831353,61.612798291081795,8.299016280380203,16.57371549283729,14.722571869669686,8.333333333333334,49.666666666666664,3.377777777777778,0.72,3600,3800,1200,35.89921653492395,33.39704114244335,2.460568803443695,3.594373229398422,7.18344041383227,0.26299896153817226,1.5271009779311076e-4,-0.010595286477036635,-0.07430555555555564,6.059305555555555,-0.08837962962962921,0.010416666666666689,-1013.3333333333342,-271.8750000000007,153.52083333333323
