Variable_suelo,Variable_cultivo,Escenario,Moran_bivariado,Sim_Q025,Sim_Mediana,Sim_Q975,p_Monte_Carlo_informativo,Clasificacion
Suelo_CE,Altura,Original,-0.13888940965123134,-0.20814231574603792,-0.001052624353205674,0.20519181682958812,0.232,Compatible con la referencia permutada
Suelo_CE,Altura,Residual_ajustado,-0.01825609281569754,-0.17597457686073883,-0.0023852461328845364,0.18017942966300068,0.863,Compatible con la referencia permutada
Suelo_CE,Calcio_savia,Original,-0.48791103933676827,-0.21917932853697636,6.07002442550253e-4,0.21706360165166916,0.001,Asociación espacial negativa menor que la referencia
Suelo_CE,Calcio_savia,Residual_ajustado,0.02830319397037317,-0.17654357449919425,-0.0021502463316757144,0.16743537172685402,0.731,Compatible con la referencia permutada
Suelo_CE,Diametro,Original,0.03519159194753354,-0.21692331584701469,-0.001848716237076351,0.23474131725969835,0.732,Compatible con la referencia permutada
Suelo_CE,Diametro,Residual_ajustado,0.07870305117455328,-0.16042919558281687,0.008021825035313509,0.18307418223653837,0.43,Compatible con la referencia permutada
Suelo_CE,Macollas,Original,0.43610023756709854,-0.1985458054913719,-0.004943971485550124,0.2101971481372962,0.001,Asociación espacial positiva mayor que la referencia
Suelo_CE,Macollas,Residual_ajustado,0.033138412119928594,-0.18293661330119906,3.6644183418569194e-4,0.17158373860522178,0.712,Compatible con la referencia permutada
Suelo_CE,NDVI,Original,0.01452653482620777,-0.20842627233908978,-0.005030408534514685,0.22005373497380476,0.85,Compatible con la referencia permutada
Suelo_CE,NDVI,Residual_ajustado,0.21990882516760832,-0.17686430055889327,-0.0043466116802337055,0.16326716861745824,0.015,Asociación espacial positiva mayor que la referencia
Suelo_CE,Nitratos,Original,-0.18516891109361006,-0.22114781147233722,0.002662219404553892,0.20436817089374681,0.086,Compatible con la referencia permutada
Suelo_CE,Nitratos,Residual_ajustado,-0.04623874371096957,-0.1771675281447379,6.317307435002322e-4,0.17204972175128186,0.611,Compatible con la referencia permutada
Suelo_CE,Potasio_savia,Original,-0.46605184545544015,-0.22497219867042634,9.043946074942157e-4,0.23213735681733066,0.001,Asociación espacial negativa menor que la referencia
Suelo_CE,Potasio_savia,Residual_ajustado,-0.23816121501565912,-0.16496818355402765,0.005386244453852211,0.17379512373672246,0.005,Asociación espacial negativa menor que la referencia
Suelo_CE_corregida_OLS,Altura,Original,-0.13888940965123173,-0.1992985328201482,0.004377012182832776,0.21384770942815393,0.188,Compatible con la referencia permutada
Suelo_CE_corregida_OLS,Altura,Residual_ajustado,-0.018256092815697508,-0.16791699812694852,-0.0014401829889659845,0.16353769898785103,0.852,Compatible con la referencia permutada
Suelo_CE_corregida_OLS,Calcio_savia,Original,-0.48791103933676616,-0.21777059160090112,-0.0018925222716075964,0.21231950260812535,0.001,Asociación espacial negativa menor que la referencia
Suelo_CE_corregida_OLS,Calcio_savia,Residual_ajustado,0.028303193970375406,-0.17079180747589495,-0.0051977273768151686,0.1708390912156732,0.708,Compatible con la referencia permutada
Suelo_CE_corregida_OLS,Diametro,Original,0.035191591947532595,-0.19677205502093584,9.335849787015931e-4,0.23732759148847188,0.754,Compatible con la referencia permutada
Suelo_CE_corregida_OLS,Diametro,Residual_ajustado,0.07870305117455206,-0.17847879912694117,0.004939214441428083,0.17319955669017095,0.451,Compatible con la referencia permutada
Suelo_CE_corregida_OLS,Macollas,Original,0.4361002375670974,-0.2023632587458399,0.007059246572834226,0.22176541532945318,0.001,Asociación espacial positiva mayor que la referencia
Suelo_CE_corregida_OLS,Macollas,Residual_ajustado,0.033138412119929926,-0.16943165797656978,0.004077844895593969,0.1713554122682906,0.736,Compatible con la referencia permutada
Suelo_CE_corregida_OLS,NDVI,Original,0.014526534826211655,-0.2063074618614627,-0.0062434277870201775,0.2212127484272313,0.858,Compatible con la referencia permutada
Suelo_CE_corregida_OLS,NDVI,Residual_ajustado,0.21990882516761334,-0.18127275319775427,-0.005101817225601466,0.16996894393519882,0.008,Asociación espacial positiva mayor que la referencia
Suelo_CE_corregida_OLS,Nitratos,Original,-0.18516891109361122,-0.2095063893743639,0.006728697153939576,0.22920035023348434,0.081,Compatible con la referencia permutada
Suelo_CE_corregida_OLS,Nitratos,Residual_ajustado,-0.04623874371097091,-0.17420895451552174,4.003970467562426e-4,0.18078886769481292,0.601,Compatible con la referencia permutada
Suelo_CE_corregida_OLS,Potasio_savia,Original,-0.46605184545544215,-0.22371756790292727,-8.127444266887373e-4,0.2244971222525674,0.001,Asociación espacial negativa menor que la referencia
Suelo_CE_corregida_OLS,Potasio_savia,Residual_ajustado,-0.2381612150156614,-0.17991614218692842,0.004944923182957399,0.1774097114479007,0.01,Asociación espacial negativa menor que la referencia
Suelo_Hv,Altura,Original,0.05473694160156314,-0.1229626503300542,0.0019728286483047114,0.12056090294038331,0.414,Compatible con la referencia permutada
Suelo_Hv,Altura,Residual_ajustado,-0.048155393570319276,-0.11849840089063869,-8.294422531694916e-4,0.12426935479197972,0.441,Compatible con la referencia permutada
Suelo_Hv,Calcio_savia,Original,0.10878134638192236,-0.1314648243307916,-0.006246411792250986,0.12334626266420362,0.087,Compatible con la referencia permutada
Suelo_Hv,Calcio_savia,Residual_ajustado,0.024598475319835264,-0.11321219173815175,6.956833849320966e-4,0.11341197427984458,0.693,Compatible con la referencia permutada
Suelo_Hv,Diametro,Original,0.0869340490693704,-0.13751394586069404,-2.3290331954813165e-4,0.13230938867310127,0.198,Compatible con la referencia permutada
Suelo_Hv,Diametro,Residual_ajustado,0.053511628331695586,-0.11633295833820025,-4.0490538653667685e-4,0.11370550376500553,0.388,Compatible con la referencia permutada
Suelo_Hv,Macollas,Original,-0.06113353264968249,-0.13970288138274606,-0.0018252552578442757,0.12441213457698916,0.362,Compatible con la referencia permutada
Suelo_Hv,Macollas,Residual_ajustado,-0.09881597895805568,-0.11966134358916519,-0.0020886377449214643,0.11289773693006562,0.124,Compatible con la referencia permutada
Suelo_Hv,NDVI,Original,0.07164879260581425,-0.12364614398559887,-0.0015052801727420042,0.13341299545344382,0.28,Compatible con la referencia permutada
Suelo_Hv,NDVI,Residual_ajustado,-0.023779990385072548,-0.11564344772673135,3.8704413920001996e-4,0.12112621662588555,0.696,Compatible con la referencia permutada
Suelo_Hv,Nitratos,Original,0.03290164656753896,-0.13747791564111375,0.006017861862722383,0.12788463458785537,0.675,Compatible con la referencia permutada
Suelo_Hv,Nitratos,Residual_ajustado,0.018702862203930495,-0.12133030033243777,0.0025189509742098563,0.12162131977685901,0.797,Compatible con la referencia permutada
Suelo_Hv,Potasio_savia,Original,0.057020151958248555,-0.13459643198523527,-0.0015061857832830794,0.12844283304227713,0.39,Compatible con la referencia permutada
Suelo_Hv,Potasio_savia,Residual_ajustado,-0.11771239136280925,-0.12116069055656037,0.002313307811097296,0.1149850538040042,0.052,Compatible con la referencia permutada
Suelo_K,Altura,Original,-0.13924705526055156,-0.22242977299523428,-0.0013078641963284513,0.22791273242263704,0.214,Compatible con la referencia permutada
Suelo_K,Altura,Residual_ajustado,-0.01742858133097855,-0.17590983329969778,8.459932831675973e-4,0.1848156117927957,0.836,Compatible con la referencia permutada
Suelo_K,Calcio_savia,Original,-0.4856604700619659,-0.2139626818779462,0.0037855691319220036,0.2362059603091643,0.001,Asociación espacial negativa menor que la referencia
Suelo_K,Calcio_savia,Residual_ajustado,0.029101515916785024,-0.17991538886443262,-0.007027863499640956,0.16771573906603487,0.708,Compatible con la referencia permutada
Suelo_K,Diametro,Original,0.03589248965797336,-0.21341142070332214,-0.00653816579680927,0.24087336944983476,0.728,Compatible con la referencia permutada
Suelo_K,Diametro,Residual_ajustado,0.0791137786964981,-0.17158841234100852,-0.0025955388280789445,0.17386652542485212,0.37,Compatible con la referencia permutada
Suelo_K,Macollas,Original,0.43508972195960843,-0.20364525632044514,0.0060506445481086175,0.20985379169081256,0.001,Asociación espacial positiva mayor que la referencia
Suelo_K,Macollas,Residual_ajustado,0.03906134688506756,-0.17005962020873042,4.452259172878246e-4,0.16066376192421392,0.657,Compatible con la referencia permutada
Suelo_K,NDVI,Original,0.018765819731446073,-0.2196399039832614,-0.0028853716889364577,0.19259648623315573,0.856,Compatible con la referencia permutada
Suelo_K,NDVI,Residual_ajustado,0.2260477296569394,-0.1676905873494151,0.004033173338033993,0.17702471915744583,0.011,Asociación espacial positiva mayor que la referencia
Suelo_K,Nitratos,Original,-0.18813707420486217,-0.2183539558526763,-0.0011912613401535562,0.21373763850094218,0.095,Compatible con la referencia permutada
Suelo_K,Nitratos,Residual_ajustado,-0.047571638549729574,-0.18036323329681472,-0.0011345947350511955,0.17072099052622047,0.616,Compatible con la referencia permutada
Suelo_K,Potasio_savia,Original,-0.4675554077917657,-0.2171145480887501,0.006317941736203427,0.22028187019458756,0.001,Asociación espacial negativa menor que la referencia
Suelo_K,Potasio_savia,Residual_ajustado,-0.24118505220013764,-0.16914208766727254,3.7439413322482175e-4,0.17193803586247774,0.005,Asociación espacial negativa menor que la referencia
Suelo_N,Altura,Original,-0.1405924160558116,-0.22169345319353936,0.00335273436010642,0.20237538639413796,0.185,Compatible con la referencia permutada
Suelo_N,Altura,Residual_ajustado,-0.018270041198085948,-0.1747846373486522,-0.0028155595605558834,0.1709299965376733,0.856,Compatible con la referencia permutada
Suelo_N,Calcio_savia,Original,-0.48955454902734385,-0.22103951648656447,-7.99508972261834e-4,0.21651718283753196,0.001,Asociación espacial negativa menor que la referencia
Suelo_N,Calcio_savia,Residual_ajustado,0.02945548409202688,-0.17524265531268157,0.0036635170748930378,0.17467535561584566,0.758,Compatible con la referencia permutada
Suelo_N,Diametro,Original,0.03635721221737167,-0.2013393417294712,-0.008263389375661975,0.22341086224819998,0.666,Compatible con la referencia permutada
Suelo_N,Diametro,Residual_ajustado,0.07840975072477384,-0.1832104091776985,-0.0043475302150818435,0.1657734975483153,0.367,Compatible con la referencia permutada
Suelo_N,Macollas,Original,0.4405703808117531,-0.2191682950202283,-9.570996968853065e-4,0.2091501739317935,0.001,Asociación espacial positiva mayor que la referencia
Suelo_N,Macollas,Residual_ajustado,0.04047907281460204,-0.17973831691102807,-5.873126383933226e-4,0.18125154409219238,0.649,Compatible con la referencia permutada
Suelo_N,NDVI,Original,0.014518394706842111,-0.2067489819161148,2.448522555241028e-4,0.19710877110729175,0.899,Compatible con la referencia permutada
Suelo_N,NDVI,Residual_ajustado,0.22605842944438503,-0.1576953325173375,-0.002410647610186596,0.17769763497471647,0.009,Asociación espacial positiva mayor que la referencia
Suelo_N,Nitratos,Original,-0.18168712449563237,-0.21530350951964872,0.0032802337085067186,0.21482300231021462,0.102,Compatible con la referencia permutada
Suelo_N,Nitratos,Residual_ajustado,-0.04581893917729063,-0.16277638263271013,-0.004621308498907118,0.16909614148639293,0.654,Compatible con la referencia permutada
Suelo_N,Potasio_savia,Original,-0.4695350485218294,-0.20642792279894026,0.0019295019018606653,0.21747730316155534,0.001,Asociación espacial negativa menor que la referencia
Suelo_N,Potasio_savia,Residual_ajustado,-0.23858349271597154,-0.17080094678662658,0.002180756427346203,0.17411983165359646,0.009,Asociación espacial negativa menor que la referencia
Suelo_P,Altura,Original,-0.14096836390630366,-0.2054711709605612,-0.0010797229286244982,0.2131192736918698,0.204,Compatible con la referencia permutada
Suelo_P,Altura,Residual_ajustado,-0.016548655696618154,-0.17126606500517577,-1.9557295193088688e-4,0.1780247557828212,0.854,Compatible con la referencia permutada
Suelo_P,Calcio_savia,Original,-0.49084610318436167,-0.20374899829678864,-0.0050214374030291276,0.21611973726344247,0.001,Asociación espacial negativa menor que la referencia
Suelo_P,Calcio_savia,Residual_ajustado,0.028915046189600634,-0.17001766823208012,-0.0017053686246272196,0.1807652899637197,0.741,Compatible con la referencia permutada
Suelo_P,Diametro,Original,0.035169022528621176,-0.1979994148323408,-0.001430527371069708,0.23153094203371827,0.737,Compatible con la referencia permutada
Suelo_P,Diametro,Residual_ajustado,0.0816847226542246,-0.16456186361018108,-0.003862781204809914,0.16763954496930011,0.346,Compatible con la referencia permutada
Suelo_P,Macollas,Original,0.43829781097529463,-0.21564954710084822,0.004336188822731566,0.216523450348437,0.001,Asociación espacial positiva mayor que la referencia
Suelo_P,Macollas,Residual_ajustado,0.034532417539959975,-0.18312595385099806,0.0017276681043769638,0.1628791835171857,0.707,Compatible con la referencia permutada
Suelo_P,NDVI,Original,0.01253728992496482,-0.21811232820054338,-0.008209655459349041,0.20593084614918095,0.852,Compatible con la referencia permutada
Suelo_P,NDVI,Residual_ajustado,0.22185902231547755,-0.1671650228527534,-0.004468928684603347,0.17933415998558486,0.013,Asociación espacial positiva mayor que la referencia
Suelo_P,Nitratos,Original,-0.1853603325878844,-0.2179871577926325,0.0035133531715711395,0.2142520227384159,0.094,Compatible con la referencia permutada
Suelo_P,Nitratos,Residual_ajustado,-0.04770785065389532,-0.17153047180227404,-0.0012507996517363631,0.17283877249860033,0.596,Compatible con la referencia permutada
Suelo_P,Potasio_savia,Original,-0.4705455107784667,-0.2315281985929319,0.0034437972571956217,0.2115383596533379,0.001,Asociación espacial negativa menor que la referencia
Suelo_P,Potasio_savia,Residual_ajustado,-0.24009653112552307,-0.17432100978764165,0.007039303837196337,0.18009903552585121,0.007,Asociación espacial negativa menor que la referencia
Suelo_pH,Altura,Original,-0.16569951793746812,-0.1729158749906457,4.906549979037595e-4,0.18266551359353367,0.07,Compatible con la referencia permutada
Suelo_pH,Altura,Residual_ajustado,0.04069621260016707,-0.12056331557544948,-0.0020094564463878496,0.1185781603906424,0.502,Compatible con la referencia permutada
Suelo_pH,Calcio_savia,Original,-0.4524624389314798,-0.1715722966694981,0.0030570760122461444,0.16995189670262809,0.001,Asociación espacial negativa menor que la referencia
Suelo_pH,Calcio_savia,Residual_ajustado,0.011442876765914243,-0.11676173338571266,-0.0038722384051044913,0.11273209877986266,0.807,Compatible con la referencia permutada
Suelo_pH,Diametro,Original,0.05216800097822811,-0.1752254534794856,-5.358638542967226e-4,0.17647819306848508,0.566,Compatible con la referencia permutada
Suelo_pH,Diametro,Residual_ajustado,0.08934948594693572,-0.10749606031056996,-0.0021031644151467237,0.11861030985070226,0.112,Compatible con la referencia permutada
Suelo_pH,Macollas,Original,0.1938083154887305,-0.17401047291012994,0.007620019768737707,0.18527029033550682,0.044,Asociación espacial positiva mayor que la referencia
Suelo_pH,Macollas,Residual_ajustado,0.063454114387136,-0.11393694226005854,-9.282532832200987e-4,0.10951007218420489,0.268,Compatible con la referencia permutada
Suelo_pH,NDVI,Original,0.05690084446045,-0.1773396499510746,-0.00458981681988478,0.18875972204835328,0.513,Compatible con la referencia permutada
Suelo_pH,NDVI,Residual_ajustado,0.06703806469234988,-0.12446190758985619,0.003753486694999117,0.1232525140397667,0.309,Compatible con la referencia permutada
Suelo_pH,Nitratos,Original,-0.2362468400699848,-0.1918093576061744,0.004202004473242792,0.18609884097405577,0.01,Asociación espacial negativa menor que la referencia
Suelo_pH,Nitratos,Residual_ajustado,-0.03226663382625198,-0.1279795185402181,-0.001100652187903168,0.11487078534395215,0.622,Compatible con la referencia permutada
Suelo_pH,Potasio_savia,Original,-0.287497496540096,-0.18836875968593753,0.0032389587617892165,0.17631226861087562,0.002,Asociación espacial negativa menor que la referencia
Suelo_pH,Potasio_savia,Residual_ajustado,-0.023502634133949343,-0.11262516328619893,-0.0014438166702656057,0.12178048558636516,0.707,Compatible con la referencia permutada
Suelo_T,Altura,Original,-0.1131960956447941,-0.16372119372528476,-0.0030248156716865824,0.16160425289066643,0.18,Compatible con la referencia permutada
Suelo_T,Altura,Residual_ajustado,-0.13418020989102192,-0.1537436621385989,0.0010284508014249084,0.14499117012924603,0.081,Compatible con la referencia permutada
Suelo_T,Calcio_savia,Original,-0.10544999615453941,-0.15386524065078058,-0.002866403670124561,0.16044690375251164,0.22,Compatible con la referencia permutada
Suelo_T,Calcio_savia,Residual_ajustado,0.043305001797133286,-0.15851386009146573,8.820409403949455e-4,0.1557316160414205,0.609,Compatible con la referencia permutada
Suelo_T,Diametro,Original,-0.1228048952938048,-0.1634499367625818,7.158676885543799e-4,0.16371730333500584,0.152,Compatible con la referencia permutada
Suelo_T,Diametro,Residual_ajustado,-0.1648567604095695,-0.15751372782228223,-0.0053585084815495785,0.14810477603955063,0.04,Asociación espacial negativa menor que la referencia
Suelo_T,Macollas,Original,0.15556276998796298,-0.1526719905382982,0.002205464242624826,0.16236890205234575,0.054,Compatible con la referencia permutada
Suelo_T,Macollas,Residual_ajustado,-0.06660654753761962,-0.15631714873838615,-0.0025525893333325626,0.1474354971517008,0.422,Compatible con la referencia permutada
Suelo_T,NDVI,Original,-0.04960839548600728,-0.15349856486320815,-0.0046529074267446,0.16195444055642508,0.586,Compatible con la referencia permutada
Suelo_T,NDVI,Residual_ajustado,-0.0620940508678257,-0.15899732715725381,-0.005702539782026735,0.14809291460687243,0.473,Compatible con la referencia permutada
Suelo_T,Nitratos,Original,0.05743524685682483,-0.16889191052985159,9.739194795586926e-4,0.16948403752868818,0.515,Compatible con la referencia permutada
Suelo_T,Nitratos,Residual_ajustado,0.003912573147117848,-0.1456127414844128,0.0027065487783731784,0.14047395312293703,0.985,Compatible con la referencia permutada
Suelo_T,Potasio_savia,Original,-0.10089924681381146,-0.16822641545544087,-0.003647134644071421,0.16293097435686177,0.274,Compatible con la referencia permutada
Suelo_T,Potasio_savia,Residual_ajustado,3.9130780917606364e-5,-0.1430196105735744,3.3701979723632056e-4,0.15387786565841347,0.992,Compatible con la referencia permutada
